Copyright 1986-2019 Xilinx, Inc. All Rights Reserved.
----------------------------------------------------------------------------------------------------------------------------------------------------------------------------------------
| Tool Version : Vivado v.2019.2 (win64) Build 2708876 Wed Nov  6 21:40:23 MST 2019
| Date         : Sun Aug 30 00:08:23 2026
| Host         : LAPTOP-C1GK89UB running 64-bit major release  (build 9200)
| Command      : report_timing -delay_type max -max_paths 10 -sort_by group -file D:/ZYNQ/smallproject/.worktrees/portable-contest-platform/generated/reports/soc-demo/timing_paths.rpt
| Design       : SoCTop
| Device       : 7z015-clg485
| Speed File   : -2  PRODUCTION 1.11 2014-09-11
----------------------------------------------------------------------------------------------------------------------------------------------------------------------------------------

Timing Report

Slack (MET) :             0.773ns  (required time - arrival time)
  Source:                 core/idEx_rs1_reg[2]/C
                            (rising edge-triggered cell FDRE clocked by soc_clock  {rise@0.000ns fall@5.000ns period=10.000ns})
  Destination:            externalImemRequest/ram_reg[39]/R
                            (rising edge-triggered cell FDRE clocked by soc_clock  {rise@0.000ns fall@5.000ns period=10.000ns})
  Path Group:             soc_clock
  Path Type:              Setup (Max at Slow Process Corner)
  Requirement:            10.000ns  (soc_clock rise@10.000ns - soc_clock rise@0.000ns)
  Data Path Delay:        8.700ns  (logic 2.581ns (29.667%)  route 6.119ns (70.333%))
  Logic Levels:           14  (CARRY4=3 LUT2=1 LUT4=2 LUT5=2 LUT6=6)
  Clock Path Skew:        -0.039ns (DCD - SCD + CPR)
    Destination Clock Delay (DCD):    0.748ns = ( 10.748 - 10.000 ) 
    Source Clock Delay      (SCD):    0.787ns
    Clock Pessimism Removal (CPR):    0.000ns
  Clock Uncertainty:      0.035ns  ((TSJ^2 + TIJ^2)^1/2 + DJ) / 2 + PE
    Total System Jitter     (TSJ):    0.071ns
    Total Input Jitter      (TIJ):    0.000ns
    Discrete Jitter          (DJ):    0.000ns
    Phase Error              (PE):    0.000ns

    Location             Delay type                Incr(ns)  Path(ns)    Netlist Resource(s)
  -------------------------------------------------------------------    -------------------
                         (clock soc_clock rise edge)
                                                      0.000     0.000 r  
                                                      0.000     0.000 r  clock (IN)
                         net (fo=2268, unset)         0.787     0.787    core/clock
                         FDRE                                         r  core/idEx_rs1_reg[2]/C
  -------------------------------------------------------------------    -------------------
                         FDRE (Prop_fdre_C_Q)         0.397     1.184 r  core/idEx_rs1_reg[2]/Q
                         net (fo=3, unplaced)         0.617     1.801    core/frontend/queue/ram_ext/D[2]
                         LUT4 (Prop_lut4_I1_O)        0.232     2.033 r  core/frontend/queue/ram_ext/nextPc[31]_i_22/O
                         net (fo=1, unplaced)         0.807     2.840    core/frontend/queue/ram_ext/nextPc[31]_i_22_n_0
                         LUT5 (Prop_lut5_I0_O)        0.105     2.945 f  core/frontend/queue/ram_ext/nextPc[31]_i_18/O
                         net (fo=127, unplaced)       0.453     3.398    core/frontend/queue/ram_ext/exMem_inst_reg[9]
                         LUT6 (Prop_lut6_I5_O)        0.105     3.503 r  core/frontend/queue/ram_ext/nextPc[31]_i_19/O
                         net (fo=31, unplaced)        0.652     4.155    core/frontend/queue/ram_ext/nextPc[31]_i_19_n_0
                         LUT6 (Prop_lut6_I1_O)        0.105     4.260 r  core/frontend/queue/ram_ext/nextPc[3]_i_4/O
                         net (fo=16, unplaced)        0.836     5.096    core/frontend/queue/ram_ext/memWb_writeData_reg[3]
                         LUT6 (Prop_lut6_I0_O)        0.105     5.201 r  core/frontend/queue/ram_ext/ram[70]_i_102/O
                         net (fo=1, unplaced)         0.000     5.201    core/frontend/queue/ram_ext/ram[70]_i_102_n_0
                         CARRY4 (Prop_carry4_S[1]_CO[3])
                                                      0.444     5.645 r  core/frontend/queue/ram_ext/ram_reg[70]_i_64/CO[3]
                         net (fo=1, unplaced)         0.008     5.653    core/frontend/queue/ram_ext/ram_reg[70]_i_64_n_0
                         CARRY4 (Prop_carry4_CI_CO[3])
                                                      0.100     5.753 r  core/frontend/queue/ram_ext/ram_reg[70]_i_28/CO[3]
                         net (fo=1, unplaced)         0.000     5.753    core/frontend/queue/ram_ext/ram_reg[70]_i_28_n_0
                         CARRY4 (Prop_carry4_CI_CO[2])
                                                      0.211     5.964 f  core/frontend/queue/ram_ext/ram_reg[70]_i_12/CO[2]
                         net (fo=1, unplaced)         0.349     6.313    core/frontend/queue/ram_ext/execute/data0
                         LUT5 (Prop_lut5_I4_O)        0.252     6.565 f  core/frontend/queue/ram_ext/ram[70]_i_8/O
                         net (fo=1, unplaced)         0.328     6.893    core/frontend/queue/ram_ext/ram[70]_i_8_n_0
                         LUT6 (Prop_lut6_I0_O)        0.105     6.998 r  core/frontend/queue/ram_ext/ram[70]_i_7/O
                         net (fo=1, unplaced)         0.347     7.345    core/frontend/queue/ram_ext/ram[70]_i_7_n_0
                         LUT4 (Prop_lut4_I3_O)        0.105     7.450 f  core/frontend/queue/ram_ext/ram[70]_i_6/O
                         net (fo=4, unplaced)         0.371     7.821    core/frontend/queue/idEx_valid_reg
                         LUT6 (Prop_lut6_I4_O)        0.105     7.926 r  core/frontend/queue/ram[70]_i_3/O
                         net (fo=1, unplaced)         0.347     8.273    core/frontend/queue/ram[70]_i_3_n_0
                         LUT6 (Prop_lut6_I2_O)        0.105     8.378 r  core/frontend/queue/ram[70]_i_2/O
                         net (fo=35, unplaced)        0.420     8.798    externalImemRequest/maybe_full0
                         LUT2 (Prop_lut2_I1_O)        0.105     8.903 r  externalImemRequest/ram[70]_i_1/O
                         net (fo=31, unplaced)        0.584     9.487    externalImemRequest/ram[70]_i_1_n_0
                         FDRE                                         r  externalImemRequest/ram_reg[39]/R
  -------------------------------------------------------------------    -------------------

                         (clock soc_clock rise edge)
                                                     10.000    10.000 r  
                                                      0.000    10.000 r  clock (IN)
                         net (fo=2268, unset)         0.748    10.748    externalImemRequest/clock
                         FDRE                                         r  externalImemRequest/ram_reg[39]/C
                         clock pessimism              0.000    10.748    
                         clock uncertainty           -0.035    10.712    
                         FDRE (Setup_fdre_C_R)       -0.452    10.260    externalImemRequest/ram_reg[39]
  -------------------------------------------------------------------
                         required time                         10.260    
                         arrival time                          -9.487    
  -------------------------------------------------------------------
                         slack                                  0.773    

Slack (MET) :             0.773ns  (required time - arrival time)
  Source:                 core/idEx_rs1_reg[2]/C
                            (rising edge-triggered cell FDRE clocked by soc_clock  {rise@0.000ns fall@5.000ns period=10.000ns})
  Destination:            externalImemRequest/ram_reg[40]/R
                            (rising edge-triggered cell FDRE clocked by soc_clock  {rise@0.000ns fall@5.000ns period=10.000ns})
  Path Group:             soc_clock
  Path Type:              Setup (Max at Slow Process Corner)
  Requirement:            10.000ns  (soc_clock rise@10.000ns - soc_clock rise@0.000ns)
  Data Path Delay:        8.700ns  (logic 2.581ns (29.667%)  route 6.119ns (70.333%))
  Logic Levels:           14  (CARRY4=3 LUT2=1 LUT4=2 LUT5=2 LUT6=6)
  Clock Path Skew:        -0.039ns (DCD - SCD + CPR)
    Destination Clock Delay (DCD):    0.748ns = ( 10.748 - 10.000 ) 
    Source Clock Delay      (SCD):    0.787ns
    Clock Pessimism Removal (CPR):    0.000ns
  Clock Uncertainty:      0.035ns  ((TSJ^2 + TIJ^2)^1/2 + DJ) / 2 + PE
    Total System Jitter     (TSJ):    0.071ns
    Total Input Jitter      (TIJ):    0.000ns
    Discrete Jitter          (DJ):    0.000ns
    Phase Error              (PE):    0.000ns

    Location             Delay type                Incr(ns)  Path(ns)    Netlist Resource(s)
  -------------------------------------------------------------------    -------------------
                         (clock soc_clock rise edge)
                                                      0.000     0.000 r  
                                                      0.000     0.000 r  clock (IN)
                         net (fo=2268, unset)         0.787     0.787    core/clock
                         FDRE                                         r  core/idEx_rs1_reg[2]/C
  -------------------------------------------------------------------    -------------------
                         FDRE (Prop_fdre_C_Q)         0.397     1.184 r  core/idEx_rs1_reg[2]/Q
                         net (fo=3, unplaced)         0.617     1.801    core/frontend/queue/ram_ext/D[2]
                         LUT4 (Prop_lut4_I1_O)        0.232     2.033 r  core/frontend/queue/ram_ext/nextPc[31]_i_22/O
                         net (fo=1, unplaced)         0.807     2.840    core/frontend/queue/ram_ext/nextPc[31]_i_22_n_0
                         LUT5 (Prop_lut5_I0_O)        0.105     2.945 f  core/frontend/queue/ram_ext/nextPc[31]_i_18/O
                         net (fo=127, unplaced)       0.453     3.398    core/frontend/queue/ram_ext/exMem_inst_reg[9]
                         LUT6 (Prop_lut6_I5_O)        0.105     3.503 r  core/frontend/queue/ram_ext/nextPc[31]_i_19/O
                         net (fo=31, unplaced)        0.652     4.155    core/frontend/queue/ram_ext/nextPc[31]_i_19_n_0
                         LUT6 (Prop_lut6_I1_O)        0.105     4.260 r  core/frontend/queue/ram_ext/nextPc[3]_i_4/O
                         net (fo=16, unplaced)        0.836     5.096    core/frontend/queue/ram_ext/memWb_writeData_reg[3]
                         LUT6 (Prop_lut6_I0_O)        0.105     5.201 r  core/frontend/queue/ram_ext/ram[70]_i_102/O
                         net (fo=1, unplaced)         0.000     5.201    core/frontend/queue/ram_ext/ram[70]_i_102_n_0
                         CARRY4 (Prop_carry4_S[1]_CO[3])
                                                      0.444     5.645 r  core/frontend/queue/ram_ext/ram_reg[70]_i_64/CO[3]
                         net (fo=1, unplaced)         0.008     5.653    core/frontend/queue/ram_ext/ram_reg[70]_i_64_n_0
                         CARRY4 (Prop_carry4_CI_CO[3])
                                                      0.100     5.753 r  core/frontend/queue/ram_ext/ram_reg[70]_i_28/CO[3]
                         net (fo=1, unplaced)         0.000     5.753    core/frontend/queue/ram_ext/ram_reg[70]_i_28_n_0
                         CARRY4 (Prop_carry4_CI_CO[2])
                                                      0.211     5.964 f  core/frontend/queue/ram_ext/ram_reg[70]_i_12/CO[2]
                         net (fo=1, unplaced)         0.349     6.313    core/frontend/queue/ram_ext/execute/data0
                         LUT5 (Prop_lut5_I4_O)        0.252     6.565 f  core/frontend/queue/ram_ext/ram[70]_i_8/O
                         net (fo=1, unplaced)         0.328     6.893    core/frontend/queue/ram_ext/ram[70]_i_8_n_0
                         LUT6 (Prop_lut6_I0_O)        0.105     6.998 r  core/frontend/queue/ram_ext/ram[70]_i_7/O
                         net (fo=1, unplaced)         0.347     7.345    core/frontend/queue/ram_ext/ram[70]_i_7_n_0
                         LUT4 (Prop_lut4_I3_O)        0.105     7.450 f  core/frontend/queue/ram_ext/ram[70]_i_6/O
                         net (fo=4, unplaced)         0.371     7.821    core/frontend/queue/idEx_valid_reg
                         LUT6 (Prop_lut6_I4_O)        0.105     7.926 r  core/frontend/queue/ram[70]_i_3/O
                         net (fo=1, unplaced)         0.347     8.273    core/frontend/queue/ram[70]_i_3_n_0
                         LUT6 (Prop_lut6_I2_O)        0.105     8.378 r  core/frontend/queue/ram[70]_i_2/O
                         net (fo=35, unplaced)        0.420     8.798    externalImemRequest/maybe_full0
                         LUT2 (Prop_lut2_I1_O)        0.105     8.903 r  externalImemRequest/ram[70]_i_1/O
                         net (fo=31, unplaced)        0.584     9.487    externalImemRequest/ram[70]_i_1_n_0
                         FDRE                                         r  externalImemRequest/ram_reg[40]/R
  -------------------------------------------------------------------    -------------------

                         (clock soc_clock rise edge)
                                                     10.000    10.000 r  
                                                      0.000    10.000 r  clock (IN)
                         net (fo=2268, unset)         0.748    10.748    externalImemRequest/clock
                         FDRE                                         r  externalImemRequest/ram_reg[40]/C
                         clock pessimism              0.000    10.748    
                         clock uncertainty           -0.035    10.712    
                         FDRE (Setup_fdre_C_R)       -0.452    10.260    externalImemRequest/ram_reg[40]
  -------------------------------------------------------------------
                         required time                         10.260    
                         arrival time                          -9.487    
  -------------------------------------------------------------------
                         slack                                  0.773    

Slack (MET) :             0.773ns  (required time - arrival time)
  Source:                 core/idEx_rs1_reg[2]/C
                            (rising edge-triggered cell FDRE clocked by soc_clock  {rise@0.000ns fall@5.000ns period=10.000ns})
  Destination:            externalImemRequest/ram_reg[41]/R
                            (rising edge-triggered cell FDRE clocked by soc_clock  {rise@0.000ns fall@5.000ns period=10.000ns})
  Path Group:             soc_clock
  Path Type:              Setup (Max at Slow Process Corner)
  Requirement:            10.000ns  (soc_clock rise@10.000ns - soc_clock rise@0.000ns)
  Data Path Delay:        8.700ns  (logic 2.581ns (29.667%)  route 6.119ns (70.333%))
  Logic Levels:           14  (CARRY4=3 LUT2=1 LUT4=2 LUT5=2 LUT6=6)
  Clock Path Skew:        -0.039ns (DCD - SCD + CPR)
    Destination Clock Delay (DCD):    0.748ns = ( 10.748 - 10.000 ) 
    Source Clock Delay      (SCD):    0.787ns
    Clock Pessimism Removal (CPR):    0.000ns
  Clock Uncertainty:      0.035ns  ((TSJ^2 + TIJ^2)^1/2 + DJ) / 2 + PE
    Total System Jitter     (TSJ):    0.071ns
    Total Input Jitter      (TIJ):    0.000ns
    Discrete Jitter          (DJ):    0.000ns
    Phase Error              (PE):    0.000ns

    Location             Delay type                Incr(ns)  Path(ns)    Netlist Resource(s)
  -------------------------------------------------------------------    -------------------
                         (clock soc_clock rise edge)
                                                      0.000     0.000 r  
                                                      0.000     0.000 r  clock (IN)
                         net (fo=2268, unset)         0.787     0.787    core/clock
                         FDRE                                         r  core/idEx_rs1_reg[2]/C
  -------------------------------------------------------------------    -------------------
                         FDRE (Prop_fdre_C_Q)         0.397     1.184 r  core/idEx_rs1_reg[2]/Q
                         net (fo=3, unplaced)         0.617     1.801    core/frontend/queue/ram_ext/D[2]
                         LUT4 (Prop_lut4_I1_O)        0.232     2.033 r  core/frontend/queue/ram_ext/nextPc[31]_i_22/O
                         net (fo=1, unplaced)         0.807     2.840    core/frontend/queue/ram_ext/nextPc[31]_i_22_n_0
                         LUT5 (Prop_lut5_I0_O)        0.105     2.945 f  core/frontend/queue/ram_ext/nextPc[31]_i_18/O
                         net (fo=127, unplaced)       0.453     3.398    core/frontend/queue/ram_ext/exMem_inst_reg[9]
                         LUT6 (Prop_lut6_I5_O)        0.105     3.503 r  core/frontend/queue/ram_ext/nextPc[31]_i_19/O
                         net (fo=31, unplaced)        0.652     4.155    core/frontend/queue/ram_ext/nextPc[31]_i_19_n_0
                         LUT6 (Prop_lut6_I1_O)        0.105     4.260 r  core/frontend/queue/ram_ext/nextPc[3]_i_4/O
                         net (fo=16, unplaced)        0.836     5.096    core/frontend/queue/ram_ext/memWb_writeData_reg[3]
                         LUT6 (Prop_lut6_I0_O)        0.105     5.201 r  core/frontend/queue/ram_ext/ram[70]_i_102/O
                         net (fo=1, unplaced)         0.000     5.201    core/frontend/queue/ram_ext/ram[70]_i_102_n_0
                         CARRY4 (Prop_carry4_S[1]_CO[3])
                                                      0.444     5.645 r  core/frontend/queue/ram_ext/ram_reg[70]_i_64/CO[3]
                         net (fo=1, unplaced)         0.008     5.653    core/frontend/queue/ram_ext/ram_reg[70]_i_64_n_0
                         CARRY4 (Prop_carry4_CI_CO[3])
                                                      0.100     5.753 r  core/frontend/queue/ram_ext/ram_reg[70]_i_28/CO[3]
                         net (fo=1, unplaced)         0.000     5.753    core/frontend/queue/ram_ext/ram_reg[70]_i_28_n_0
                         CARRY4 (Prop_carry4_CI_CO[2])
                                                      0.211     5.964 f  core/frontend/queue/ram_ext/ram_reg[70]_i_12/CO[2]
                         net (fo=1, unplaced)         0.349     6.313    core/frontend/queue/ram_ext/execute/data0
                         LUT5 (Prop_lut5_I4_O)        0.252     6.565 f  core/frontend/queue/ram_ext/ram[70]_i_8/O
                         net (fo=1, unplaced)         0.328     6.893    core/frontend/queue/ram_ext/ram[70]_i_8_n_0
                         LUT6 (Prop_lut6_I0_O)        0.105     6.998 r  core/frontend/queue/ram_ext/ram[70]_i_7/O
                         net (fo=1, unplaced)         0.347     7.345    core/frontend/queue/ram_ext/ram[70]_i_7_n_0
                         LUT4 (Prop_lut4_I3_O)        0.105     7.450 f  core/frontend/queue/ram_ext/ram[70]_i_6/O
                         net (fo=4, unplaced)         0.371     7.821    core/frontend/queue/idEx_valid_reg
                         LUT6 (Prop_lut6_I4_O)        0.105     7.926 r  core/frontend/queue/ram[70]_i_3/O
                         net (fo=1, unplaced)         0.347     8.273    core/frontend/queue/ram[70]_i_3_n_0
                         LUT6 (Prop_lut6_I2_O)        0.105     8.378 r  core/frontend/queue/ram[70]_i_2/O
                         net (fo=35, unplaced)        0.420     8.798    externalImemRequest/maybe_full0
                         LUT2 (Prop_lut2_I1_O)        0.105     8.903 r  externalImemRequest/ram[70]_i_1/O
                         net (fo=31, unplaced)        0.584     9.487    externalImemRequest/ram[70]_i_1_n_0
                         FDRE                                         r  externalImemRequest/ram_reg[41]/R
  -------------------------------------------------------------------    -------------------

                         (clock soc_clock rise edge)
                                                     10.000    10.000 r  
                                                      0.000    10.000 r  clock (IN)
                         net (fo=2268, unset)         0.748    10.748    externalImemRequest/clock
                         FDRE                                         r  externalImemRequest/ram_reg[41]/C
                         clock pessimism              0.000    10.748    
                         clock uncertainty           -0.035    10.712    
                         FDRE (Setup_fdre_C_R)       -0.452    10.260    externalImemRequest/ram_reg[41]
  -------------------------------------------------------------------
                         required time                         10.260    
                         arrival time                          -9.487    
  -------------------------------------------------------------------
                         slack                                  0.773    

Slack (MET) :             0.773ns  (required time - arrival time)
  Source:                 core/idEx_rs1_reg[2]/C
                            (rising edge-triggered cell FDRE clocked by soc_clock  {rise@0.000ns fall@5.000ns period=10.000ns})
  Destination:            externalImemRequest/ram_reg[42]/R
                            (rising edge-triggered cell FDRE clocked by soc_clock  {rise@0.000ns fall@5.000ns period=10.000ns})
  Path Group:             soc_clock
  Path Type:              Setup (Max at Slow Process Corner)
  Requirement:            10.000ns  (soc_clock rise@10.000ns - soc_clock rise@0.000ns)
  Data Path Delay:        8.700ns  (logic 2.581ns (29.667%)  route 6.119ns (70.333%))
  Logic Levels:           14  (CARRY4=3 LUT2=1 LUT4=2 LUT5=2 LUT6=6)
  Clock Path Skew:        -0.039ns (DCD - SCD + CPR)
    Destination Clock Delay (DCD):    0.748ns = ( 10.748 - 10.000 ) 
    Source Clock Delay      (SCD):    0.787ns
    Clock Pessimism Removal (CPR):    0.000ns
  Clock Uncertainty:      0.035ns  ((TSJ^2 + TIJ^2)^1/2 + DJ) / 2 + PE
    Total System Jitter     (TSJ):    0.071ns
    Total Input Jitter      (TIJ):    0.000ns
    Discrete Jitter          (DJ):    0.000ns
    Phase Error              (PE):    0.000ns

    Location             Delay type                Incr(ns)  Path(ns)    Netlist Resource(s)
  -------------------------------------------------------------------    -------------------
                         (clock soc_clock rise edge)
                                                      0.000     0.000 r  
                                                      0.000     0.000 r  clock (IN)
                         net (fo=2268, unset)         0.787     0.787    core/clock
                         FDRE                                         r  core/idEx_rs1_reg[2]/C
  -------------------------------------------------------------------    -------------------
                         FDRE (Prop_fdre_C_Q)         0.397     1.184 r  core/idEx_rs1_reg[2]/Q
                         net (fo=3, unplaced)         0.617     1.801    core/frontend/queue/ram_ext/D[2]
                         LUT4 (Prop_lut4_I1_O)        0.232     2.033 r  core/frontend/queue/ram_ext/nextPc[31]_i_22/O
                         net (fo=1, unplaced)         0.807     2.840    core/frontend/queue/ram_ext/nextPc[31]_i_22_n_0
                         LUT5 (Prop_lut5_I0_O)        0.105     2.945 f  core/frontend/queue/ram_ext/nextPc[31]_i_18/O
                         net (fo=127, unplaced)       0.453     3.398    core/frontend/queue/ram_ext/exMem_inst_reg[9]
                         LUT6 (Prop_lut6_I5_O)        0.105     3.503 r  core/frontend/queue/ram_ext/nextPc[31]_i_19/O
                         net (fo=31, unplaced)        0.652     4.155    core/frontend/queue/ram_ext/nextPc[31]_i_19_n_0
                         LUT6 (Prop_lut6_I1_O)        0.105     4.260 r  core/frontend/queue/ram_ext/nextPc[3]_i_4/O
                         net (fo=16, unplaced)        0.836     5.096    core/frontend/queue/ram_ext/memWb_writeData_reg[3]
                         LUT6 (Prop_lut6_I0_O)        0.105     5.201 r  core/frontend/queue/ram_ext/ram[70]_i_102/O
                         net (fo=1, unplaced)         0.000     5.201    core/frontend/queue/ram_ext/ram[70]_i_102_n_0
                         CARRY4 (Prop_carry4_S[1]_CO[3])
                                                      0.444     5.645 r  core/frontend/queue/ram_ext/ram_reg[70]_i_64/CO[3]
                         net (fo=1, unplaced)         0.008     5.653    core/frontend/queue/ram_ext/ram_reg[70]_i_64_n_0
                         CARRY4 (Prop_carry4_CI_CO[3])
                                                      0.100     5.753 r  core/frontend/queue/ram_ext/ram_reg[70]_i_28/CO[3]
                         net (fo=1, unplaced)         0.000     5.753    core/frontend/queue/ram_ext/ram_reg[70]_i_28_n_0
                         CARRY4 (Prop_carry4_CI_CO[2])
                                                      0.211     5.964 f  core/frontend/queue/ram_ext/ram_reg[70]_i_12/CO[2]
                         net (fo=1, unplaced)         0.349     6.313    core/frontend/queue/ram_ext/execute/data0
                         LUT5 (Prop_lut5_I4_O)        0.252     6.565 f  core/frontend/queue/ram_ext/ram[70]_i_8/O
                         net (fo=1, unplaced)         0.328     6.893    core/frontend/queue/ram_ext/ram[70]_i_8_n_0
                         LUT6 (Prop_lut6_I0_O)        0.105     6.998 r  core/frontend/queue/ram_ext/ram[70]_i_7/O
                         net (fo=1, unplaced)         0.347     7.345    core/frontend/queue/ram_ext/ram[70]_i_7_n_0
                         LUT4 (Prop_lut4_I3_O)        0.105     7.450 f  core/frontend/queue/ram_ext/ram[70]_i_6/O
                         net (fo=4, unplaced)         0.371     7.821    core/frontend/queue/idEx_valid_reg
                         LUT6 (Prop_lut6_I4_O)        0.105     7.926 r  core/frontend/queue/ram[70]_i_3/O
                         net (fo=1, unplaced)         0.347     8.273    core/frontend/queue/ram[70]_i_3_n_0
                         LUT6 (Prop_lut6_I2_O)        0.105     8.378 r  core/frontend/queue/ram[70]_i_2/O
                         net (fo=35, unplaced)        0.420     8.798    externalImemRequest/maybe_full0
                         LUT2 (Prop_lut2_I1_O)        0.105     8.903 r  externalImemRequest/ram[70]_i_1/O
                         net (fo=31, unplaced)        0.584     9.487    externalImemRequest/ram[70]_i_1_n_0
                         FDRE                                         r  externalImemRequest/ram_reg[42]/R
  -------------------------------------------------------------------    -------------------

                         (clock soc_clock rise edge)
                                                     10.000    10.000 r  
                                                      0.000    10.000 r  clock (IN)
                         net (fo=2268, unset)         0.748    10.748    externalImemRequest/clock
                         FDRE                                         r  externalImemRequest/ram_reg[42]/C
                         clock pessimism              0.000    10.748    
                         clock uncertainty           -0.035    10.712    
                         FDRE (Setup_fdre_C_R)       -0.452    10.260    externalImemRequest/ram_reg[42]
  -------------------------------------------------------------------
                         required time                         10.260    
                         arrival time                          -9.487    
  -------------------------------------------------------------------
                         slack                                  0.773    

Slack (MET) :             0.773ns  (required time - arrival time)
  Source:                 core/idEx_rs1_reg[2]/C
                            (rising edge-triggered cell FDRE clocked by soc_clock  {rise@0.000ns fall@5.000ns period=10.000ns})
  Destination:            externalImemRequest/ram_reg[43]/R
                            (rising edge-triggered cell FDRE clocked by soc_clock  {rise@0.000ns fall@5.000ns period=10.000ns})
  Path Group:             soc_clock
  Path Type:              Setup (Max at Slow Process Corner)
  Requirement:            10.000ns  (soc_clock rise@10.000ns - soc_clock rise@0.000ns)
  Data Path Delay:        8.700ns  (logic 2.581ns (29.667%)  route 6.119ns (70.333%))
  Logic Levels:           14  (CARRY4=3 LUT2=1 LUT4=2 LUT5=2 LUT6=6)
  Clock Path Skew:        -0.039ns (DCD - SCD + CPR)
    Destination Clock Delay (DCD):    0.748ns = ( 10.748 - 10.000 ) 
    Source Clock Delay      (SCD):    0.787ns
    Clock Pessimism Removal (CPR):    0.000ns
  Clock Uncertainty:      0.035ns  ((TSJ^2 + TIJ^2)^1/2 + DJ) / 2 + PE
    Total System Jitter     (TSJ):    0.071ns
    Total Input Jitter      (TIJ):    0.000ns
    Discrete Jitter          (DJ):    0.000ns
    Phase Error              (PE):    0.000ns

    Location             Delay type                Incr(ns)  Path(ns)    Netlist Resource(s)
  -------------------------------------------------------------------    -------------------
                         (clock soc_clock rise edge)
                                                      0.000     0.000 r  
                                                      0.000     0.000 r  clock (IN)
                         net (fo=2268, unset)         0.787     0.787    core/clock
                         FDRE                                         r  core/idEx_rs1_reg[2]/C
  -------------------------------------------------------------------    -------------------
                         FDRE (Prop_fdre_C_Q)         0.397     1.184 r  core/idEx_rs1_reg[2]/Q
                         net (fo=3, unplaced)         0.617     1.801    core/frontend/queue/ram_ext/D[2]
                         LUT4 (Prop_lut4_I1_O)        0.232     2.033 r  core/frontend/queue/ram_ext/nextPc[31]_i_22/O
                         net (fo=1, unplaced)         0.807     2.840    core/frontend/queue/ram_ext/nextPc[31]_i_22_n_0
                         LUT5 (Prop_lut5_I0_O)        0.105     2.945 f  core/frontend/queue/ram_ext/nextPc[31]_i_18/O
                         net (fo=127, unplaced)       0.453     3.398    core/frontend/queue/ram_ext/exMem_inst_reg[9]
                         LUT6 (Prop_lut6_I5_O)        0.105     3.503 r  core/frontend/queue/ram_ext/nextPc[31]_i_19/O
                         net (fo=31, unplaced)        0.652     4.155    core/frontend/queue/ram_ext/nextPc[31]_i_19_n_0
                         LUT6 (Prop_lut6_I1_O)        0.105     4.260 r  core/frontend/queue/ram_ext/nextPc[3]_i_4/O
                         net (fo=16, unplaced)        0.836     5.096    core/frontend/queue/ram_ext/memWb_writeData_reg[3]
                         LUT6 (Prop_lut6_I0_O)        0.105     5.201 r  core/frontend/queue/ram_ext/ram[70]_i_102/O
                         net (fo=1, unplaced)         0.000     5.201    core/frontend/queue/ram_ext/ram[70]_i_102_n_0
                         CARRY4 (Prop_carry4_S[1]_CO[3])
                                                      0.444     5.645 r  core/frontend/queue/ram_ext/ram_reg[70]_i_64/CO[3]
                         net (fo=1, unplaced)         0.008     5.653    core/frontend/queue/ram_ext/ram_reg[70]_i_64_n_0
                         CARRY4 (Prop_carry4_CI_CO[3])
                                                      0.100     5.753 r  core/frontend/queue/ram_ext/ram_reg[70]_i_28/CO[3]
                         net (fo=1, unplaced)         0.000     5.753    core/frontend/queue/ram_ext/ram_reg[70]_i_28_n_0
                         CARRY4 (Prop_carry4_CI_CO[2])
                                                      0.211     5.964 f  core/frontend/queue/ram_ext/ram_reg[70]_i_12/CO[2]
                         net (fo=1, unplaced)         0.349     6.313    core/frontend/queue/ram_ext/execute/data0
                         LUT5 (Prop_lut5_I4_O)        0.252     6.565 f  core/frontend/queue/ram_ext/ram[70]_i_8/O
                         net (fo=1, unplaced)         0.328     6.893    core/frontend/queue/ram_ext/ram[70]_i_8_n_0
                         LUT6 (Prop_lut6_I0_O)        0.105     6.998 r  core/frontend/queue/ram_ext/ram[70]_i_7/O
                         net (fo=1, unplaced)         0.347     7.345    core/frontend/queue/ram_ext/ram[70]_i_7_n_0
                         LUT4 (Prop_lut4_I3_O)        0.105     7.450 f  core/frontend/queue/ram_ext/ram[70]_i_6/O
                         net (fo=4, unplaced)         0.371     7.821    core/frontend/queue/idEx_valid_reg
                         LUT6 (Prop_lut6_I4_O)        0.105     7.926 r  core/frontend/queue/ram[70]_i_3/O
                         net (fo=1, unplaced)         0.347     8.273    core/frontend/queue/ram[70]_i_3_n_0
                         LUT6 (Prop_lut6_I2_O)        0.105     8.378 r  core/frontend/queue/ram[70]_i_2/O
                         net (fo=35, unplaced)        0.420     8.798    externalImemRequest/maybe_full0
                         LUT2 (Prop_lut2_I1_O)        0.105     8.903 r  externalImemRequest/ram[70]_i_1/O
                         net (fo=31, unplaced)        0.584     9.487    externalImemRequest/ram[70]_i_1_n_0
                         FDRE                                         r  externalImemRequest/ram_reg[43]/R
  -------------------------------------------------------------------    -------------------

                         (clock soc_clock rise edge)
                                                     10.000    10.000 r  
                                                      0.000    10.000 r  clock (IN)
                         net (fo=2268, unset)         0.748    10.748    externalImemRequest/clock
                         FDRE                                         r  externalImemRequest/ram_reg[43]/C
                         clock pessimism              0.000    10.748    
                         clock uncertainty           -0.035    10.712    
                         FDRE (Setup_fdre_C_R)       -0.452    10.260    externalImemRequest/ram_reg[43]
  -------------------------------------------------------------------
                         required time                         10.260    
                         arrival time                          -9.487    
  -------------------------------------------------------------------
                         slack                                  0.773    

Slack (MET) :             0.773ns  (required time - arrival time)
  Source:                 core/idEx_rs1_reg[2]/C
                            (rising edge-triggered cell FDRE clocked by soc_clock  {rise@0.000ns fall@5.000ns period=10.000ns})
  Destination:            externalImemRequest/ram_reg[44]/R
                            (rising edge-triggered cell FDRE clocked by soc_clock  {rise@0.000ns fall@5.000ns period=10.000ns})
  Path Group:             soc_clock
  Path Type:              Setup (Max at Slow Process Corner)
  Requirement:            10.000ns  (soc_clock rise@10.000ns - soc_clock rise@0.000ns)
  Data Path Delay:        8.700ns  (logic 2.581ns (29.667%)  route 6.119ns (70.333%))
  Logic Levels:           14  (CARRY4=3 LUT2=1 LUT4=2 LUT5=2 LUT6=6)
  Clock Path Skew:        -0.039ns (DCD - SCD + CPR)
    Destination Clock Delay (DCD):    0.748ns = ( 10.748 - 10.000 ) 
    Source Clock Delay      (SCD):    0.787ns
    Clock Pessimism Removal (CPR):    0.000ns
  Clock Uncertainty:      0.035ns  ((TSJ^2 + TIJ^2)^1/2 + DJ) / 2 + PE
    Total System Jitter     (TSJ):    0.071ns
    Total Input Jitter      (TIJ):    0.000ns
    Discrete Jitter          (DJ):    0.000ns
    Phase Error              (PE):    0.000ns

    Location             Delay type                Incr(ns)  Path(ns)    Netlist Resource(s)
  -------------------------------------------------------------------    -------------------
                         (clock soc_clock rise edge)
                                                      0.000     0.000 r  
                                                      0.000     0.000 r  clock (IN)
                         net (fo=2268, unset)         0.787     0.787    core/clock
                         FDRE                                         r  core/idEx_rs1_reg[2]/C
  -------------------------------------------------------------------    -------------------
                         FDRE (Prop_fdre_C_Q)         0.397     1.184 r  core/idEx_rs1_reg[2]/Q
                         net (fo=3, unplaced)         0.617     1.801    core/frontend/queue/ram_ext/D[2]
                         LUT4 (Prop_lut4_I1_O)        0.232     2.033 r  core/frontend/queue/ram_ext/nextPc[31]_i_22/O
                         net (fo=1, unplaced)         0.807     2.840    core/frontend/queue/ram_ext/nextPc[31]_i_22_n_0
                         LUT5 (Prop_lut5_I0_O)        0.105     2.945 f  core/frontend/queue/ram_ext/nextPc[31]_i_18/O
                         net (fo=127, unplaced)       0.453     3.398    core/frontend/queue/ram_ext/exMem_inst_reg[9]
                         LUT6 (Prop_lut6_I5_O)        0.105     3.503 r  core/frontend/queue/ram_ext/nextPc[31]_i_19/O
                         net (fo=31, unplaced)        0.652     4.155    core/frontend/queue/ram_ext/nextPc[31]_i_19_n_0
                         LUT6 (Prop_lut6_I1_O)        0.105     4.260 r  core/frontend/queue/ram_ext/nextPc[3]_i_4/O
                         net (fo=16, unplaced)        0.836     5.096    core/frontend/queue/ram_ext/memWb_writeData_reg[3]
                         LUT6 (Prop_lut6_I0_O)        0.105     5.201 r  core/frontend/queue/ram_ext/ram[70]_i_102/O
                         net (fo=1, unplaced)         0.000     5.201    core/frontend/queue/ram_ext/ram[70]_i_102_n_0
                         CARRY4 (Prop_carry4_S[1]_CO[3])
                                                      0.444     5.645 r  core/frontend/queue/ram_ext/ram_reg[70]_i_64/CO[3]
                         net (fo=1, unplaced)         0.008     5.653    core/frontend/queue/ram_ext/ram_reg[70]_i_64_n_0
                         CARRY4 (Prop_carry4_CI_CO[3])
                                                      0.100     5.753 r  core/frontend/queue/ram_ext/ram_reg[70]_i_28/CO[3]
                         net (fo=1, unplaced)         0.000     5.753    core/frontend/queue/ram_ext/ram_reg[70]_i_28_n_0
                         CARRY4 (Prop_carry4_CI_CO[2])
                                                      0.211     5.964 f  core/frontend/queue/ram_ext/ram_reg[70]_i_12/CO[2]
                         net (fo=1, unplaced)         0.349     6.313    core/frontend/queue/ram_ext/execute/data0
                         LUT5 (Prop_lut5_I4_O)        0.252     6.565 f  core/frontend/queue/ram_ext/ram[70]_i_8/O
                         net (fo=1, unplaced)         0.328     6.893    core/frontend/queue/ram_ext/ram[70]_i_8_n_0
                         LUT6 (Prop_lut6_I0_O)        0.105     6.998 r  core/frontend/queue/ram_ext/ram[70]_i_7/O
                         net (fo=1, unplaced)         0.347     7.345    core/frontend/queue/ram_ext/ram[70]_i_7_n_0
                         LUT4 (Prop_lut4_I3_O)        0.105     7.450 f  core/frontend/queue/ram_ext/ram[70]_i_6/O
                         net (fo=4, unplaced)         0.371     7.821    core/frontend/queue/idEx_valid_reg
                         LUT6 (Prop_lut6_I4_O)        0.105     7.926 r  core/frontend/queue/ram[70]_i_3/O
                         net (fo=1, unplaced)         0.347     8.273    core/frontend/queue/ram[70]_i_3_n_0
                         LUT6 (Prop_lut6_I2_O)        0.105     8.378 r  core/frontend/queue/ram[70]_i_2/O
                         net (fo=35, unplaced)        0.420     8.798    externalImemRequest/maybe_full0
                         LUT2 (Prop_lut2_I1_O)        0.105     8.903 r  externalImemRequest/ram[70]_i_1/O
                         net (fo=31, unplaced)        0.584     9.487    externalImemRequest/ram[70]_i_1_n_0
                         FDRE                                         r  externalImemRequest/ram_reg[44]/R
  -------------------------------------------------------------------    -------------------

                         (clock soc_clock rise edge)
                                                     10.000    10.000 r  
                                                      0.000    10.000 r  clock (IN)
                         net (fo=2268, unset)         0.748    10.748    externalImemRequest/clock
                         FDRE                                         r  externalImemRequest/ram_reg[44]/C
                         clock pessimism              0.000    10.748    
                         clock uncertainty           -0.035    10.712    
                         FDRE (Setup_fdre_C_R)       -0.452    10.260    externalImemRequest/ram_reg[44]
  -------------------------------------------------------------------
                         required time                         10.260    
                         arrival time                          -9.487    
  -------------------------------------------------------------------
                         slack                                  0.773    

Slack (MET) :             0.773ns  (required time - arrival time)
  Source:                 core/idEx_rs1_reg[2]/C
                            (rising edge-triggered cell FDRE clocked by soc_clock  {rise@0.000ns fall@5.000ns period=10.000ns})
  Destination:            externalImemRequest/ram_reg[45]/R
                            (rising edge-triggered cell FDRE clocked by soc_clock  {rise@0.000ns fall@5.000ns period=10.000ns})
  Path Group:             soc_clock
  Path Type:              Setup (Max at Slow Process Corner)
  Requirement:            10.000ns  (soc_clock rise@10.000ns - soc_clock rise@0.000ns)
  Data Path Delay:        8.700ns  (logic 2.581ns (29.667%)  route 6.119ns (70.333%))
  Logic Levels:           14  (CARRY4=3 LUT2=1 LUT4=2 LUT5=2 LUT6=6)
  Clock Path Skew:        -0.039ns (DCD - SCD + CPR)
    Destination Clock Delay (DCD):    0.748ns = ( 10.748 - 10.000 ) 
    Source Clock Delay      (SCD):    0.787ns
    Clock Pessimism Removal (CPR):    0.000ns
  Clock Uncertainty:      0.035ns  ((TSJ^2 + TIJ^2)^1/2 + DJ) / 2 + PE
    Total System Jitter     (TSJ):    0.071ns
    Total Input Jitter      (TIJ):    0.000ns
    Discrete Jitter          (DJ):    0.000ns
    Phase Error              (PE):    0.000ns

    Location             Delay type                Incr(ns)  Path(ns)    Netlist Resource(s)
  -------------------------------------------------------------------    -------------------
                         (clock soc_clock rise edge)
                                                      0.000     0.000 r  
                                                      0.000     0.000 r  clock (IN)
                         net (fo=2268, unset)         0.787     0.787    core/clock
                         FDRE                                         r  core/idEx_rs1_reg[2]/C
  -------------------------------------------------------------------    -------------------
                         FDRE (Prop_fdre_C_Q)         0.397     1.184 r  core/idEx_rs1_reg[2]/Q
                         net (fo=3, unplaced)         0.617     1.801    core/frontend/queue/ram_ext/D[2]
                         LUT4 (Prop_lut4_I1_O)        0.232     2.033 r  core/frontend/queue/ram_ext/nextPc[31]_i_22/O
                         net (fo=1, unplaced)         0.807     2.840    core/frontend/queue/ram_ext/nextPc[31]_i_22_n_0
                         LUT5 (Prop_lut5_I0_O)        0.105     2.945 f  core/frontend/queue/ram_ext/nextPc[31]_i_18/O
                         net (fo=127, unplaced)       0.453     3.398    core/frontend/queue/ram_ext/exMem_inst_reg[9]
                         LUT6 (Prop_lut6_I5_O)        0.105     3.503 r  core/frontend/queue/ram_ext/nextPc[31]_i_19/O
                         net (fo=31, unplaced)        0.652     4.155    core/frontend/queue/ram_ext/nextPc[31]_i_19_n_0
                         LUT6 (Prop_lut6_I1_O)        0.105     4.260 r  core/frontend/queue/ram_ext/nextPc[3]_i_4/O
                         net (fo=16, unplaced)        0.836     5.096    core/frontend/queue/ram_ext/memWb_writeData_reg[3]
                         LUT6 (Prop_lut6_I0_O)        0.105     5.201 r  core/frontend/queue/ram_ext/ram[70]_i_102/O
                         net (fo=1, unplaced)         0.000     5.201    core/frontend/queue/ram_ext/ram[70]_i_102_n_0
                         CARRY4 (Prop_carry4_S[1]_CO[3])
                                                      0.444     5.645 r  core/frontend/queue/ram_ext/ram_reg[70]_i_64/CO[3]
                         net (fo=1, unplaced)         0.008     5.653    core/frontend/queue/ram_ext/ram_reg[70]_i_64_n_0
                         CARRY4 (Prop_carry4_CI_CO[3])
                                                      0.100     5.753 r  core/frontend/queue/ram_ext/ram_reg[70]_i_28/CO[3]
                         net (fo=1, unplaced)         0.000     5.753    core/frontend/queue/ram_ext/ram_reg[70]_i_28_n_0
                         CARRY4 (Prop_carry4_CI_CO[2])
                                                      0.211     5.964 f  core/frontend/queue/ram_ext/ram_reg[70]_i_12/CO[2]
                         net (fo=1, unplaced)         0.349     6.313    core/frontend/queue/ram_ext/execute/data0
                         LUT5 (Prop_lut5_I4_O)        0.252     6.565 f  core/frontend/queue/ram_ext/ram[70]_i_8/O
                         net (fo=1, unplaced)         0.328     6.893    core/frontend/queue/ram_ext/ram[70]_i_8_n_0
                         LUT6 (Prop_lut6_I0_O)        0.105     6.998 r  core/frontend/queue/ram_ext/ram[70]_i_7/O
                         net (fo=1, unplaced)         0.347     7.345    core/frontend/queue/ram_ext/ram[70]_i_7_n_0
                         LUT4 (Prop_lut4_I3_O)        0.105     7.450 f  core/frontend/queue/ram_ext/ram[70]_i_6/O
                         net (fo=4, unplaced)         0.371     7.821    core/frontend/queue/idEx_valid_reg
                         LUT6 (Prop_lut6_I4_O)        0.105     7.926 r  core/frontend/queue/ram[70]_i_3/O
                         net (fo=1, unplaced)         0.347     8.273    core/frontend/queue/ram[70]_i_3_n_0
                         LUT6 (Prop_lut6_I2_O)        0.105     8.378 r  core/frontend/queue/ram[70]_i_2/O
                         net (fo=35, unplaced)        0.420     8.798    externalImemRequest/maybe_full0
                         LUT2 (Prop_lut2_I1_O)        0.105     8.903 r  externalImemRequest/ram[70]_i_1/O
                         net (fo=31, unplaced)        0.584     9.487    externalImemRequest/ram[70]_i_1_n_0
                         FDRE                                         r  externalImemRequest/ram_reg[45]/R
  -------------------------------------------------------------------    -------------------

                         (clock soc_clock rise edge)
                                                     10.000    10.000 r  
                                                      0.000    10.000 r  clock (IN)
                         net (fo=2268, unset)         0.748    10.748    externalImemRequest/clock
                         FDRE                                         r  externalImemRequest/ram_reg[45]/C
                         clock pessimism              0.000    10.748    
                         clock uncertainty           -0.035    10.712    
                         FDRE (Setup_fdre_C_R)       -0.452    10.260    externalImemRequest/ram_reg[45]
  -------------------------------------------------------------------
                         required time                         10.260    
                         arrival time                          -9.487    
  -------------------------------------------------------------------
                         slack                                  0.773    

Slack (MET) :             0.773ns  (required time - arrival time)
  Source:                 core/idEx_rs1_reg[2]/C
                            (rising edge-triggered cell FDRE clocked by soc_clock  {rise@0.000ns fall@5.000ns period=10.000ns})
  Destination:            externalImemRequest/ram_reg[46]/R
                            (rising edge-triggered cell FDRE clocked by soc_clock  {rise@0.000ns fall@5.000ns period=10.000ns})
  Path Group:             soc_clock
  Path Type:              Setup (Max at Slow Process Corner)
  Requirement:            10.000ns  (soc_clock rise@10.000ns - soc_clock rise@0.000ns)
  Data Path Delay:        8.700ns  (logic 2.581ns (29.667%)  route 6.119ns (70.333%))
  Logic Levels:           14  (CARRY4=3 LUT2=1 LUT4=2 LUT5=2 LUT6=6)
  Clock Path Skew:        -0.039ns (DCD - SCD + CPR)
    Destination Clock Delay (DCD):    0.748ns = ( 10.748 - 10.000 ) 
    Source Clock Delay      (SCD):    0.787ns
    Clock Pessimism Removal (CPR):    0.000ns
  Clock Uncertainty:      0.035ns  ((TSJ^2 + TIJ^2)^1/2 + DJ) / 2 + PE
    Total System Jitter     (TSJ):    0.071ns
    Total Input Jitter      (TIJ):    0.000ns
    Discrete Jitter          (DJ):    0.000ns
    Phase Error              (PE):    0.000ns

    Location             Delay type                Incr(ns)  Path(ns)    Netlist Resource(s)
  -------------------------------------------------------------------    -------------------
                         (clock soc_clock rise edge)
                                                      0.000     0.000 r  
                                                      0.000     0.000 r  clock (IN)
                         net (fo=2268, unset)         0.787     0.787    core/clock
                         FDRE                                         r  core/idEx_rs1_reg[2]/C
  -------------------------------------------------------------------    -------------------
                         FDRE (Prop_fdre_C_Q)         0.397     1.184 r  core/idEx_rs1_reg[2]/Q
                         net (fo=3, unplaced)         0.617     1.801    core/frontend/queue/ram_ext/D[2]
                         LUT4 (Prop_lut4_I1_O)        0.232     2.033 r  core/frontend/queue/ram_ext/nextPc[31]_i_22/O
                         net (fo=1, unplaced)         0.807     2.840    core/frontend/queue/ram_ext/nextPc[31]_i_22_n_0
                         LUT5 (Prop_lut5_I0_O)        0.105     2.945 f  core/frontend/queue/ram_ext/nextPc[31]_i_18/O
                         net (fo=127, unplaced)       0.453     3.398    core/frontend/queue/ram_ext/exMem_inst_reg[9]
                         LUT6 (Prop_lut6_I5_O)        0.105     3.503 r  core/frontend/queue/ram_ext/nextPc[31]_i_19/O
                         net (fo=31, unplaced)        0.652     4.155    core/frontend/queue/ram_ext/nextPc[31]_i_19_n_0
                         LUT6 (Prop_lut6_I1_O)        0.105     4.260 r  core/frontend/queue/ram_ext/nextPc[3]_i_4/O
                         net (fo=16, unplaced)        0.836     5.096    core/frontend/queue/ram_ext/memWb_writeData_reg[3]
                         LUT6 (Prop_lut6_I0_O)        0.105     5.201 r  core/frontend/queue/ram_ext/ram[70]_i_102/O
                         net (fo=1, unplaced)         0.000     5.201    core/frontend/queue/ram_ext/ram[70]_i_102_n_0
                         CARRY4 (Prop_carry4_S[1]_CO[3])
                                                      0.444     5.645 r  core/frontend/queue/ram_ext/ram_reg[70]_i_64/CO[3]
                         net (fo=1, unplaced)         0.008     5.653    core/frontend/queue/ram_ext/ram_reg[70]_i_64_n_0
                         CARRY4 (Prop_carry4_CI_CO[3])
                                                      0.100     5.753 r  core/frontend/queue/ram_ext/ram_reg[70]_i_28/CO[3]
                         net (fo=1, unplaced)         0.000     5.753    core/frontend/queue/ram_ext/ram_reg[70]_i_28_n_0
                         CARRY4 (Prop_carry4_CI_CO[2])
                                                      0.211     5.964 f  core/frontend/queue/ram_ext/ram_reg[70]_i_12/CO[2]
                         net (fo=1, unplaced)         0.349     6.313    core/frontend/queue/ram_ext/execute/data0
                         LUT5 (Prop_lut5_I4_O)        0.252     6.565 f  core/frontend/queue/ram_ext/ram[70]_i_8/O
                         net (fo=1, unplaced)         0.328     6.893    core/frontend/queue/ram_ext/ram[70]_i_8_n_0
                         LUT6 (Prop_lut6_I0_O)        0.105     6.998 r  core/frontend/queue/ram_ext/ram[70]_i_7/O
                         net (fo=1, unplaced)         0.347     7.345    core/frontend/queue/ram_ext/ram[70]_i_7_n_0
                         LUT4 (Prop_lut4_I3_O)        0.105     7.450 f  core/frontend/queue/ram_ext/ram[70]_i_6/O
                         net (fo=4, unplaced)         0.371     7.821    core/frontend/queue/idEx_valid_reg
                         LUT6 (Prop_lut6_I4_O)        0.105     7.926 r  core/frontend/queue/ram[70]_i_3/O
                         net (fo=1, unplaced)         0.347     8.273    core/frontend/queue/ram[70]_i_3_n_0
                         LUT6 (Prop_lut6_I2_O)        0.105     8.378 r  core/frontend/queue/ram[70]_i_2/O
                         net (fo=35, unplaced)        0.420     8.798    externalImemRequest/maybe_full0
                         LUT2 (Prop_lut2_I1_O)        0.105     8.903 r  externalImemRequest/ram[70]_i_1/O
                         net (fo=31, unplaced)        0.584     9.487    externalImemRequest/ram[70]_i_1_n_0
                         FDRE                                         r  externalImemRequest/ram_reg[46]/R
  -------------------------------------------------------------------    -------------------

                         (clock soc_clock rise edge)
                                                     10.000    10.000 r  
                                                      0.000    10.000 r  clock (IN)
                         net (fo=2268, unset)         0.748    10.748    externalImemRequest/clock
                         FDRE                                         r  externalImemRequest/ram_reg[46]/C
                         clock pessimism              0.000    10.748    
                         clock uncertainty           -0.035    10.712    
                         FDRE (Setup_fdre_C_R)       -0.452    10.260    externalImemRequest/ram_reg[46]
  -------------------------------------------------------------------
                         required time                         10.260    
                         arrival time                          -9.487    
  -------------------------------------------------------------------
                         slack                                  0.773    

Slack (MET) :             0.773ns  (required time - arrival time)
  Source:                 core/idEx_rs1_reg[2]/C
                            (rising edge-triggered cell FDRE clocked by soc_clock  {rise@0.000ns fall@5.000ns period=10.000ns})
  Destination:            externalImemRequest/ram_reg[47]/R
                            (rising edge-triggered cell FDRE clocked by soc_clock  {rise@0.000ns fall@5.000ns period=10.000ns})
  Path Group:             soc_clock
  Path Type:              Setup (Max at Slow Process Corner)
  Requirement:            10.000ns  (soc_clock rise@10.000ns - soc_clock rise@0.000ns)
  Data Path Delay:        8.700ns  (logic 2.581ns (29.667%)  route 6.119ns (70.333%))
  Logic Levels:           14  (CARRY4=3 LUT2=1 LUT4=2 LUT5=2 LUT6=6)
  Clock Path Skew:        -0.039ns (DCD - SCD + CPR)
    Destination Clock Delay (DCD):    0.748ns = ( 10.748 - 10.000 ) 
    Source Clock Delay      (SCD):    0.787ns
    Clock Pessimism Removal (CPR):    0.000ns
  Clock Uncertainty:      0.035ns  ((TSJ^2 + TIJ^2)^1/2 + DJ) / 2 + PE
    Total System Jitter     (TSJ):    0.071ns
    Total Input Jitter      (TIJ):    0.000ns
    Discrete Jitter          (DJ):    0.000ns
    Phase Error              (PE):    0.000ns

    Location             Delay type                Incr(ns)  Path(ns)    Netlist Resource(s)
  -------------------------------------------------------------------    -------------------
                         (clock soc_clock rise edge)
                                                      0.000     0.000 r  
                                                      0.000     0.000 r  clock (IN)
                         net (fo=2268, unset)         0.787     0.787    core/clock
                         FDRE                                         r  core/idEx_rs1_reg[2]/C
  -------------------------------------------------------------------    -------------------
                         FDRE (Prop_fdre_C_Q)         0.397     1.184 r  core/idEx_rs1_reg[2]/Q
                         net (fo=3, unplaced)         0.617     1.801    core/frontend/queue/ram_ext/D[2]
                         LUT4 (Prop_lut4_I1_O)        0.232     2.033 r  core/frontend/queue/ram_ext/nextPc[31]_i_22/O
                         net (fo=1, unplaced)         0.807     2.840    core/frontend/queue/ram_ext/nextPc[31]_i_22_n_0
                         LUT5 (Prop_lut5_I0_O)        0.105     2.945 f  core/frontend/queue/ram_ext/nextPc[31]_i_18/O
                         net (fo=127, unplaced)       0.453     3.398    core/frontend/queue/ram_ext/exMem_inst_reg[9]
                         LUT6 (Prop_lut6_I5_O)        0.105     3.503 r  core/frontend/queue/ram_ext/nextPc[31]_i_19/O
                         net (fo=31, unplaced)        0.652     4.155    core/frontend/queue/ram_ext/nextPc[31]_i_19_n_0
                         LUT6 (Prop_lut6_I1_O)        0.105     4.260 r  core/frontend/queue/ram_ext/nextPc[3]_i_4/O
                         net (fo=16, unplaced)        0.836     5.096    core/frontend/queue/ram_ext/memWb_writeData_reg[3]
                         LUT6 (Prop_lut6_I0_O)        0.105     5.201 r  core/frontend/queue/ram_ext/ram[70]_i_102/O
                         net (fo=1, unplaced)         0.000     5.201    core/frontend/queue/ram_ext/ram[70]_i_102_n_0
                         CARRY4 (Prop_carry4_S[1]_CO[3])
                                                      0.444     5.645 r  core/frontend/queue/ram_ext/ram_reg[70]_i_64/CO[3]
                         net (fo=1, unplaced)         0.008     5.653    core/frontend/queue/ram_ext/ram_reg[70]_i_64_n_0
                         CARRY4 (Prop_carry4_CI_CO[3])
                                                      0.100     5.753 r  core/frontend/queue/ram_ext/ram_reg[70]_i_28/CO[3]
                         net (fo=1, unplaced)         0.000     5.753    core/frontend/queue/ram_ext/ram_reg[70]_i_28_n_0
                         CARRY4 (Prop_carry4_CI_CO[2])
                                                      0.211     5.964 f  core/frontend/queue/ram_ext/ram_reg[70]_i_12/CO[2]
                         net (fo=1, unplaced)         0.349     6.313    core/frontend/queue/ram_ext/execute/data0
                         LUT5 (Prop_lut5_I4_O)        0.252     6.565 f  core/frontend/queue/ram_ext/ram[70]_i_8/O
                         net (fo=1, unplaced)         0.328     6.893    core/frontend/queue/ram_ext/ram[70]_i_8_n_0
                         LUT6 (Prop_lut6_I0_O)        0.105     6.998 r  core/frontend/queue/ram_ext/ram[70]_i_7/O
                         net (fo=1, unplaced)         0.347     7.345    core/frontend/queue/ram_ext/ram[70]_i_7_n_0
                         LUT4 (Prop_lut4_I3_O)        0.105     7.450 f  core/frontend/queue/ram_ext/ram[70]_i_6/O
                         net (fo=4, unplaced)         0.371     7.821    core/frontend/queue/idEx_valid_reg
                         LUT6 (Prop_lut6_I4_O)        0.105     7.926 r  core/frontend/queue/ram[70]_i_3/O
                         net (fo=1, unplaced)         0.347     8.273    core/frontend/queue/ram[70]_i_3_n_0
                         LUT6 (Prop_lut6_I2_O)        0.105     8.378 r  core/frontend/queue/ram[70]_i_2/O
                         net (fo=35, unplaced)        0.420     8.798    externalImemRequest/maybe_full0
                         LUT2 (Prop_lut2_I1_O)        0.105     8.903 r  externalImemRequest/ram[70]_i_1/O
                         net (fo=31, unplaced)        0.584     9.487    externalImemRequest/ram[70]_i_1_n_0
                         FDRE                                         r  externalImemRequest/ram_reg[47]/R
  -------------------------------------------------------------------    -------------------

                         (clock soc_clock rise edge)
                                                     10.000    10.000 r  
                                                      0.000    10.000 r  clock (IN)
                         net (fo=2268, unset)         0.748    10.748    externalImemRequest/clock
                         FDRE                                         r  externalImemRequest/ram_reg[47]/C
                         clock pessimism              0.000    10.748    
                         clock uncertainty           -0.035    10.712    
                         FDRE (Setup_fdre_C_R)       -0.452    10.260    externalImemRequest/ram_reg[47]
  -------------------------------------------------------------------
                         required time                         10.260    
                         arrival time                          -9.487    
  -------------------------------------------------------------------
                         slack                                  0.773    

Slack (MET) :             0.773ns  (required time - arrival time)
  Source:                 core/idEx_rs1_reg[2]/C
                            (rising edge-triggered cell FDRE clocked by soc_clock  {rise@0.000ns fall@5.000ns period=10.000ns})
  Destination:            externalImemRequest/ram_reg[48]/R
                            (rising edge-triggered cell FDRE clocked by soc_clock  {rise@0.000ns fall@5.000ns period=10.000ns})
  Path Group:             soc_clock
  Path Type:              Setup (Max at Slow Process Corner)
  Requirement:            10.000ns  (soc_clock rise@10.000ns - soc_clock rise@0.000ns)
  Data Path Delay:        8.700ns  (logic 2.581ns (29.667%)  route 6.119ns (70.333%))
  Logic Levels:           14  (CARRY4=3 LUT2=1 LUT4=2 LUT5=2 LUT6=6)
  Clock Path Skew:        -0.039ns (DCD - SCD + CPR)
    Destination Clock Delay (DCD):    0.748ns = ( 10.748 - 10.000 ) 
    Source Clock Delay      (SCD):    0.787ns
    Clock Pessimism Removal (CPR):    0.000ns
  Clock Uncertainty:      0.035ns  ((TSJ^2 + TIJ^2)^1/2 + DJ) / 2 + PE
    Total System Jitter     (TSJ):    0.071ns
    Total Input Jitter      (TIJ):    0.000ns
    Discrete Jitter          (DJ):    0.000ns
    Phase Error              (PE):    0.000ns

    Location             Delay type                Incr(ns)  Path(ns)    Netlist Resource(s)
  -------------------------------------------------------------------    -------------------
                         (clock soc_clock rise edge)
                                                      0.000     0.000 r  
                                                      0.000     0.000 r  clock (IN)
                         net (fo=2268, unset)         0.787     0.787    core/clock
                         FDRE                                         r  core/idEx_rs1_reg[2]/C
  -------------------------------------------------------------------    -------------------
                         FDRE (Prop_fdre_C_Q)         0.397     1.184 r  core/idEx_rs1_reg[2]/Q
                         net (fo=3, unplaced)         0.617     1.801    core/frontend/queue/ram_ext/D[2]
                         LUT4 (Prop_lut4_I1_O)        0.232     2.033 r  core/frontend/queue/ram_ext/nextPc[31]_i_22/O
                         net (fo=1, unplaced)         0.807     2.840    core/frontend/queue/ram_ext/nextPc[31]_i_22_n_0
                         LUT5 (Prop_lut5_I0_O)        0.105     2.945 f  core/frontend/queue/ram_ext/nextPc[31]_i_18/O
                         net (fo=127, unplaced)       0.453     3.398    core/frontend/queue/ram_ext/exMem_inst_reg[9]
                         LUT6 (Prop_lut6_I5_O)        0.105     3.503 r  core/frontend/queue/ram_ext/nextPc[31]_i_19/O
                         net (fo=31, unplaced)        0.652     4.155    core/frontend/queue/ram_ext/nextPc[31]_i_19_n_0
                         LUT6 (Prop_lut6_I1_O)        0.105     4.260 r  core/frontend/queue/ram_ext/nextPc[3]_i_4/O
                         net (fo=16, unplaced)        0.836     5.096    core/frontend/queue/ram_ext/memWb_writeData_reg[3]
                         LUT6 (Prop_lut6_I0_O)        0.105     5.201 r  core/frontend/queue/ram_ext/ram[70]_i_102/O
                         net (fo=1, unplaced)         0.000     5.201    core/frontend/queue/ram_ext/ram[70]_i_102_n_0
                         CARRY4 (Prop_carry4_S[1]_CO[3])
                                                      0.444     5.645 r  core/frontend/queue/ram_ext/ram_reg[70]_i_64/CO[3]
                         net (fo=1, unplaced)         0.008     5.653    core/frontend/queue/ram_ext/ram_reg[70]_i_64_n_0
                         CARRY4 (Prop_carry4_CI_CO[3])
                                                      0.100     5.753 r  core/frontend/queue/ram_ext/ram_reg[70]_i_28/CO[3]
                         net (fo=1, unplaced)         0.000     5.753    core/frontend/queue/ram_ext/ram_reg[70]_i_28_n_0
                         CARRY4 (Prop_carry4_CI_CO[2])
                                                      0.211     5.964 f  core/frontend/queue/ram_ext/ram_reg[70]_i_12/CO[2]
                         net (fo=1, unplaced)         0.349     6.313    core/frontend/queue/ram_ext/execute/data0
                         LUT5 (Prop_lut5_I4_O)        0.252     6.565 f  core/frontend/queue/ram_ext/ram[70]_i_8/O
                         net (fo=1, unplaced)         0.328     6.893    core/frontend/queue/ram_ext/ram[70]_i_8_n_0
                         LUT6 (Prop_lut6_I0_O)        0.105     6.998 r  core/frontend/queue/ram_ext/ram[70]_i_7/O
                         net (fo=1, unplaced)         0.347     7.345    core/frontend/queue/ram_ext/ram[70]_i_7_n_0
                         LUT4 (Prop_lut4_I3_O)        0.105     7.450 f  core/frontend/queue/ram_ext/ram[70]_i_6/O
                         net (fo=4, unplaced)         0.371     7.821    core/frontend/queue/idEx_valid_reg
                         LUT6 (Prop_lut6_I4_O)        0.105     7.926 r  core/frontend/queue/ram[70]_i_3/O
                         net (fo=1, unplaced)         0.347     8.273    core/frontend/queue/ram[70]_i_3_n_0
                         LUT6 (Prop_lut6_I2_O)        0.105     8.378 r  core/frontend/queue/ram[70]_i_2/O
                         net (fo=35, unplaced)        0.420     8.798    externalImemRequest/maybe_full0
                         LUT2 (Prop_lut2_I1_O)        0.105     8.903 r  externalImemRequest/ram[70]_i_1/O
                         net (fo=31, unplaced)        0.584     9.487    externalImemRequest/ram[70]_i_1_n_0
                         FDRE                                         r  externalImemRequest/ram_reg[48]/R
  -------------------------------------------------------------------    -------------------

                         (clock soc_clock rise edge)
                                                     10.000    10.000 r  
                                                      0.000    10.000 r  clock (IN)
                         net (fo=2268, unset)         0.748    10.748    externalImemRequest/clock
                         FDRE                                         r  externalImemRequest/ram_reg[48]/C
                         clock pessimism              0.000    10.748    
                         clock uncertainty           -0.035    10.712    
                         FDRE (Setup_fdre_C_R)       -0.452    10.260    externalImemRequest/ram_reg[48]
  -------------------------------------------------------------------
                         required time                         10.260    
                         arrival time                          -9.487    
  -------------------------------------------------------------------
                         slack                                  0.773    

Slack (MET) :             3.036ns  (required time - arrival time)
  Source:                 interconnect_0/dmemTarget_reg[1]/C
                            (rising edge-triggered cell FDRE clocked by soc_clock  {rise@0.000ns fall@5.000ns period=10.000ns})
  Destination:            io_trap_valid
                            (output port clocked by soc_io_virtual  {rise@0.000ns fall@5.000ns period=10.000ns})
  Path Group:             soc_io_virtual
  Path Type:              Max at Slow Process Corner
  Requirement:            10.000ns  (soc_io_virtual rise@10.000ns - soc_clock rise@0.000ns)
  Data Path Delay:        4.152ns  (logic 1.049ns (25.265%)  route 3.103ns (74.735%))
  Logic Levels:           5  (LUT3=2 LUT5=1 LUT6=2)
  Output Delay:           2.000ns
  Clock Path Skew:        -0.787ns (DCD - SCD + CPR)
    Destination Clock Delay (DCD):    0.000ns = ( 10.000 - 10.000 ) 
    Source Clock Delay      (SCD):    0.787ns
    Clock Pessimism Removal (CPR):    0.000ns
  Clock Uncertainty:      0.025ns  ((TSJ^2 + TIJ^2)^1/2 + DJ) / 2 + PE
    Total System Jitter     (TSJ):    0.050ns
    Total Input Jitter      (TIJ):    0.000ns
    Discrete Jitter          (DJ):    0.000ns
    Phase Error              (PE):    0.000ns
  Clock Domain Crossing:  Inter clock paths are considered valid unless explicitly excluded by timing constraints such as set_clock_groups or set_false_path.

    Location             Delay type                Incr(ns)  Path(ns)    Netlist Resource(s)
  -------------------------------------------------------------------    -------------------
                         (clock soc_clock rise edge)
                                                      0.000     0.000 r  
                                                      0.000     0.000 r  clock (IN)
                         net (fo=2268, unset)         0.787     0.787    interconnect_0/clock
                         FDRE                                         r  interconnect_0/dmemTarget_reg[1]/C
  -------------------------------------------------------------------    -------------------
                         FDRE (Prop_fdre_C_Q)         0.397     1.184 r  interconnect_0/dmemTarget_reg[1]/Q
                         net (fo=50, unplaced)        0.861     2.045    interconnect_0/dmemTarget_reg[1]_0
                         LUT6 (Prop_lut6_I0_O)        0.232     2.277 r  interconnect_0/dmemActive_i_3/O
                         net (fo=1, unplaced)         0.347     2.624    interconnect_0/dmemActive_i_3_n_0
                         LUT5 (Prop_lut5_I0_O)        0.105     2.729 r  interconnect_0/dmemActive_i_2/O
                         net (fo=4, unplaced)         0.371     3.100    interconnect_0/io_cpuDmem_resp_valid_00
                         LUT3 (Prop_lut3_I2_O)        0.105     3.205 r  interconnect_0/io_trap_valid_INST_0_i_3/O
                         net (fo=2, unplaced)         0.358     3.563    core/frontend/queue/ram_ext/p_20_in
                         LUT6 (Prop_lut6_I2_O)        0.105     3.668 r  core/frontend/queue/ram_ext/io_trap_valid_INST_0_i_1/O
                         net (fo=6, unplaced)         0.379     4.047    core/trapEvent
                         LUT3 (Prop_lut3_I0_O)        0.105     4.152 r  core/io_trap_valid_INST_0/O
                         net (fo=0)                   0.787     4.939    io_trap_valid
                                                                      r  io_trap_valid (OUT)
  -------------------------------------------------------------------    -------------------

                         (clock soc_io_virtual rise edge)
                                                     10.000    10.000 r  
                         ideal clock network latency
                                                      0.000    10.000    
                         clock pessimism              0.000    10.000    
                         clock uncertainty           -0.025     9.975    
                         output delay                -2.000     7.975    
  -------------------------------------------------------------------
                         required time                          7.975    
                         arrival time                          -4.939    
  -------------------------------------------------------------------
                         slack                                  3.036    

Slack (MET) :             4.084ns  (required time - arrival time)
  Source:                 core/exMem_memRead_reg/C
                            (rising edge-triggered cell FDRE clocked by soc_clock  {rise@0.000ns fall@5.000ns period=10.000ns})
  Destination:            io_trap_cause[0]
                            (output port clocked by soc_io_virtual  {rise@0.000ns fall@5.000ns period=10.000ns})
  Path Group:             soc_io_virtual
  Path Type:              Max at Slow Process Corner
  Requirement:            10.000ns  (soc_io_virtual rise@10.000ns - soc_clock rise@0.000ns)
  Data Path Delay:        3.104ns  (logic 0.852ns (27.448%)  route 2.252ns (72.552%))
  Logic Levels:           3  (LUT3=1 LUT5=2)
  Output Delay:           2.000ns
  Clock Path Skew:        -0.787ns (DCD - SCD + CPR)
    Destination Clock Delay (DCD):    0.000ns = ( 10.000 - 10.000 ) 
    Source Clock Delay      (SCD):    0.787ns
    Clock Pessimism Removal (CPR):    0.000ns
  Clock Uncertainty:      0.025ns  ((TSJ^2 + TIJ^2)^1/2 + DJ) / 2 + PE
    Total System Jitter     (TSJ):    0.050ns
    Total Input Jitter      (TIJ):    0.000ns
    Discrete Jitter          (DJ):    0.000ns
    Phase Error              (PE):    0.000ns
  Clock Domain Crossing:  Inter clock paths are considered valid unless explicitly excluded by timing constraints such as set_clock_groups or set_false_path.

    Location             Delay type                Incr(ns)  Path(ns)    Netlist Resource(s)
  -------------------------------------------------------------------    -------------------
                         (clock soc_clock rise edge)
                                                      0.000     0.000 r  
                                                      0.000     0.000 r  clock (IN)
                         net (fo=2268, unset)         0.787     0.787    core/clock
                         FDRE                                         r  core/exMem_memRead_reg/C
  -------------------------------------------------------------------    -------------------
                         FDRE (Prop_fdre_C_Q)         0.397     1.184 f  core/exMem_memRead_reg/Q
                         net (fo=34, unplaced)        0.730     1.914    core/exMem_memRead
                         LUT5 (Prop_lut5_I0_O)        0.245     2.159 f  core/io_trap_valid_INST_0_i_5/O
                         net (fo=9, unplaced)         0.388     2.547    core/p_21_in
                         LUT5 (Prop_lut5_I0_O)        0.105     2.652 f  core/io_trap_cause[0]_INST_0_i_1/O
                         net (fo=1, unplaced)         0.347     2.999    core/memoryMisaligned
                         LUT3 (Prop_lut3_I2_O)        0.105     3.104 r  core/io_trap_cause[0]_INST_0/O
                         net (fo=0)                   0.787     3.891    io_trap_cause[0]
                                                                      r  io_trap_cause[0] (OUT)
  -------------------------------------------------------------------    -------------------

                         (clock soc_io_virtual rise edge)
                                                     10.000    10.000 r  
                         ideal clock network latency
                                                      0.000    10.000    
                         clock pessimism              0.000    10.000    
                         clock uncertainty           -0.025     9.975    
                         output delay                -2.000     7.975    
  -------------------------------------------------------------------
                         required time                          7.975    
                         arrival time                          -3.891    
  -------------------------------------------------------------------
                         slack                                  4.084    

Slack (MET) :             4.296ns  (required time - arrival time)
  Source:                 io_video_output_ready
                            (input port clocked by soc_io_virtual  {rise@0.000ns fall@5.000ns period=10.000ns})
  Destination:            io_video_input_ready
                            (output port clocked by soc_io_virtual  {rise@0.000ns fall@5.000ns period=10.000ns})
  Path Group:             soc_io_virtual
  Path Type:              Max at Slow Process Corner
  Requirement:            10.000ns  (soc_io_virtual rise@10.000ns - soc_io_virtual rise@0.000ns)
  Data Path Delay:        1.679ns  (logic 0.105ns (6.254%)  route 1.574ns (93.746%))
  Logic Levels:           1  (LUT3=1)
  Input Delay:            2.000ns
  Output Delay:           2.000ns
  Clock Uncertainty:      0.025ns

    Location             Delay type                Incr(ns)  Path(ns)    Netlist Resource(s)
  -------------------------------------------------------------------    -------------------
                         (clock soc_io_virtual rise edge)
                                                      0.000     0.000 r  
                         ideal clock network latency
                                                      0.000     0.000    
                         input delay                  2.000     2.000    
                                                      0.000     2.000 r  io_video_output_ready (IN)
                         net (fo=6, unset)            0.787     2.787    acceleratorRegisters/io_video_output_ready
                         LUT3 (Prop_lut3_I2_O)        0.105     2.892 r  acceleratorRegisters/io_video_input_ready_INST_0/O
                         net (fo=0)                   0.787     3.679    io_video_input_ready
                                                                      r  io_video_input_ready (OUT)
  -------------------------------------------------------------------    -------------------

                         (clock soc_io_virtual rise edge)
                                                     10.000    10.000 r  
                         ideal clock network latency
                                                      0.000    10.000    
                         clock pessimism              0.000    10.000    
                         clock uncertainty           -0.025     9.975    
                         output delay                -2.000     7.975    
  -------------------------------------------------------------------
                         required time                          7.975    
                         arrival time                          -3.679    
  -------------------------------------------------------------------
                         slack                                  4.296    

Slack (MET) :             4.637ns  (required time - arrival time)
  Source:                 core/memWb_legal_reg/C
                            (rising edge-triggered cell FDRE clocked by soc_clock  {rise@0.000ns fall@5.000ns period=10.000ns})
  Destination:            io_commit_writeEnable
                            (output port clocked by soc_io_virtual  {rise@0.000ns fall@5.000ns period=10.000ns})
  Path Group:             soc_io_virtual
  Path Type:              Max at Slow Process Corner
  Requirement:            10.000ns  (soc_io_virtual rise@10.000ns - soc_clock rise@0.000ns)
  Data Path Delay:        2.551ns  (logic 0.734ns (28.773%)  route 1.817ns (71.227%))
  Logic Levels:           2  (LUT3=1 LUT6=1)
  Output Delay:           2.000ns
  Clock Path Skew:        -0.787ns (DCD - SCD + CPR)
    Destination Clock Delay (DCD):    0.000ns = ( 10.000 - 10.000 ) 
    Source Clock Delay      (SCD):    0.787ns
    Clock Pessimism Removal (CPR):    0.000ns
  Clock Uncertainty:      0.025ns  ((TSJ^2 + TIJ^2)^1/2 + DJ) / 2 + PE
    Total System Jitter     (TSJ):    0.050ns
    Total Input Jitter      (TIJ):    0.000ns
    Discrete Jitter          (DJ):    0.000ns
    Phase Error              (PE):    0.000ns
  Clock Domain Crossing:  Inter clock paths are considered valid unless explicitly excluded by timing constraints such as set_clock_groups or set_false_path.

    Location             Delay type                Incr(ns)  Path(ns)    Netlist Resource(s)
  -------------------------------------------------------------------    -------------------
                         (clock soc_clock rise edge)
                                                      0.000     0.000 r  
                                                      0.000     0.000 r  clock (IN)
                         net (fo=2268, unset)         0.787     0.787    core/clock
                         FDRE                                         r  core/memWb_legal_reg/C
  -------------------------------------------------------------------    -------------------
                         FDRE (Prop_fdre_C_Q)         0.397     1.184 r  core/memWb_legal_reg/Q
                         net (fo=2, unplaced)         0.610     1.794    core/regFile/memWb_legal
                         LUT3 (Prop_lut3_I0_O)        0.232     2.026 r  core/regFile/io_commit_writeEnable_INST_0_i_1/O
                         net (fo=34, unplaced)        0.420     2.446    core/p_10_in
                         LUT6 (Prop_lut6_I0_O)        0.105     2.551 r  core/io_commit_writeEnable_INST_0/O
                         net (fo=0)                   0.787     3.338    io_commit_writeEnable
                                                                      r  io_commit_writeEnable (OUT)
  -------------------------------------------------------------------    -------------------

                         (clock soc_io_virtual rise edge)
                                                     10.000    10.000 r  
                         ideal clock network latency
                                                      0.000    10.000    
                         clock pessimism              0.000    10.000    
                         clock uncertainty           -0.025     9.975    
                         output delay                -2.000     7.975    
  -------------------------------------------------------------------
                         required time                          7.975    
                         arrival time                          -3.338    
  -------------------------------------------------------------------
                         slack                                  4.637    

Slack (MET) :             5.142ns  (required time - arrival time)
  Source:                 core/exMem_exceptionCause_reg[1]/C
                            (rising edge-triggered cell FDRE clocked by soc_clock  {rise@0.000ns fall@5.000ns period=10.000ns})
  Destination:            io_trap_cause[1]
                            (output port clocked by soc_io_virtual  {rise@0.000ns fall@5.000ns period=10.000ns})
  Path Group:             soc_io_virtual
  Path Type:              Max at Slow Process Corner
  Requirement:            10.000ns  (soc_io_virtual rise@10.000ns - soc_clock rise@0.000ns)
  Data Path Delay:        2.046ns  (logic 0.649ns (31.720%)  route 1.397ns (68.280%))
  Logic Levels:           1  (LUT3=1)
  Output Delay:           2.000ns
  Clock Path Skew:        -0.787ns (DCD - SCD + CPR)
    Destination Clock Delay (DCD):    0.000ns = ( 10.000 - 10.000 ) 
    Source Clock Delay      (SCD):    0.787ns
    Clock Pessimism Removal (CPR):    0.000ns
  Clock Uncertainty:      0.025ns  ((TSJ^2 + TIJ^2)^1/2 + DJ) / 2 + PE
    Total System Jitter     (TSJ):    0.050ns
    Total Input Jitter      (TIJ):    0.000ns
    Discrete Jitter          (DJ):    0.000ns
    Phase Error              (PE):    0.000ns
  Clock Domain Crossing:  Inter clock paths are considered valid unless explicitly excluded by timing constraints such as set_clock_groups or set_false_path.

    Location             Delay type                Incr(ns)  Path(ns)    Netlist Resource(s)
  -------------------------------------------------------------------    -------------------
                         (clock soc_clock rise edge)
                                                      0.000     0.000 r  
                                                      0.000     0.000 r  clock (IN)
                         net (fo=2268, unset)         0.787     0.787    core/clock
                         FDRE                                         r  core/exMem_exceptionCause_reg[1]/C
  -------------------------------------------------------------------    -------------------
                         FDRE (Prop_fdre_C_Q)         0.397     1.184 r  core/exMem_exceptionCause_reg[1]/Q
                         net (fo=2, unplaced)         0.610     1.794    core/exMem_exceptionCause_reg_n_0_[1]
                         LUT3 (Prop_lut3_I0_O)        0.252     2.046 r  core/io_trap_cause[1]_INST_0/O
                         net (fo=0)                   0.787     2.833    io_trap_cause[1]
                                                                      r  io_trap_cause[1] (OUT)
  -------------------------------------------------------------------    -------------------

                         (clock soc_io_virtual rise edge)
                                                     10.000    10.000 r  
                         ideal clock network latency
                                                      0.000    10.000    
                         clock pessimism              0.000    10.000    
                         clock uncertainty           -0.025     9.975    
                         output delay                -2.000     7.975    
  -------------------------------------------------------------------
                         required time                          7.975    
                         arrival time                          -2.833    
  -------------------------------------------------------------------
                         slack                                  5.142    

Slack (MET) :             5.162ns  (required time - arrival time)
  Source:                 core/memWb_legal_reg/C
                            (rising edge-triggered cell FDRE clocked by soc_clock  {rise@0.000ns fall@5.000ns period=10.000ns})
  Destination:            io_commit_valid
                            (output port clocked by soc_io_virtual  {rise@0.000ns fall@5.000ns period=10.000ns})
  Path Group:             soc_io_virtual
  Path Type:              Max at Slow Process Corner
  Requirement:            10.000ns  (soc_io_virtual rise@10.000ns - soc_clock rise@0.000ns)
  Data Path Delay:        2.026ns  (logic 0.629ns (31.046%)  route 1.397ns (68.954%))
  Logic Levels:           1  (LUT3=1)
  Output Delay:           2.000ns
  Clock Path Skew:        -0.787ns (DCD - SCD + CPR)
    Destination Clock Delay (DCD):    0.000ns = ( 10.000 - 10.000 ) 
    Source Clock Delay      (SCD):    0.787ns
    Clock Pessimism Removal (CPR):    0.000ns
  Clock Uncertainty:      0.025ns  ((TSJ^2 + TIJ^2)^1/2 + DJ) / 2 + PE
    Total System Jitter     (TSJ):    0.050ns
    Total Input Jitter      (TIJ):    0.000ns
    Discrete Jitter          (DJ):    0.000ns
    Phase Error              (PE):    0.000ns
  Clock Domain Crossing:  Inter clock paths are considered valid unless explicitly excluded by timing constraints such as set_clock_groups or set_false_path.

    Location             Delay type                Incr(ns)  Path(ns)    Netlist Resource(s)
  -------------------------------------------------------------------    -------------------
                         (clock soc_clock rise edge)
                                                      0.000     0.000 r  
                                                      0.000     0.000 r  clock (IN)
                         net (fo=2268, unset)         0.787     0.787    core/clock
                         FDRE                                         r  core/memWb_legal_reg/C
  -------------------------------------------------------------------    -------------------
                         FDRE (Prop_fdre_C_Q)         0.397     1.184 r  core/memWb_legal_reg/Q
                         net (fo=2, unplaced)         0.610     1.794    core/memWb_legal
                         LUT3 (Prop_lut3_I0_O)        0.232     2.026 r  core/io_commit_valid_INST_0/O
                         net (fo=0)                   0.787     2.813    io_commit_valid
                                                                      r  io_commit_valid (OUT)
  -------------------------------------------------------------------    -------------------

                         (clock soc_io_virtual rise edge)
                                                     10.000    10.000 r  
                         ideal clock network latency
                                                      0.000    10.000    
                         clock pessimism              0.000    10.000    
                         clock uncertainty           -0.025     9.975    
                         output delay                -2.000     7.975    
  -------------------------------------------------------------------
                         required time                          7.975    
                         arrival time                          -2.813    
  -------------------------------------------------------------------
                         slack                                  5.162    

Slack (MET) :             5.378ns  (required time - arrival time)
  Source:                 core/exMem_exceptionValid_reg/C
                            (rising edge-triggered cell FDRE clocked by soc_clock  {rise@0.000ns fall@5.000ns period=10.000ns})
  Destination:            io_trap_cause[3]
                            (output port clocked by soc_io_virtual  {rise@0.000ns fall@5.000ns period=10.000ns})
  Path Group:             soc_io_virtual
  Path Type:              Max at Slow Process Corner
  Requirement:            10.000ns  (soc_io_virtual rise@10.000ns - soc_clock rise@0.000ns)
  Data Path Delay:        1.810ns  (logic 0.629ns (34.751%)  route 1.181ns (65.249%))
  Logic Levels:           1  (LUT2=1)
  Output Delay:           2.000ns
  Clock Path Skew:        -0.787ns (DCD - SCD + CPR)
    Destination Clock Delay (DCD):    0.000ns = ( 10.000 - 10.000 ) 
    Source Clock Delay      (SCD):    0.787ns
    Clock Pessimism Removal (CPR):    0.000ns
  Clock Uncertainty:      0.025ns  ((TSJ^2 + TIJ^2)^1/2 + DJ) / 2 + PE
    Total System Jitter     (TSJ):    0.050ns
    Total Input Jitter      (TIJ):    0.000ns
    Discrete Jitter          (DJ):    0.000ns
    Phase Error              (PE):    0.000ns
  Clock Domain Crossing:  Inter clock paths are considered valid unless explicitly excluded by timing constraints such as set_clock_groups or set_false_path.

    Location             Delay type                Incr(ns)  Path(ns)    Netlist Resource(s)
  -------------------------------------------------------------------    -------------------
                         (clock soc_clock rise edge)
                                                      0.000     0.000 r  
                                                      0.000     0.000 r  clock (IN)
                         net (fo=2268, unset)         0.787     0.787    core/clock
                         FDRE                                         r  core/exMem_exceptionValid_reg/C
  -------------------------------------------------------------------    -------------------
                         FDRE (Prop_fdre_C_Q)         0.397     1.184 r  core/exMem_exceptionValid_reg/Q
                         net (fo=6, unplaced)         0.394     1.578    core/exMem_exceptionValid
                         LUT2 (Prop_lut2_I0_O)        0.232     1.810 r  core/io_trap_cause[3]_INST_0/O
                         net (fo=0)                   0.787     2.597    io_trap_cause[3]
                                                                      r  io_trap_cause[3] (OUT)
  -------------------------------------------------------------------    -------------------

                         (clock soc_io_virtual rise edge)
                                                     10.000    10.000 r  
                         ideal clock network latency
                                                      0.000    10.000    
                         clock pessimism              0.000    10.000    
                         clock uncertainty           -0.025     9.975    
                         output delay                -2.000     7.975    
  -------------------------------------------------------------------
                         required time                          7.975    
                         arrival time                          -2.597    
  -------------------------------------------------------------------
                         slack                                  5.378    

Slack (MET) :             5.500ns  (required time - arrival time)
  Source:                 core/exMem_exceptionValid_reg/C
                            (rising edge-triggered cell FDRE clocked by soc_clock  {rise@0.000ns fall@5.000ns period=10.000ns})
  Destination:            io_trap_cause[2]
                            (output port clocked by soc_io_virtual  {rise@0.000ns fall@5.000ns period=10.000ns})
  Path Group:             soc_io_virtual
  Path Type:              Max at Slow Process Corner
  Requirement:            10.000ns  (soc_io_virtual rise@10.000ns - soc_clock rise@0.000ns)
  Data Path Delay:        1.688ns  (logic 0.629ns (37.263%)  route 1.059ns (62.737%))
  Logic Levels:           1  (LUT1=1)
  Output Delay:           2.000ns
  Clock Path Skew:        -0.787ns (DCD - SCD + CPR)
    Destination Clock Delay (DCD):    0.000ns = ( 10.000 - 10.000 ) 
    Source Clock Delay      (SCD):    0.787ns
    Clock Pessimism Removal (CPR):    0.000ns
  Clock Uncertainty:      0.025ns  ((TSJ^2 + TIJ^2)^1/2 + DJ) / 2 + PE
    Total System Jitter     (TSJ):    0.050ns
    Total Input Jitter      (TIJ):    0.000ns
    Discrete Jitter          (DJ):    0.000ns
    Phase Error              (PE):    0.000ns
  Clock Domain Crossing:  Inter clock paths are considered valid unless explicitly excluded by timing constraints such as set_clock_groups or set_false_path.

    Location             Delay type                Incr(ns)  Path(ns)    Netlist Resource(s)
  -------------------------------------------------------------------    -------------------
                         (clock soc_clock rise edge)
                                                      0.000     0.000 r  
                                                      0.000     0.000 r  clock (IN)
                         net (fo=2268, unset)         0.787     0.787    core/clock
                         FDRE                                         r  core/exMem_exceptionValid_reg/C
  -------------------------------------------------------------------    -------------------
                         FDRE (Prop_fdre_C_Q)         0.397     1.184 f  core/exMem_exceptionValid_reg/Q
                         net (fo=6, unplaced)         0.272     1.456    core/exMem_exceptionValid
                         LUT1 (Prop_lut1_I0_O)        0.232     1.688 r  core/io_trap_cause[2]_INST_0/O
                         net (fo=0)                   0.787     2.475    io_trap_cause[2]
                                                                      r  io_trap_cause[2] (OUT)
  -------------------------------------------------------------------    -------------------

                         (clock soc_io_virtual rise edge)
                                                     10.000    10.000 r  
                         ideal clock network latency
                                                      0.000    10.000    
                         clock pessimism              0.000    10.000    
                         clock uncertainty           -0.025     9.975    
                         output delay                -2.000     7.975    
  -------------------------------------------------------------------
                         required time                          7.975    
                         arrival time                          -2.475    
  -------------------------------------------------------------------
                         slack                                  5.500    

Slack (MET) :             5.504ns  (required time - arrival time)
  Source:                 uart/rxValid_reg/C
                            (rising edge-triggered cell FDRE clocked by soc_clock  {rise@0.000ns fall@5.000ns period=10.000ns})
  Destination:            io_uartRx_ready
                            (output port clocked by soc_io_virtual  {rise@0.000ns fall@5.000ns period=10.000ns})
  Path Group:             soc_io_virtual
  Path Type:              Max at Slow Process Corner
  Requirement:            10.000ns  (soc_io_virtual rise@10.000ns - soc_clock rise@0.000ns)
  Data Path Delay:        1.684ns  (logic 0.629ns (37.352%)  route 1.055ns (62.648%))
  Logic Levels:           1  (LUT1=1)
  Output Delay:           2.000ns
  Clock Path Skew:        -0.787ns (DCD - SCD + CPR)
    Destination Clock Delay (DCD):    0.000ns = ( 10.000 - 10.000 ) 
    Source Clock Delay      (SCD):    0.787ns
    Clock Pessimism Removal (CPR):    0.000ns
  Clock Uncertainty:      0.025ns  ((TSJ^2 + TIJ^2)^1/2 + DJ) / 2 + PE
    Total System Jitter     (TSJ):    0.050ns
    Total Input Jitter      (TIJ):    0.000ns
    Discrete Jitter          (DJ):    0.000ns
    Phase Error              (PE):    0.000ns
  Clock Domain Crossing:  Inter clock paths are considered valid unless explicitly excluded by timing constraints such as set_clock_groups or set_false_path.

    Location             Delay type                Incr(ns)  Path(ns)    Netlist Resource(s)
  -------------------------------------------------------------------    -------------------
                         (clock soc_clock rise edge)
                                                      0.000     0.000 r  
                                                      0.000     0.000 r  clock (IN)
                         net (fo=2268, unset)         0.787     0.787    uart/clock
                         FDRE                                         r  uart/rxValid_reg/C
  -------------------------------------------------------------------    -------------------
                         FDRE (Prop_fdre_C_Q)         0.397     1.184 f  uart/rxValid_reg/Q
                         net (fo=5, unplaced)         0.268     1.452    uart/rxValid
                         LUT1 (Prop_lut1_I0_O)        0.232     1.684 r  uart/io_uartRx_ready_INST_0/O
                         net (fo=0)                   0.787     2.471    io_uartRx_ready
                                                                      r  io_uartRx_ready (OUT)
  -------------------------------------------------------------------    -------------------

                         (clock soc_io_virtual rise edge)
                                                     10.000    10.000 r  
                         ideal clock network latency
                                                      0.000    10.000    
                         clock pessimism              0.000    10.000    
                         clock uncertainty           -0.025     9.975    
                         output delay                -2.000     7.975    
  -------------------------------------------------------------------
                         required time                          7.975    
                         arrival time                          -2.471    
  -------------------------------------------------------------------
                         slack                                  5.504    

Slack (MET) :             5.508ns  (required time - arrival time)
  Source:                 externalDmemResponse/maybe_full_reg/C
                            (rising edge-triggered cell FDRE clocked by soc_clock  {rise@0.000ns fall@5.000ns period=10.000ns})
  Destination:            io_externalDmem_resp_ready
                            (output port clocked by soc_io_virtual  {rise@0.000ns fall@5.000ns period=10.000ns})
  Path Group:             soc_io_virtual
  Path Type:              Max at Slow Process Corner
  Requirement:            10.000ns  (soc_io_virtual rise@10.000ns - soc_clock rise@0.000ns)
  Data Path Delay:        1.680ns  (logic 0.629ns (37.440%)  route 1.051ns (62.560%))
  Logic Levels:           1  (LUT1=1)
  Output Delay:           2.000ns
  Clock Path Skew:        -0.787ns (DCD - SCD + CPR)
    Destination Clock Delay (DCD):    0.000ns = ( 10.000 - 10.000 ) 
    Source Clock Delay      (SCD):    0.787ns
    Clock Pessimism Removal (CPR):    0.000ns
  Clock Uncertainty:      0.025ns  ((TSJ^2 + TIJ^2)^1/2 + DJ) / 2 + PE
    Total System Jitter     (TSJ):    0.050ns
    Total Input Jitter      (TIJ):    0.000ns
    Discrete Jitter          (DJ):    0.000ns
    Phase Error              (PE):    0.000ns
  Clock Domain Crossing:  Inter clock paths are considered valid unless explicitly excluded by timing constraints such as set_clock_groups or set_false_path.

    Location             Delay type                Incr(ns)  Path(ns)    Netlist Resource(s)
  -------------------------------------------------------------------    -------------------
                         (clock soc_clock rise edge)
                                                      0.000     0.000 r  
                                                      0.000     0.000 r  clock (IN)
                         net (fo=2268, unset)         0.787     0.787    externalDmemResponse/clock
                         FDRE                                         r  externalDmemResponse/maybe_full_reg/C
  -------------------------------------------------------------------    -------------------
                         FDRE (Prop_fdre_C_Q)         0.397     1.184 f  externalDmemResponse/maybe_full_reg/Q
                         net (fo=4, unplaced)         0.264     1.448    externalDmemResponse/_externalDmemResponse_io_deq_valid
                         LUT1 (Prop_lut1_I0_O)        0.232     1.680 r  externalDmemResponse/io_externalDmem_resp_ready_INST_0/O
                         net (fo=0)                   0.787     2.467    io_externalDmem_resp_ready
                                                                      r  io_externalDmem_resp_ready (OUT)
  -------------------------------------------------------------------    -------------------

                         (clock soc_io_virtual rise edge)
                                                     10.000    10.000 r  
                         ideal clock network latency
                                                      0.000    10.000    
                         clock pessimism              0.000    10.000    
                         clock uncertainty           -0.025     9.975    
                         output delay                -2.000     7.975    
  -------------------------------------------------------------------
                         required time                          7.975    
                         arrival time                          -2.467    
  -------------------------------------------------------------------
                         slack                                  5.508    




