Copyright 1986-2019 Xilinx, Inc. All Rights Reserved.
--------------------------------------------------------------------------------------------------------------------------------------------------------------------
| Tool Version : Vivado v.2019.2 (win64) Build 2708876 Wed Nov  6 21:40:23 MST 2019
| Date         : Fri Aug 28 22:10:49 2026
| Host         : LAPTOP-C1GK89UB running 64-bit major release  (build 9200)
| Command      : report_timing_summary -delay_type max -max_paths 10 -report_unconstrained -file D:/ZYNQ/smallproject/generated/reports/soc-demo/timing_summary.rpt
| Design       : SoCTop
| Device       : 7z015-clg485
| Speed File   : -2  PRODUCTION 1.11 2014-09-11
--------------------------------------------------------------------------------------------------------------------------------------------------------------------

Timing Summary Report

------------------------------------------------------------------------------------------------
| Timer Settings
| --------------
------------------------------------------------------------------------------------------------

  Enable Multi Corner Analysis               :  Yes
  Enable Pessimism Removal                   :  Yes
  Pessimism Removal Resolution               :  Nearest Common Node
  Enable Input Delay Default Clock           :  No
  Enable Preset / Clear Arcs                 :  No
  Disable Flight Delays                      :  No
  Ignore I/O Paths                           :  No
  Timing Early Launch at Borrowing Latches   :  No
  Borrow Time for Max Delay Exceptions       :  Yes
  Merge Timing Exceptions                    :  Yes

  Corner  Analyze    Analyze    
  Name    Max Paths  Min Paths  
  ------  ---------  ---------  
  Slow    Yes        Yes        
  Fast    Yes        Yes        



check_timing report

Table of Contents
-----------------
1. checking no_clock
2. checking constant_clock
3. checking pulse_width_clock
4. checking unconstrained_internal_endpoints
5. checking no_input_delay
6. checking no_output_delay
7. checking multiple_clock
8. checking generated_clocks
9. checking loops
10. checking partial_input_delay
11. checking partial_output_delay
12. checking latch_loops

1. checking no_clock
--------------------
 There are 0 register/latch pins with no clock.


2. checking constant_clock
--------------------------
 There are 0 register/latch pins with constant_clock.


3. checking pulse_width_clock
-----------------------------
 There are 0 register/latch pins which need pulse_width check


4. checking unconstrained_internal_endpoints
--------------------------------------------
 There are 0 pins that are not constrained for maximum delay.

 There are 0 pins that are not constrained for maximum delay due to constant clock.


5. checking no_input_delay
--------------------------
 There are 97 input ports with no input delay specified. (HIGH)

 There are 0 input ports with no input delay but user has a false path constraint.


6. checking no_output_delay
---------------------------
 There are 329 ports with no output delay specified. (HIGH)

 There are 0 ports with no output delay but user has a false path constraint

 There are 0 ports with no output delay but with a timing clock defined on it or propagating through it


7. checking multiple_clock
--------------------------
 There are 0 register/latch pins with multiple clocks.


8. checking generated_clocks
----------------------------
 There are 0 generated clocks that are not connected to a clock source.


9. checking loops
-----------------
 There are 0 combinational loops in the design.


10. checking partial_input_delay
--------------------------------
 There are 0 input ports with partial input delay specified.


11. checking partial_output_delay
---------------------------------
 There are 0 ports with partial output delay specified.


12. checking latch_loops
------------------------
 There are 0 combinational latch loops in the design through latch input



------------------------------------------------------------------------------------------------
| Design Timing Summary
| ---------------------
------------------------------------------------------------------------------------------------

    WNS(ns)      TNS(ns)  TNS Failing Endpoints  TNS Total Endpoints     WPWS(ns)     TPWS(ns)  TPWS Failing Endpoints  TPWS Total Endpoints  
    -------      -------  ---------------------  -------------------     --------     --------  ----------------------  --------------------  
      1.138        0.000                      0                 4137        3.870        0.000                       0                  1859  


All user specified timing constraints are met.


------------------------------------------------------------------------------------------------
| Clock Summary
| -------------
------------------------------------------------------------------------------------------------

Clock      Waveform(ns)       Period(ns)      Frequency(MHz)
-----      ------------       ----------      --------------
soc_clock  {0.000 5.000}      10.000          100.000         


------------------------------------------------------------------------------------------------
| Intra Clock Table
| -----------------
------------------------------------------------------------------------------------------------

Clock             WNS(ns)      TNS(ns)  TNS Failing Endpoints  TNS Total Endpoints     WPWS(ns)     TPWS(ns)  TPWS Failing Endpoints  TPWS Total Endpoints  
-----             -------      -------  ---------------------  -------------------     --------     --------  ----------------------  --------------------  
soc_clock           1.138        0.000                      0                 4137        3.870        0.000                       0                  1859  


------------------------------------------------------------------------------------------------
| Inter Clock Table
| -----------------
------------------------------------------------------------------------------------------------

From Clock    To Clock          WNS(ns)      TNS(ns)  TNS Failing Endpoints  TNS Total Endpoints  
----------    --------          -------      -------  ---------------------  -------------------  


------------------------------------------------------------------------------------------------
| Other Path Groups Table
| -----------------------
------------------------------------------------------------------------------------------------

Path Group    From Clock    To Clock          WNS(ns)      TNS(ns)  TNS Failing Endpoints  TNS Total Endpoints  
----------    ----------    --------          -------      -------  ---------------------  -------------------  


------------------------------------------------------------------------------------------------
| User Ignored Path Table
| -----------------------
------------------------------------------------------------------------------------------------

Path Group    From Clock    To Clock    
----------    ----------    --------    


------------------------------------------------------------------------------------------------
| Unconstrained Path Table
| ------------------------
------------------------------------------------------------------------------------------------

Path Group    From Clock    To Clock    
----------    ----------    --------    
(none)                                    
(none)        soc_clock                   
(none)                      soc_clock     


------------------------------------------------------------------------------------------------
| Timing Details
| --------------
------------------------------------------------------------------------------------------------


---------------------------------------------------------------------------------------------------
From Clock:  soc_clock
  To Clock:  soc_clock

Setup :            0  Failing Endpoints,  Worst Slack        1.138ns,  Total Violation        0.000ns
Hold  :           NA  Failing Endpoints,  Worst Slack           NA  ,  Total Violation           NA
PW    :            0  Failing Endpoints,  Worst Slack        3.870ns,  Total Violation        0.000ns
---------------------------------------------------------------------------------------------------


Max Delay Paths
--------------------------------------------------------------------------------------
Slack (MET) :             1.138ns  (required time - arrival time)
  Source:                 core/idEx_rs1_reg[2]/C
                            (rising edge-triggered cell FDRE clocked by soc_clock  {rise@0.000ns fall@5.000ns period=10.000ns})
  Destination:            core/frontend/nextPc_reg[0]/CE
                            (rising edge-triggered cell FDRE clocked by soc_clock  {rise@0.000ns fall@5.000ns period=10.000ns})
  Path Group:             soc_clock
  Path Type:              Setup (Max at Slow Process Corner)
  Requirement:            10.000ns  (soc_clock rise@10.000ns - soc_clock rise@0.000ns)
  Data Path Delay:        8.622ns  (logic 2.581ns (29.935%)  route 6.041ns (70.065%))
  Logic Levels:           14  (CARRY4=3 LUT2=1 LUT4=2 LUT5=3 LUT6=5)
  Clock Path Skew:        -0.039ns (DCD - SCD + CPR)
    Destination Clock Delay (DCD):    0.748ns = ( 10.748 - 10.000 ) 
    Source Clock Delay      (SCD):    0.787ns
    Clock Pessimism Removal (CPR):    0.000ns
  Clock Uncertainty:      0.035ns  ((TSJ^2 + TIJ^2)^1/2 + DJ) / 2 + PE
    Total System Jitter     (TSJ):    0.071ns
    Total Input Jitter      (TIJ):    0.000ns
    Discrete Jitter          (DJ):    0.000ns
    Phase Error              (PE):    0.000ns

    Location             Delay type                Incr(ns)  Path(ns)    Netlist Resource(s)
  -------------------------------------------------------------------    -------------------
                         (clock soc_clock rise edge)
                                                      0.000     0.000 r  
                                                      0.000     0.000 r  clock (IN)
                         net (fo=1858, unset)         0.787     0.787    core/clock
                         FDRE                                         r  core/idEx_rs1_reg[2]/C
  -------------------------------------------------------------------    -------------------
                         FDRE (Prop_fdre_C_Q)         0.397     1.184 r  core/idEx_rs1_reg[2]/Q
                         net (fo=3, unplaced)         0.617     1.801    core/frontend/queue/ram_ext/D[2]
                         LUT4 (Prop_lut4_I1_O)        0.232     2.033 r  core/frontend/queue/ram_ext/io_externalImem_req_valid_INST_0_i_64/O
                         net (fo=1, unplaced)         0.807     2.840    core/frontend/queue/ram_ext/io_externalImem_req_valid_INST_0_i_64_n_0
                         LUT5 (Prop_lut5_I0_O)        0.105     2.945 f  core/frontend/queue/ram_ext/io_externalImem_req_valid_INST_0_i_24/O
                         net (fo=127, unplaced)       0.453     3.398    core/frontend/queue/ram_ext/exMem_rd_reg[2]
                         LUT6 (Prop_lut6_I5_O)        0.105     3.503 r  core/frontend/queue/ram_ext/io_externalImem_req_valid_INST_0_i_25/O
                         net (fo=31, unplaced)        0.652     4.155    core/frontend/queue/ram_ext/io_externalImem_req_valid_INST_0_i_25_n_0
                         LUT6 (Prop_lut6_I1_O)        0.105     4.260 r  core/frontend/queue/ram_ext/io_externalImem_req_valid_INST_0_i_11/O
                         net (fo=16, unplaced)        0.836     5.096    core/frontend/queue/ram_ext/memWb_writeData_reg[3]
                         LUT6 (Prop_lut6_I0_O)        0.105     5.201 r  core/frontend/queue/ram_ext/io_externalImem_req_valid_INST_0_i_121/O
                         net (fo=1, unplaced)         0.000     5.201    core/frontend/queue/ram_ext/io_externalImem_req_valid_INST_0_i_121_n_0
                         CARRY4 (Prop_carry4_S[1]_CO[3])
                                                      0.444     5.645 r  core/frontend/queue/ram_ext/io_externalImem_req_valid_INST_0_i_83/CO[3]
                         net (fo=1, unplaced)         0.008     5.653    core/frontend/queue/ram_ext/io_externalImem_req_valid_INST_0_i_83_n_0
                         CARRY4 (Prop_carry4_CI_CO[3])
                                                      0.100     5.753 r  core/frontend/queue/ram_ext/io_externalImem_req_valid_INST_0_i_42/CO[3]
                         net (fo=1, unplaced)         0.000     5.753    core/frontend/queue/ram_ext/io_externalImem_req_valid_INST_0_i_42_n_0
                         CARRY4 (Prop_carry4_CI_CO[2])
                                                      0.211     5.964 f  core/frontend/queue/ram_ext/io_externalImem_req_valid_INST_0_i_21/CO[2]
                         net (fo=1, unplaced)         0.349     6.313    core/frontend/queue/ram_ext/execute/data0
                         LUT5 (Prop_lut5_I4_O)        0.252     6.565 f  core/frontend/queue/ram_ext/io_externalImem_req_valid_INST_0_i_9/O
                         net (fo=1, unplaced)         0.328     6.893    core/frontend/queue/ram_ext/io_externalImem_req_valid_INST_0_i_9_n_0
                         LUT6 (Prop_lut6_I0_O)        0.105     6.998 r  core/frontend/queue/ram_ext/io_externalImem_req_valid_INST_0_i_7/O
                         net (fo=1, unplaced)         0.347     7.345    core/frontend/queue/ram_ext/io_externalImem_req_valid_INST_0_i_7_n_0
                         LUT4 (Prop_lut4_I3_O)        0.105     7.450 f  core/frontend/queue/ram_ext/io_externalImem_req_valid_INST_0_i_3/O
                         net (fo=2, unplaced)         0.358     7.808    core/frontend/queue/ram_ext/p_18_in
                         LUT5 (Prop_lut5_I1_O)        0.105     7.913 f  core/frontend/queue/ram_ext/io_externalImem_req_valid_INST_0_i_2/O
                         net (fo=49, unplaced)        0.429     8.342    core/frontend/queue/exMem_valid_reg
                         LUT6 (Prop_lut6_I5_O)        0.105     8.447 r  core/frontend/queue/requestPc[31]_i_1/O
                         net (fo=34, unplaced)        0.420     8.867    core/frontend/queue/haltedReg_reg[0]
                         LUT2 (Prop_lut2_I1_O)        0.105     8.972 r  core/frontend/queue/nextPc[31]_i_1/O
                         net (fo=32, unplaced)        0.437     9.409    core/frontend/queue_n_113
                         FDRE                                         r  core/frontend/nextPc_reg[0]/CE
  -------------------------------------------------------------------    -------------------

                         (clock soc_clock rise edge)
                                                     10.000    10.000 r  
                                                      0.000    10.000 r  clock (IN)
                         net (fo=1858, unset)         0.748    10.748    core/frontend/clock
                         FDRE                                         r  core/frontend/nextPc_reg[0]/C
                         clock pessimism              0.000    10.748    
                         clock uncertainty           -0.035    10.712    
                         FDRE (Setup_fdre_C_CE)      -0.165    10.547    core/frontend/nextPc_reg[0]
  -------------------------------------------------------------------
                         required time                         10.547    
                         arrival time                          -9.409    
  -------------------------------------------------------------------
                         slack                                  1.138    

Slack (MET) :             1.138ns  (required time - arrival time)
  Source:                 core/idEx_rs1_reg[2]/C
                            (rising edge-triggered cell FDRE clocked by soc_clock  {rise@0.000ns fall@5.000ns period=10.000ns})
  Destination:            core/frontend/nextPc_reg[10]/CE
                            (rising edge-triggered cell FDRE clocked by soc_clock  {rise@0.000ns fall@5.000ns period=10.000ns})
  Path Group:             soc_clock
  Path Type:              Setup (Max at Slow Process Corner)
  Requirement:            10.000ns  (soc_clock rise@10.000ns - soc_clock rise@0.000ns)
  Data Path Delay:        8.622ns  (logic 2.581ns (29.935%)  route 6.041ns (70.065%))
  Logic Levels:           14  (CARRY4=3 LUT2=1 LUT4=2 LUT5=3 LUT6=5)
  Clock Path Skew:        -0.039ns (DCD - SCD + CPR)
    Destination Clock Delay (DCD):    0.748ns = ( 10.748 - 10.000 ) 
    Source Clock Delay      (SCD):    0.787ns
    Clock Pessimism Removal (CPR):    0.000ns
  Clock Uncertainty:      0.035ns  ((TSJ^2 + TIJ^2)^1/2 + DJ) / 2 + PE
    Total System Jitter     (TSJ):    0.071ns
    Total Input Jitter      (TIJ):    0.000ns
    Discrete Jitter          (DJ):    0.000ns
    Phase Error              (PE):    0.000ns

    Location             Delay type                Incr(ns)  Path(ns)    Netlist Resource(s)
  -------------------------------------------------------------------    -------------------
                         (clock soc_clock rise edge)
                                                      0.000     0.000 r  
                                                      0.000     0.000 r  clock (IN)
                         net (fo=1858, unset)         0.787     0.787    core/clock
                         FDRE                                         r  core/idEx_rs1_reg[2]/C
  -------------------------------------------------------------------    -------------------
                         FDRE (Prop_fdre_C_Q)         0.397     1.184 r  core/idEx_rs1_reg[2]/Q
                         net (fo=3, unplaced)         0.617     1.801    core/frontend/queue/ram_ext/D[2]
                         LUT4 (Prop_lut4_I1_O)        0.232     2.033 r  core/frontend/queue/ram_ext/io_externalImem_req_valid_INST_0_i_64/O
                         net (fo=1, unplaced)         0.807     2.840    core/frontend/queue/ram_ext/io_externalImem_req_valid_INST_0_i_64_n_0
                         LUT5 (Prop_lut5_I0_O)        0.105     2.945 f  core/frontend/queue/ram_ext/io_externalImem_req_valid_INST_0_i_24/O
                         net (fo=127, unplaced)       0.453     3.398    core/frontend/queue/ram_ext/exMem_rd_reg[2]
                         LUT6 (Prop_lut6_I5_O)        0.105     3.503 r  core/frontend/queue/ram_ext/io_externalImem_req_valid_INST_0_i_25/O
                         net (fo=31, unplaced)        0.652     4.155    core/frontend/queue/ram_ext/io_externalImem_req_valid_INST_0_i_25_n_0
                         LUT6 (Prop_lut6_I1_O)        0.105     4.260 r  core/frontend/queue/ram_ext/io_externalImem_req_valid_INST_0_i_11/O
                         net (fo=16, unplaced)        0.836     5.096    core/frontend/queue/ram_ext/memWb_writeData_reg[3]
                         LUT6 (Prop_lut6_I0_O)        0.105     5.201 r  core/frontend/queue/ram_ext/io_externalImem_req_valid_INST_0_i_121/O
                         net (fo=1, unplaced)         0.000     5.201    core/frontend/queue/ram_ext/io_externalImem_req_valid_INST_0_i_121_n_0
                         CARRY4 (Prop_carry4_S[1]_CO[3])
                                                      0.444     5.645 r  core/frontend/queue/ram_ext/io_externalImem_req_valid_INST_0_i_83/CO[3]
                         net (fo=1, unplaced)         0.008     5.653    core/frontend/queue/ram_ext/io_externalImem_req_valid_INST_0_i_83_n_0
                         CARRY4 (Prop_carry4_CI_CO[3])
                                                      0.100     5.753 r  core/frontend/queue/ram_ext/io_externalImem_req_valid_INST_0_i_42/CO[3]
                         net (fo=1, unplaced)         0.000     5.753    core/frontend/queue/ram_ext/io_externalImem_req_valid_INST_0_i_42_n_0
                         CARRY4 (Prop_carry4_CI_CO[2])
                                                      0.211     5.964 f  core/frontend/queue/ram_ext/io_externalImem_req_valid_INST_0_i_21/CO[2]
                         net (fo=1, unplaced)         0.349     6.313    core/frontend/queue/ram_ext/execute/data0
                         LUT5 (Prop_lut5_I4_O)        0.252     6.565 f  core/frontend/queue/ram_ext/io_externalImem_req_valid_INST_0_i_9/O
                         net (fo=1, unplaced)         0.328     6.893    core/frontend/queue/ram_ext/io_externalImem_req_valid_INST_0_i_9_n_0
                         LUT6 (Prop_lut6_I0_O)        0.105     6.998 r  core/frontend/queue/ram_ext/io_externalImem_req_valid_INST_0_i_7/O
                         net (fo=1, unplaced)         0.347     7.345    core/frontend/queue/ram_ext/io_externalImem_req_valid_INST_0_i_7_n_0
                         LUT4 (Prop_lut4_I3_O)        0.105     7.450 f  core/frontend/queue/ram_ext/io_externalImem_req_valid_INST_0_i_3/O
                         net (fo=2, unplaced)         0.358     7.808    core/frontend/queue/ram_ext/p_18_in
                         LUT5 (Prop_lut5_I1_O)        0.105     7.913 f  core/frontend/queue/ram_ext/io_externalImem_req_valid_INST_0_i_2/O
                         net (fo=49, unplaced)        0.429     8.342    core/frontend/queue/exMem_valid_reg
                         LUT6 (Prop_lut6_I5_O)        0.105     8.447 r  core/frontend/queue/requestPc[31]_i_1/O
                         net (fo=34, unplaced)        0.420     8.867    core/frontend/queue/haltedReg_reg[0]
                         LUT2 (Prop_lut2_I1_O)        0.105     8.972 r  core/frontend/queue/nextPc[31]_i_1/O
                         net (fo=32, unplaced)        0.437     9.409    core/frontend/queue_n_113
                         FDRE                                         r  core/frontend/nextPc_reg[10]/CE
  -------------------------------------------------------------------    -------------------

                         (clock soc_clock rise edge)
                                                     10.000    10.000 r  
                                                      0.000    10.000 r  clock (IN)
                         net (fo=1858, unset)         0.748    10.748    core/frontend/clock
                         FDRE                                         r  core/frontend/nextPc_reg[10]/C
                         clock pessimism              0.000    10.748    
                         clock uncertainty           -0.035    10.712    
                         FDRE (Setup_fdre_C_CE)      -0.165    10.547    core/frontend/nextPc_reg[10]
  -------------------------------------------------------------------
                         required time                         10.547    
                         arrival time                          -9.409    
  -------------------------------------------------------------------
                         slack                                  1.138    

Slack (MET) :             1.138ns  (required time - arrival time)
  Source:                 core/idEx_rs1_reg[2]/C
                            (rising edge-triggered cell FDRE clocked by soc_clock  {rise@0.000ns fall@5.000ns period=10.000ns})
  Destination:            core/frontend/nextPc_reg[11]/CE
                            (rising edge-triggered cell FDRE clocked by soc_clock  {rise@0.000ns fall@5.000ns period=10.000ns})
  Path Group:             soc_clock
  Path Type:              Setup (Max at Slow Process Corner)
  Requirement:            10.000ns  (soc_clock rise@10.000ns - soc_clock rise@0.000ns)
  Data Path Delay:        8.622ns  (logic 2.581ns (29.935%)  route 6.041ns (70.065%))
  Logic Levels:           14  (CARRY4=3 LUT2=1 LUT4=2 LUT5=3 LUT6=5)
  Clock Path Skew:        -0.039ns (DCD - SCD + CPR)
    Destination Clock Delay (DCD):    0.748ns = ( 10.748 - 10.000 ) 
    Source Clock Delay      (SCD):    0.787ns
    Clock Pessimism Removal (CPR):    0.000ns
  Clock Uncertainty:      0.035ns  ((TSJ^2 + TIJ^2)^1/2 + DJ) / 2 + PE
    Total System Jitter     (TSJ):    0.071ns
    Total Input Jitter      (TIJ):    0.000ns
    Discrete Jitter          (DJ):    0.000ns
    Phase Error              (PE):    0.000ns

    Location             Delay type                Incr(ns)  Path(ns)    Netlist Resource(s)
  -------------------------------------------------------------------    -------------------
                         (clock soc_clock rise edge)
                                                      0.000     0.000 r  
                                                      0.000     0.000 r  clock (IN)
                         net (fo=1858, unset)         0.787     0.787    core/clock
                         FDRE                                         r  core/idEx_rs1_reg[2]/C
  -------------------------------------------------------------------    -------------------
                         FDRE (Prop_fdre_C_Q)         0.397     1.184 r  core/idEx_rs1_reg[2]/Q
                         net (fo=3, unplaced)         0.617     1.801    core/frontend/queue/ram_ext/D[2]
                         LUT4 (Prop_lut4_I1_O)        0.232     2.033 r  core/frontend/queue/ram_ext/io_externalImem_req_valid_INST_0_i_64/O
                         net (fo=1, unplaced)         0.807     2.840    core/frontend/queue/ram_ext/io_externalImem_req_valid_INST_0_i_64_n_0
                         LUT5 (Prop_lut5_I0_O)        0.105     2.945 f  core/frontend/queue/ram_ext/io_externalImem_req_valid_INST_0_i_24/O
                         net (fo=127, unplaced)       0.453     3.398    core/frontend/queue/ram_ext/exMem_rd_reg[2]
                         LUT6 (Prop_lut6_I5_O)        0.105     3.503 r  core/frontend/queue/ram_ext/io_externalImem_req_valid_INST_0_i_25/O
                         net (fo=31, unplaced)        0.652     4.155    core/frontend/queue/ram_ext/io_externalImem_req_valid_INST_0_i_25_n_0
                         LUT6 (Prop_lut6_I1_O)        0.105     4.260 r  core/frontend/queue/ram_ext/io_externalImem_req_valid_INST_0_i_11/O
                         net (fo=16, unplaced)        0.836     5.096    core/frontend/queue/ram_ext/memWb_writeData_reg[3]
                         LUT6 (Prop_lut6_I0_O)        0.105     5.201 r  core/frontend/queue/ram_ext/io_externalImem_req_valid_INST_0_i_121/O
                         net (fo=1, unplaced)         0.000     5.201    core/frontend/queue/ram_ext/io_externalImem_req_valid_INST_0_i_121_n_0
                         CARRY4 (Prop_carry4_S[1]_CO[3])
                                                      0.444     5.645 r  core/frontend/queue/ram_ext/io_externalImem_req_valid_INST_0_i_83/CO[3]
                         net (fo=1, unplaced)         0.008     5.653    core/frontend/queue/ram_ext/io_externalImem_req_valid_INST_0_i_83_n_0
                         CARRY4 (Prop_carry4_CI_CO[3])
                                                      0.100     5.753 r  core/frontend/queue/ram_ext/io_externalImem_req_valid_INST_0_i_42/CO[3]
                         net (fo=1, unplaced)         0.000     5.753    core/frontend/queue/ram_ext/io_externalImem_req_valid_INST_0_i_42_n_0
                         CARRY4 (Prop_carry4_CI_CO[2])
                                                      0.211     5.964 f  core/frontend/queue/ram_ext/io_externalImem_req_valid_INST_0_i_21/CO[2]
                         net (fo=1, unplaced)         0.349     6.313    core/frontend/queue/ram_ext/execute/data0
                         LUT5 (Prop_lut5_I4_O)        0.252     6.565 f  core/frontend/queue/ram_ext/io_externalImem_req_valid_INST_0_i_9/O
                         net (fo=1, unplaced)         0.328     6.893    core/frontend/queue/ram_ext/io_externalImem_req_valid_INST_0_i_9_n_0
                         LUT6 (Prop_lut6_I0_O)        0.105     6.998 r  core/frontend/queue/ram_ext/io_externalImem_req_valid_INST_0_i_7/O
                         net (fo=1, unplaced)         0.347     7.345    core/frontend/queue/ram_ext/io_externalImem_req_valid_INST_0_i_7_n_0
                         LUT4 (Prop_lut4_I3_O)        0.105     7.450 f  core/frontend/queue/ram_ext/io_externalImem_req_valid_INST_0_i_3/O
                         net (fo=2, unplaced)         0.358     7.808    core/frontend/queue/ram_ext/p_18_in
                         LUT5 (Prop_lut5_I1_O)        0.105     7.913 f  core/frontend/queue/ram_ext/io_externalImem_req_valid_INST_0_i_2/O
                         net (fo=49, unplaced)        0.429     8.342    core/frontend/queue/exMem_valid_reg
                         LUT6 (Prop_lut6_I5_O)        0.105     8.447 r  core/frontend/queue/requestPc[31]_i_1/O
                         net (fo=34, unplaced)        0.420     8.867    core/frontend/queue/haltedReg_reg[0]
                         LUT2 (Prop_lut2_I1_O)        0.105     8.972 r  core/frontend/queue/nextPc[31]_i_1/O
                         net (fo=32, unplaced)        0.437     9.409    core/frontend/queue_n_113
                         FDRE                                         r  core/frontend/nextPc_reg[11]/CE
  -------------------------------------------------------------------    -------------------

                         (clock soc_clock rise edge)
                                                     10.000    10.000 r  
                                                      0.000    10.000 r  clock (IN)
                         net (fo=1858, unset)         0.748    10.748    core/frontend/clock
                         FDRE                                         r  core/frontend/nextPc_reg[11]/C
                         clock pessimism              0.000    10.748    
                         clock uncertainty           -0.035    10.712    
                         FDRE (Setup_fdre_C_CE)      -0.165    10.547    core/frontend/nextPc_reg[11]
  -------------------------------------------------------------------
                         required time                         10.547    
                         arrival time                          -9.409    
  -------------------------------------------------------------------
                         slack                                  1.138    

Slack (MET) :             1.138ns  (required time - arrival time)
  Source:                 core/idEx_rs1_reg[2]/C
                            (rising edge-triggered cell FDRE clocked by soc_clock  {rise@0.000ns fall@5.000ns period=10.000ns})
  Destination:            core/frontend/nextPc_reg[12]/CE
                            (rising edge-triggered cell FDRE clocked by soc_clock  {rise@0.000ns fall@5.000ns period=10.000ns})
  Path Group:             soc_clock
  Path Type:              Setup (Max at Slow Process Corner)
  Requirement:            10.000ns  (soc_clock rise@10.000ns - soc_clock rise@0.000ns)
  Data Path Delay:        8.622ns  (logic 2.581ns (29.935%)  route 6.041ns (70.065%))
  Logic Levels:           14  (CARRY4=3 LUT2=1 LUT4=2 LUT5=3 LUT6=5)
  Clock Path Skew:        -0.039ns (DCD - SCD + CPR)
    Destination Clock Delay (DCD):    0.748ns = ( 10.748 - 10.000 ) 
    Source Clock Delay      (SCD):    0.787ns
    Clock Pessimism Removal (CPR):    0.000ns
  Clock Uncertainty:      0.035ns  ((TSJ^2 + TIJ^2)^1/2 + DJ) / 2 + PE
    Total System Jitter     (TSJ):    0.071ns
    Total Input Jitter      (TIJ):    0.000ns
    Discrete Jitter          (DJ):    0.000ns
    Phase Error              (PE):    0.000ns

    Location             Delay type                Incr(ns)  Path(ns)    Netlist Resource(s)
  -------------------------------------------------------------------    -------------------
                         (clock soc_clock rise edge)
                                                      0.000     0.000 r  
                                                      0.000     0.000 r  clock (IN)
                         net (fo=1858, unset)         0.787     0.787    core/clock
                         FDRE                                         r  core/idEx_rs1_reg[2]/C
  -------------------------------------------------------------------    -------------------
                         FDRE (Prop_fdre_C_Q)         0.397     1.184 r  core/idEx_rs1_reg[2]/Q
                         net (fo=3, unplaced)         0.617     1.801    core/frontend/queue/ram_ext/D[2]
                         LUT4 (Prop_lut4_I1_O)        0.232     2.033 r  core/frontend/queue/ram_ext/io_externalImem_req_valid_INST_0_i_64/O
                         net (fo=1, unplaced)         0.807     2.840    core/frontend/queue/ram_ext/io_externalImem_req_valid_INST_0_i_64_n_0
                         LUT5 (Prop_lut5_I0_O)        0.105     2.945 f  core/frontend/queue/ram_ext/io_externalImem_req_valid_INST_0_i_24/O
                         net (fo=127, unplaced)       0.453     3.398    core/frontend/queue/ram_ext/exMem_rd_reg[2]
                         LUT6 (Prop_lut6_I5_O)        0.105     3.503 r  core/frontend/queue/ram_ext/io_externalImem_req_valid_INST_0_i_25/O
                         net (fo=31, unplaced)        0.652     4.155    core/frontend/queue/ram_ext/io_externalImem_req_valid_INST_0_i_25_n_0
                         LUT6 (Prop_lut6_I1_O)        0.105     4.260 r  core/frontend/queue/ram_ext/io_externalImem_req_valid_INST_0_i_11/O
                         net (fo=16, unplaced)        0.836     5.096    core/frontend/queue/ram_ext/memWb_writeData_reg[3]
                         LUT6 (Prop_lut6_I0_O)        0.105     5.201 r  core/frontend/queue/ram_ext/io_externalImem_req_valid_INST_0_i_121/O
                         net (fo=1, unplaced)         0.000     5.201    core/frontend/queue/ram_ext/io_externalImem_req_valid_INST_0_i_121_n_0
                         CARRY4 (Prop_carry4_S[1]_CO[3])
                                                      0.444     5.645 r  core/frontend/queue/ram_ext/io_externalImem_req_valid_INST_0_i_83/CO[3]
                         net (fo=1, unplaced)         0.008     5.653    core/frontend/queue/ram_ext/io_externalImem_req_valid_INST_0_i_83_n_0
                         CARRY4 (Prop_carry4_CI_CO[3])
                                                      0.100     5.753 r  core/frontend/queue/ram_ext/io_externalImem_req_valid_INST_0_i_42/CO[3]
                         net (fo=1, unplaced)         0.000     5.753    core/frontend/queue/ram_ext/io_externalImem_req_valid_INST_0_i_42_n_0
                         CARRY4 (Prop_carry4_CI_CO[2])
                                                      0.211     5.964 f  core/frontend/queue/ram_ext/io_externalImem_req_valid_INST_0_i_21/CO[2]
                         net (fo=1, unplaced)         0.349     6.313    core/frontend/queue/ram_ext/execute/data0
                         LUT5 (Prop_lut5_I4_O)        0.252     6.565 f  core/frontend/queue/ram_ext/io_externalImem_req_valid_INST_0_i_9/O
                         net (fo=1, unplaced)         0.328     6.893    core/frontend/queue/ram_ext/io_externalImem_req_valid_INST_0_i_9_n_0
                         LUT6 (Prop_lut6_I0_O)        0.105     6.998 r  core/frontend/queue/ram_ext/io_externalImem_req_valid_INST_0_i_7/O
                         net (fo=1, unplaced)         0.347     7.345    core/frontend/queue/ram_ext/io_externalImem_req_valid_INST_0_i_7_n_0
                         LUT4 (Prop_lut4_I3_O)        0.105     7.450 f  core/frontend/queue/ram_ext/io_externalImem_req_valid_INST_0_i_3/O
                         net (fo=2, unplaced)         0.358     7.808    core/frontend/queue/ram_ext/p_18_in
                         LUT5 (Prop_lut5_I1_O)        0.105     7.913 f  core/frontend/queue/ram_ext/io_externalImem_req_valid_INST_0_i_2/O
                         net (fo=49, unplaced)        0.429     8.342    core/frontend/queue/exMem_valid_reg
                         LUT6 (Prop_lut6_I5_O)        0.105     8.447 r  core/frontend/queue/requestPc[31]_i_1/O
                         net (fo=34, unplaced)        0.420     8.867    core/frontend/queue/haltedReg_reg[0]
                         LUT2 (Prop_lut2_I1_O)        0.105     8.972 r  core/frontend/queue/nextPc[31]_i_1/O
                         net (fo=32, unplaced)        0.437     9.409    core/frontend/queue_n_113
                         FDRE                                         r  core/frontend/nextPc_reg[12]/CE
  -------------------------------------------------------------------    -------------------

                         (clock soc_clock rise edge)
                                                     10.000    10.000 r  
                                                      0.000    10.000 r  clock (IN)
                         net (fo=1858, unset)         0.748    10.748    core/frontend/clock
                         FDRE                                         r  core/frontend/nextPc_reg[12]/C
                         clock pessimism              0.000    10.748    
                         clock uncertainty           -0.035    10.712    
                         FDRE (Setup_fdre_C_CE)      -0.165    10.547    core/frontend/nextPc_reg[12]
  -------------------------------------------------------------------
                         required time                         10.547    
                         arrival time                          -9.409    
  -------------------------------------------------------------------
                         slack                                  1.138    

Slack (MET) :             1.138ns  (required time - arrival time)
  Source:                 core/idEx_rs1_reg[2]/C
                            (rising edge-triggered cell FDRE clocked by soc_clock  {rise@0.000ns fall@5.000ns period=10.000ns})
  Destination:            core/frontend/nextPc_reg[13]/CE
                            (rising edge-triggered cell FDRE clocked by soc_clock  {rise@0.000ns fall@5.000ns period=10.000ns})
  Path Group:             soc_clock
  Path Type:              Setup (Max at Slow Process Corner)
  Requirement:            10.000ns  (soc_clock rise@10.000ns - soc_clock rise@0.000ns)
  Data Path Delay:        8.622ns  (logic 2.581ns (29.935%)  route 6.041ns (70.065%))
  Logic Levels:           14  (CARRY4=3 LUT2=1 LUT4=2 LUT5=3 LUT6=5)
  Clock Path Skew:        -0.039ns (DCD - SCD + CPR)
    Destination Clock Delay (DCD):    0.748ns = ( 10.748 - 10.000 ) 
    Source Clock Delay      (SCD):    0.787ns
    Clock Pessimism Removal (CPR):    0.000ns
  Clock Uncertainty:      0.035ns  ((TSJ^2 + TIJ^2)^1/2 + DJ) / 2 + PE
    Total System Jitter     (TSJ):    0.071ns
    Total Input Jitter      (TIJ):    0.000ns
    Discrete Jitter          (DJ):    0.000ns
    Phase Error              (PE):    0.000ns

    Location             Delay type                Incr(ns)  Path(ns)    Netlist Resource(s)
  -------------------------------------------------------------------    -------------------
                         (clock soc_clock rise edge)
                                                      0.000     0.000 r  
                                                      0.000     0.000 r  clock (IN)
                         net (fo=1858, unset)         0.787     0.787    core/clock
                         FDRE                                         r  core/idEx_rs1_reg[2]/C
  -------------------------------------------------------------------    -------------------
                         FDRE (Prop_fdre_C_Q)         0.397     1.184 r  core/idEx_rs1_reg[2]/Q
                         net (fo=3, unplaced)         0.617     1.801    core/frontend/queue/ram_ext/D[2]
                         LUT4 (Prop_lut4_I1_O)        0.232     2.033 r  core/frontend/queue/ram_ext/io_externalImem_req_valid_INST_0_i_64/O
                         net (fo=1, unplaced)         0.807     2.840    core/frontend/queue/ram_ext/io_externalImem_req_valid_INST_0_i_64_n_0
                         LUT5 (Prop_lut5_I0_O)        0.105     2.945 f  core/frontend/queue/ram_ext/io_externalImem_req_valid_INST_0_i_24/O
                         net (fo=127, unplaced)       0.453     3.398    core/frontend/queue/ram_ext/exMem_rd_reg[2]
                         LUT6 (Prop_lut6_I5_O)        0.105     3.503 r  core/frontend/queue/ram_ext/io_externalImem_req_valid_INST_0_i_25/O
                         net (fo=31, unplaced)        0.652     4.155    core/frontend/queue/ram_ext/io_externalImem_req_valid_INST_0_i_25_n_0
                         LUT6 (Prop_lut6_I1_O)        0.105     4.260 r  core/frontend/queue/ram_ext/io_externalImem_req_valid_INST_0_i_11/O
                         net (fo=16, unplaced)        0.836     5.096    core/frontend/queue/ram_ext/memWb_writeData_reg[3]
                         LUT6 (Prop_lut6_I0_O)        0.105     5.201 r  core/frontend/queue/ram_ext/io_externalImem_req_valid_INST_0_i_121/O
                         net (fo=1, unplaced)         0.000     5.201    core/frontend/queue/ram_ext/io_externalImem_req_valid_INST_0_i_121_n_0
                         CARRY4 (Prop_carry4_S[1]_CO[3])
                                                      0.444     5.645 r  core/frontend/queue/ram_ext/io_externalImem_req_valid_INST_0_i_83/CO[3]
                         net (fo=1, unplaced)         0.008     5.653    core/frontend/queue/ram_ext/io_externalImem_req_valid_INST_0_i_83_n_0
                         CARRY4 (Prop_carry4_CI_CO[3])
                                                      0.100     5.753 r  core/frontend/queue/ram_ext/io_externalImem_req_valid_INST_0_i_42/CO[3]
                         net (fo=1, unplaced)         0.000     5.753    core/frontend/queue/ram_ext/io_externalImem_req_valid_INST_0_i_42_n_0
                         CARRY4 (Prop_carry4_CI_CO[2])
                                                      0.211     5.964 f  core/frontend/queue/ram_ext/io_externalImem_req_valid_INST_0_i_21/CO[2]
                         net (fo=1, unplaced)         0.349     6.313    core/frontend/queue/ram_ext/execute/data0
                         LUT5 (Prop_lut5_I4_O)        0.252     6.565 f  core/frontend/queue/ram_ext/io_externalImem_req_valid_INST_0_i_9/O
                         net (fo=1, unplaced)         0.328     6.893    core/frontend/queue/ram_ext/io_externalImem_req_valid_INST_0_i_9_n_0
                         LUT6 (Prop_lut6_I0_O)        0.105     6.998 r  core/frontend/queue/ram_ext/io_externalImem_req_valid_INST_0_i_7/O
                         net (fo=1, unplaced)         0.347     7.345    core/frontend/queue/ram_ext/io_externalImem_req_valid_INST_0_i_7_n_0
                         LUT4 (Prop_lut4_I3_O)        0.105     7.450 f  core/frontend/queue/ram_ext/io_externalImem_req_valid_INST_0_i_3/O
                         net (fo=2, unplaced)         0.358     7.808    core/frontend/queue/ram_ext/p_18_in
                         LUT5 (Prop_lut5_I1_O)        0.105     7.913 f  core/frontend/queue/ram_ext/io_externalImem_req_valid_INST_0_i_2/O
                         net (fo=49, unplaced)        0.429     8.342    core/frontend/queue/exMem_valid_reg
                         LUT6 (Prop_lut6_I5_O)        0.105     8.447 r  core/frontend/queue/requestPc[31]_i_1/O
                         net (fo=34, unplaced)        0.420     8.867    core/frontend/queue/haltedReg_reg[0]
                         LUT2 (Prop_lut2_I1_O)        0.105     8.972 r  core/frontend/queue/nextPc[31]_i_1/O
                         net (fo=32, unplaced)        0.437     9.409    core/frontend/queue_n_113
                         FDRE                                         r  core/frontend/nextPc_reg[13]/CE
  -------------------------------------------------------------------    -------------------

                         (clock soc_clock rise edge)
                                                     10.000    10.000 r  
                                                      0.000    10.000 r  clock (IN)
                         net (fo=1858, unset)         0.748    10.748    core/frontend/clock
                         FDRE                                         r  core/frontend/nextPc_reg[13]/C
                         clock pessimism              0.000    10.748    
                         clock uncertainty           -0.035    10.712    
                         FDRE (Setup_fdre_C_CE)      -0.165    10.547    core/frontend/nextPc_reg[13]
  -------------------------------------------------------------------
                         required time                         10.547    
                         arrival time                          -9.409    
  -------------------------------------------------------------------
                         slack                                  1.138    

Slack (MET) :             1.138ns  (required time - arrival time)
  Source:                 core/idEx_rs1_reg[2]/C
                            (rising edge-triggered cell FDRE clocked by soc_clock  {rise@0.000ns fall@5.000ns period=10.000ns})
  Destination:            core/frontend/nextPc_reg[14]/CE
                            (rising edge-triggered cell FDRE clocked by soc_clock  {rise@0.000ns fall@5.000ns period=10.000ns})
  Path Group:             soc_clock
  Path Type:              Setup (Max at Slow Process Corner)
  Requirement:            10.000ns  (soc_clock rise@10.000ns - soc_clock rise@0.000ns)
  Data Path Delay:        8.622ns  (logic 2.581ns (29.935%)  route 6.041ns (70.065%))
  Logic Levels:           14  (CARRY4=3 LUT2=1 LUT4=2 LUT5=3 LUT6=5)
  Clock Path Skew:        -0.039ns (DCD - SCD + CPR)
    Destination Clock Delay (DCD):    0.748ns = ( 10.748 - 10.000 ) 
    Source Clock Delay      (SCD):    0.787ns
    Clock Pessimism Removal (CPR):    0.000ns
  Clock Uncertainty:      0.035ns  ((TSJ^2 + TIJ^2)^1/2 + DJ) / 2 + PE
    Total System Jitter     (TSJ):    0.071ns
    Total Input Jitter      (TIJ):    0.000ns
    Discrete Jitter          (DJ):    0.000ns
    Phase Error              (PE):    0.000ns

    Location             Delay type                Incr(ns)  Path(ns)    Netlist Resource(s)
  -------------------------------------------------------------------    -------------------
                         (clock soc_clock rise edge)
                                                      0.000     0.000 r  
                                                      0.000     0.000 r  clock (IN)
                         net (fo=1858, unset)         0.787     0.787    core/clock
                         FDRE                                         r  core/idEx_rs1_reg[2]/C
  -------------------------------------------------------------------    -------------------
                         FDRE (Prop_fdre_C_Q)         0.397     1.184 r  core/idEx_rs1_reg[2]/Q
                         net (fo=3, unplaced)         0.617     1.801    core/frontend/queue/ram_ext/D[2]
                         LUT4 (Prop_lut4_I1_O)        0.232     2.033 r  core/frontend/queue/ram_ext/io_externalImem_req_valid_INST_0_i_64/O
                         net (fo=1, unplaced)         0.807     2.840    core/frontend/queue/ram_ext/io_externalImem_req_valid_INST_0_i_64_n_0
                         LUT5 (Prop_lut5_I0_O)        0.105     2.945 f  core/frontend/queue/ram_ext/io_externalImem_req_valid_INST_0_i_24/O
                         net (fo=127, unplaced)       0.453     3.398    core/frontend/queue/ram_ext/exMem_rd_reg[2]
                         LUT6 (Prop_lut6_I5_O)        0.105     3.503 r  core/frontend/queue/ram_ext/io_externalImem_req_valid_INST_0_i_25/O
                         net (fo=31, unplaced)        0.652     4.155    core/frontend/queue/ram_ext/io_externalImem_req_valid_INST_0_i_25_n_0
                         LUT6 (Prop_lut6_I1_O)        0.105     4.260 r  core/frontend/queue/ram_ext/io_externalImem_req_valid_INST_0_i_11/O
                         net (fo=16, unplaced)        0.836     5.096    core/frontend/queue/ram_ext/memWb_writeData_reg[3]
                         LUT6 (Prop_lut6_I0_O)        0.105     5.201 r  core/frontend/queue/ram_ext/io_externalImem_req_valid_INST_0_i_121/O
                         net (fo=1, unplaced)         0.000     5.201    core/frontend/queue/ram_ext/io_externalImem_req_valid_INST_0_i_121_n_0
                         CARRY4 (Prop_carry4_S[1]_CO[3])
                                                      0.444     5.645 r  core/frontend/queue/ram_ext/io_externalImem_req_valid_INST_0_i_83/CO[3]
                         net (fo=1, unplaced)         0.008     5.653    core/frontend/queue/ram_ext/io_externalImem_req_valid_INST_0_i_83_n_0
                         CARRY4 (Prop_carry4_CI_CO[3])
                                                      0.100     5.753 r  core/frontend/queue/ram_ext/io_externalImem_req_valid_INST_0_i_42/CO[3]
                         net (fo=1, unplaced)         0.000     5.753    core/frontend/queue/ram_ext/io_externalImem_req_valid_INST_0_i_42_n_0
                         CARRY4 (Prop_carry4_CI_CO[2])
                                                      0.211     5.964 f  core/frontend/queue/ram_ext/io_externalImem_req_valid_INST_0_i_21/CO[2]
                         net (fo=1, unplaced)         0.349     6.313    core/frontend/queue/ram_ext/execute/data0
                         LUT5 (Prop_lut5_I4_O)        0.252     6.565 f  core/frontend/queue/ram_ext/io_externalImem_req_valid_INST_0_i_9/O
                         net (fo=1, unplaced)         0.328     6.893    core/frontend/queue/ram_ext/io_externalImem_req_valid_INST_0_i_9_n_0
                         LUT6 (Prop_lut6_I0_O)        0.105     6.998 r  core/frontend/queue/ram_ext/io_externalImem_req_valid_INST_0_i_7/O
                         net (fo=1, unplaced)         0.347     7.345    core/frontend/queue/ram_ext/io_externalImem_req_valid_INST_0_i_7_n_0
                         LUT4 (Prop_lut4_I3_O)        0.105     7.450 f  core/frontend/queue/ram_ext/io_externalImem_req_valid_INST_0_i_3/O
                         net (fo=2, unplaced)         0.358     7.808    core/frontend/queue/ram_ext/p_18_in
                         LUT5 (Prop_lut5_I1_O)        0.105     7.913 f  core/frontend/queue/ram_ext/io_externalImem_req_valid_INST_0_i_2/O
                         net (fo=49, unplaced)        0.429     8.342    core/frontend/queue/exMem_valid_reg
                         LUT6 (Prop_lut6_I5_O)        0.105     8.447 r  core/frontend/queue/requestPc[31]_i_1/O
                         net (fo=34, unplaced)        0.420     8.867    core/frontend/queue/haltedReg_reg[0]
                         LUT2 (Prop_lut2_I1_O)        0.105     8.972 r  core/frontend/queue/nextPc[31]_i_1/O
                         net (fo=32, unplaced)        0.437     9.409    core/frontend/queue_n_113
                         FDRE                                         r  core/frontend/nextPc_reg[14]/CE
  -------------------------------------------------------------------    -------------------

                         (clock soc_clock rise edge)
                                                     10.000    10.000 r  
                                                      0.000    10.000 r  clock (IN)
                         net (fo=1858, unset)         0.748    10.748    core/frontend/clock
                         FDRE                                         r  core/frontend/nextPc_reg[14]/C
                         clock pessimism              0.000    10.748    
                         clock uncertainty           -0.035    10.712    
                         FDRE (Setup_fdre_C_CE)      -0.165    10.547    core/frontend/nextPc_reg[14]
  -------------------------------------------------------------------
                         required time                         10.547    
                         arrival time                          -9.409    
  -------------------------------------------------------------------
                         slack                                  1.138    

Slack (MET) :             1.138ns  (required time - arrival time)
  Source:                 core/idEx_rs1_reg[2]/C
                            (rising edge-triggered cell FDRE clocked by soc_clock  {rise@0.000ns fall@5.000ns period=10.000ns})
  Destination:            core/frontend/nextPc_reg[15]/CE
                            (rising edge-triggered cell FDRE clocked by soc_clock  {rise@0.000ns fall@5.000ns period=10.000ns})
  Path Group:             soc_clock
  Path Type:              Setup (Max at Slow Process Corner)
  Requirement:            10.000ns  (soc_clock rise@10.000ns - soc_clock rise@0.000ns)
  Data Path Delay:        8.622ns  (logic 2.581ns (29.935%)  route 6.041ns (70.065%))
  Logic Levels:           14  (CARRY4=3 LUT2=1 LUT4=2 LUT5=3 LUT6=5)
  Clock Path Skew:        -0.039ns (DCD - SCD + CPR)
    Destination Clock Delay (DCD):    0.748ns = ( 10.748 - 10.000 ) 
    Source Clock Delay      (SCD):    0.787ns
    Clock Pessimism Removal (CPR):    0.000ns
  Clock Uncertainty:      0.035ns  ((TSJ^2 + TIJ^2)^1/2 + DJ) / 2 + PE
    Total System Jitter     (TSJ):    0.071ns
    Total Input Jitter      (TIJ):    0.000ns
    Discrete Jitter          (DJ):    0.000ns
    Phase Error              (PE):    0.000ns

    Location             Delay type                Incr(ns)  Path(ns)    Netlist Resource(s)
  -------------------------------------------------------------------    -------------------
                         (clock soc_clock rise edge)
                                                      0.000     0.000 r  
                                                      0.000     0.000 r  clock (IN)
                         net (fo=1858, unset)         0.787     0.787    core/clock
                         FDRE                                         r  core/idEx_rs1_reg[2]/C
  -------------------------------------------------------------------    -------------------
                         FDRE (Prop_fdre_C_Q)         0.397     1.184 r  core/idEx_rs1_reg[2]/Q
                         net (fo=3, unplaced)         0.617     1.801    core/frontend/queue/ram_ext/D[2]
                         LUT4 (Prop_lut4_I1_O)        0.232     2.033 r  core/frontend/queue/ram_ext/io_externalImem_req_valid_INST_0_i_64/O
                         net (fo=1, unplaced)         0.807     2.840    core/frontend/queue/ram_ext/io_externalImem_req_valid_INST_0_i_64_n_0
                         LUT5 (Prop_lut5_I0_O)        0.105     2.945 f  core/frontend/queue/ram_ext/io_externalImem_req_valid_INST_0_i_24/O
                         net (fo=127, unplaced)       0.453     3.398    core/frontend/queue/ram_ext/exMem_rd_reg[2]
                         LUT6 (Prop_lut6_I5_O)        0.105     3.503 r  core/frontend/queue/ram_ext/io_externalImem_req_valid_INST_0_i_25/O
                         net (fo=31, unplaced)        0.652     4.155    core/frontend/queue/ram_ext/io_externalImem_req_valid_INST_0_i_25_n_0
                         LUT6 (Prop_lut6_I1_O)        0.105     4.260 r  core/frontend/queue/ram_ext/io_externalImem_req_valid_INST_0_i_11/O
                         net (fo=16, unplaced)        0.836     5.096    core/frontend/queue/ram_ext/memWb_writeData_reg[3]
                         LUT6 (Prop_lut6_I0_O)        0.105     5.201 r  core/frontend/queue/ram_ext/io_externalImem_req_valid_INST_0_i_121/O
                         net (fo=1, unplaced)         0.000     5.201    core/frontend/queue/ram_ext/io_externalImem_req_valid_INST_0_i_121_n_0
                         CARRY4 (Prop_carry4_S[1]_CO[3])
                                                      0.444     5.645 r  core/frontend/queue/ram_ext/io_externalImem_req_valid_INST_0_i_83/CO[3]
                         net (fo=1, unplaced)         0.008     5.653    core/frontend/queue/ram_ext/io_externalImem_req_valid_INST_0_i_83_n_0
                         CARRY4 (Prop_carry4_CI_CO[3])
                                                      0.100     5.753 r  core/frontend/queue/ram_ext/io_externalImem_req_valid_INST_0_i_42/CO[3]
                         net (fo=1, unplaced)         0.000     5.753    core/frontend/queue/ram_ext/io_externalImem_req_valid_INST_0_i_42_n_0
                         CARRY4 (Prop_carry4_CI_CO[2])
                                                      0.211     5.964 f  core/frontend/queue/ram_ext/io_externalImem_req_valid_INST_0_i_21/CO[2]
                         net (fo=1, unplaced)         0.349     6.313    core/frontend/queue/ram_ext/execute/data0
                         LUT5 (Prop_lut5_I4_O)        0.252     6.565 f  core/frontend/queue/ram_ext/io_externalImem_req_valid_INST_0_i_9/O
                         net (fo=1, unplaced)         0.328     6.893    core/frontend/queue/ram_ext/io_externalImem_req_valid_INST_0_i_9_n_0
                         LUT6 (Prop_lut6_I0_O)        0.105     6.998 r  core/frontend/queue/ram_ext/io_externalImem_req_valid_INST_0_i_7/O
                         net (fo=1, unplaced)         0.347     7.345    core/frontend/queue/ram_ext/io_externalImem_req_valid_INST_0_i_7_n_0
                         LUT4 (Prop_lut4_I3_O)        0.105     7.450 f  core/frontend/queue/ram_ext/io_externalImem_req_valid_INST_0_i_3/O
                         net (fo=2, unplaced)         0.358     7.808    core/frontend/queue/ram_ext/p_18_in
                         LUT5 (Prop_lut5_I1_O)        0.105     7.913 f  core/frontend/queue/ram_ext/io_externalImem_req_valid_INST_0_i_2/O
                         net (fo=49, unplaced)        0.429     8.342    core/frontend/queue/exMem_valid_reg
                         LUT6 (Prop_lut6_I5_O)        0.105     8.447 r  core/frontend/queue/requestPc[31]_i_1/O
                         net (fo=34, unplaced)        0.420     8.867    core/frontend/queue/haltedReg_reg[0]
                         LUT2 (Prop_lut2_I1_O)        0.105     8.972 r  core/frontend/queue/nextPc[31]_i_1/O
                         net (fo=32, unplaced)        0.437     9.409    core/frontend/queue_n_113
                         FDRE                                         r  core/frontend/nextPc_reg[15]/CE
  -------------------------------------------------------------------    -------------------

                         (clock soc_clock rise edge)
                                                     10.000    10.000 r  
                                                      0.000    10.000 r  clock (IN)
                         net (fo=1858, unset)         0.748    10.748    core/frontend/clock
                         FDRE                                         r  core/frontend/nextPc_reg[15]/C
                         clock pessimism              0.000    10.748    
                         clock uncertainty           -0.035    10.712    
                         FDRE (Setup_fdre_C_CE)      -0.165    10.547    core/frontend/nextPc_reg[15]
  -------------------------------------------------------------------
                         required time                         10.547    
                         arrival time                          -9.409    
  -------------------------------------------------------------------
                         slack                                  1.138    

Slack (MET) :             1.138ns  (required time - arrival time)
  Source:                 core/idEx_rs1_reg[2]/C
                            (rising edge-triggered cell FDRE clocked by soc_clock  {rise@0.000ns fall@5.000ns period=10.000ns})
  Destination:            core/frontend/nextPc_reg[16]/CE
                            (rising edge-triggered cell FDRE clocked by soc_clock  {rise@0.000ns fall@5.000ns period=10.000ns})
  Path Group:             soc_clock
  Path Type:              Setup (Max at Slow Process Corner)
  Requirement:            10.000ns  (soc_clock rise@10.000ns - soc_clock rise@0.000ns)
  Data Path Delay:        8.622ns  (logic 2.581ns (29.935%)  route 6.041ns (70.065%))
  Logic Levels:           14  (CARRY4=3 LUT2=1 LUT4=2 LUT5=3 LUT6=5)
  Clock Path Skew:        -0.039ns (DCD - SCD + CPR)
    Destination Clock Delay (DCD):    0.748ns = ( 10.748 - 10.000 ) 
    Source Clock Delay      (SCD):    0.787ns
    Clock Pessimism Removal (CPR):    0.000ns
  Clock Uncertainty:      0.035ns  ((TSJ^2 + TIJ^2)^1/2 + DJ) / 2 + PE
    Total System Jitter     (TSJ):    0.071ns
    Total Input Jitter      (TIJ):    0.000ns
    Discrete Jitter          (DJ):    0.000ns
    Phase Error              (PE):    0.000ns

    Location             Delay type                Incr(ns)  Path(ns)    Netlist Resource(s)
  -------------------------------------------------------------------    -------------------
                         (clock soc_clock rise edge)
                                                      0.000     0.000 r  
                                                      0.000     0.000 r  clock (IN)
                         net (fo=1858, unset)         0.787     0.787    core/clock
                         FDRE                                         r  core/idEx_rs1_reg[2]/C
  -------------------------------------------------------------------    -------------------
                         FDRE (Prop_fdre_C_Q)         0.397     1.184 r  core/idEx_rs1_reg[2]/Q
                         net (fo=3, unplaced)         0.617     1.801    core/frontend/queue/ram_ext/D[2]
                         LUT4 (Prop_lut4_I1_O)        0.232     2.033 r  core/frontend/queue/ram_ext/io_externalImem_req_valid_INST_0_i_64/O
                         net (fo=1, unplaced)         0.807     2.840    core/frontend/queue/ram_ext/io_externalImem_req_valid_INST_0_i_64_n_0
                         LUT5 (Prop_lut5_I0_O)        0.105     2.945 f  core/frontend/queue/ram_ext/io_externalImem_req_valid_INST_0_i_24/O
                         net (fo=127, unplaced)       0.453     3.398    core/frontend/queue/ram_ext/exMem_rd_reg[2]
                         LUT6 (Prop_lut6_I5_O)        0.105     3.503 r  core/frontend/queue/ram_ext/io_externalImem_req_valid_INST_0_i_25/O
                         net (fo=31, unplaced)        0.652     4.155    core/frontend/queue/ram_ext/io_externalImem_req_valid_INST_0_i_25_n_0
                         LUT6 (Prop_lut6_I1_O)        0.105     4.260 r  core/frontend/queue/ram_ext/io_externalImem_req_valid_INST_0_i_11/O
                         net (fo=16, unplaced)        0.836     5.096    core/frontend/queue/ram_ext/memWb_writeData_reg[3]
                         LUT6 (Prop_lut6_I0_O)        0.105     5.201 r  core/frontend/queue/ram_ext/io_externalImem_req_valid_INST_0_i_121/O
                         net (fo=1, unplaced)         0.000     5.201    core/frontend/queue/ram_ext/io_externalImem_req_valid_INST_0_i_121_n_0
                         CARRY4 (Prop_carry4_S[1]_CO[3])
                                                      0.444     5.645 r  core/frontend/queue/ram_ext/io_externalImem_req_valid_INST_0_i_83/CO[3]
                         net (fo=1, unplaced)         0.008     5.653    core/frontend/queue/ram_ext/io_externalImem_req_valid_INST_0_i_83_n_0
                         CARRY4 (Prop_carry4_CI_CO[3])
                                                      0.100     5.753 r  core/frontend/queue/ram_ext/io_externalImem_req_valid_INST_0_i_42/CO[3]
                         net (fo=1, unplaced)         0.000     5.753    core/frontend/queue/ram_ext/io_externalImem_req_valid_INST_0_i_42_n_0
                         CARRY4 (Prop_carry4_CI_CO[2])
                                                      0.211     5.964 f  core/frontend/queue/ram_ext/io_externalImem_req_valid_INST_0_i_21/CO[2]
                         net (fo=1, unplaced)         0.349     6.313    core/frontend/queue/ram_ext/execute/data0
                         LUT5 (Prop_lut5_I4_O)        0.252     6.565 f  core/frontend/queue/ram_ext/io_externalImem_req_valid_INST_0_i_9/O
                         net (fo=1, unplaced)         0.328     6.893    core/frontend/queue/ram_ext/io_externalImem_req_valid_INST_0_i_9_n_0
                         LUT6 (Prop_lut6_I0_O)        0.105     6.998 r  core/frontend/queue/ram_ext/io_externalImem_req_valid_INST_0_i_7/O
                         net (fo=1, unplaced)         0.347     7.345    core/frontend/queue/ram_ext/io_externalImem_req_valid_INST_0_i_7_n_0
                         LUT4 (Prop_lut4_I3_O)        0.105     7.450 f  core/frontend/queue/ram_ext/io_externalImem_req_valid_INST_0_i_3/O
                         net (fo=2, unplaced)         0.358     7.808    core/frontend/queue/ram_ext/p_18_in
                         LUT5 (Prop_lut5_I1_O)        0.105     7.913 f  core/frontend/queue/ram_ext/io_externalImem_req_valid_INST_0_i_2/O
                         net (fo=49, unplaced)        0.429     8.342    core/frontend/queue/exMem_valid_reg
                         LUT6 (Prop_lut6_I5_O)        0.105     8.447 r  core/frontend/queue/requestPc[31]_i_1/O
                         net (fo=34, unplaced)        0.420     8.867    core/frontend/queue/haltedReg_reg[0]
                         LUT2 (Prop_lut2_I1_O)        0.105     8.972 r  core/frontend/queue/nextPc[31]_i_1/O
                         net (fo=32, unplaced)        0.437     9.409    core/frontend/queue_n_113
                         FDRE                                         r  core/frontend/nextPc_reg[16]/CE
  -------------------------------------------------------------------    -------------------

                         (clock soc_clock rise edge)
                                                     10.000    10.000 r  
                                                      0.000    10.000 r  clock (IN)
                         net (fo=1858, unset)         0.748    10.748    core/frontend/clock
                         FDRE                                         r  core/frontend/nextPc_reg[16]/C
                         clock pessimism              0.000    10.748    
                         clock uncertainty           -0.035    10.712    
                         FDRE (Setup_fdre_C_CE)      -0.165    10.547    core/frontend/nextPc_reg[16]
  -------------------------------------------------------------------
                         required time                         10.547    
                         arrival time                          -9.409    
  -------------------------------------------------------------------
                         slack                                  1.138    

Slack (MET) :             1.138ns  (required time - arrival time)
  Source:                 core/idEx_rs1_reg[2]/C
                            (rising edge-triggered cell FDRE clocked by soc_clock  {rise@0.000ns fall@5.000ns period=10.000ns})
  Destination:            core/frontend/nextPc_reg[17]/CE
                            (rising edge-triggered cell FDRE clocked by soc_clock  {rise@0.000ns fall@5.000ns period=10.000ns})
  Path Group:             soc_clock
  Path Type:              Setup (Max at Slow Process Corner)
  Requirement:            10.000ns  (soc_clock rise@10.000ns - soc_clock rise@0.000ns)
  Data Path Delay:        8.622ns  (logic 2.581ns (29.935%)  route 6.041ns (70.065%))
  Logic Levels:           14  (CARRY4=3 LUT2=1 LUT4=2 LUT5=3 LUT6=5)
  Clock Path Skew:        -0.039ns (DCD - SCD + CPR)
    Destination Clock Delay (DCD):    0.748ns = ( 10.748 - 10.000 ) 
    Source Clock Delay      (SCD):    0.787ns
    Clock Pessimism Removal (CPR):    0.000ns
  Clock Uncertainty:      0.035ns  ((TSJ^2 + TIJ^2)^1/2 + DJ) / 2 + PE
    Total System Jitter     (TSJ):    0.071ns
    Total Input Jitter      (TIJ):    0.000ns
    Discrete Jitter          (DJ):    0.000ns
    Phase Error              (PE):    0.000ns

    Location             Delay type                Incr(ns)  Path(ns)    Netlist Resource(s)
  -------------------------------------------------------------------    -------------------
                         (clock soc_clock rise edge)
                                                      0.000     0.000 r  
                                                      0.000     0.000 r  clock (IN)
                         net (fo=1858, unset)         0.787     0.787    core/clock
                         FDRE                                         r  core/idEx_rs1_reg[2]/C
  -------------------------------------------------------------------    -------------------
                         FDRE (Prop_fdre_C_Q)         0.397     1.184 r  core/idEx_rs1_reg[2]/Q
                         net (fo=3, unplaced)         0.617     1.801    core/frontend/queue/ram_ext/D[2]
                         LUT4 (Prop_lut4_I1_O)        0.232     2.033 r  core/frontend/queue/ram_ext/io_externalImem_req_valid_INST_0_i_64/O
                         net (fo=1, unplaced)         0.807     2.840    core/frontend/queue/ram_ext/io_externalImem_req_valid_INST_0_i_64_n_0
                         LUT5 (Prop_lut5_I0_O)        0.105     2.945 f  core/frontend/queue/ram_ext/io_externalImem_req_valid_INST_0_i_24/O
                         net (fo=127, unplaced)       0.453     3.398    core/frontend/queue/ram_ext/exMem_rd_reg[2]
                         LUT6 (Prop_lut6_I5_O)        0.105     3.503 r  core/frontend/queue/ram_ext/io_externalImem_req_valid_INST_0_i_25/O
                         net (fo=31, unplaced)        0.652     4.155    core/frontend/queue/ram_ext/io_externalImem_req_valid_INST_0_i_25_n_0
                         LUT6 (Prop_lut6_I1_O)        0.105     4.260 r  core/frontend/queue/ram_ext/io_externalImem_req_valid_INST_0_i_11/O
                         net (fo=16, unplaced)        0.836     5.096    core/frontend/queue/ram_ext/memWb_writeData_reg[3]
                         LUT6 (Prop_lut6_I0_O)        0.105     5.201 r  core/frontend/queue/ram_ext/io_externalImem_req_valid_INST_0_i_121/O
                         net (fo=1, unplaced)         0.000     5.201    core/frontend/queue/ram_ext/io_externalImem_req_valid_INST_0_i_121_n_0
                         CARRY4 (Prop_carry4_S[1]_CO[3])
                                                      0.444     5.645 r  core/frontend/queue/ram_ext/io_externalImem_req_valid_INST_0_i_83/CO[3]
                         net (fo=1, unplaced)         0.008     5.653    core/frontend/queue/ram_ext/io_externalImem_req_valid_INST_0_i_83_n_0
                         CARRY4 (Prop_carry4_CI_CO[3])
                                                      0.100     5.753 r  core/frontend/queue/ram_ext/io_externalImem_req_valid_INST_0_i_42/CO[3]
                         net (fo=1, unplaced)         0.000     5.753    core/frontend/queue/ram_ext/io_externalImem_req_valid_INST_0_i_42_n_0
                         CARRY4 (Prop_carry4_CI_CO[2])
                                                      0.211     5.964 f  core/frontend/queue/ram_ext/io_externalImem_req_valid_INST_0_i_21/CO[2]
                         net (fo=1, unplaced)         0.349     6.313    core/frontend/queue/ram_ext/execute/data0
                         LUT5 (Prop_lut5_I4_O)        0.252     6.565 f  core/frontend/queue/ram_ext/io_externalImem_req_valid_INST_0_i_9/O
                         net (fo=1, unplaced)         0.328     6.893    core/frontend/queue/ram_ext/io_externalImem_req_valid_INST_0_i_9_n_0
                         LUT6 (Prop_lut6_I0_O)        0.105     6.998 r  core/frontend/queue/ram_ext/io_externalImem_req_valid_INST_0_i_7/O
                         net (fo=1, unplaced)         0.347     7.345    core/frontend/queue/ram_ext/io_externalImem_req_valid_INST_0_i_7_n_0
                         LUT4 (Prop_lut4_I3_O)        0.105     7.450 f  core/frontend/queue/ram_ext/io_externalImem_req_valid_INST_0_i_3/O
                         net (fo=2, unplaced)         0.358     7.808    core/frontend/queue/ram_ext/p_18_in
                         LUT5 (Prop_lut5_I1_O)        0.105     7.913 f  core/frontend/queue/ram_ext/io_externalImem_req_valid_INST_0_i_2/O
                         net (fo=49, unplaced)        0.429     8.342    core/frontend/queue/exMem_valid_reg
                         LUT6 (Prop_lut6_I5_O)        0.105     8.447 r  core/frontend/queue/requestPc[31]_i_1/O
                         net (fo=34, unplaced)        0.420     8.867    core/frontend/queue/haltedReg_reg[0]
                         LUT2 (Prop_lut2_I1_O)        0.105     8.972 r  core/frontend/queue/nextPc[31]_i_1/O
                         net (fo=32, unplaced)        0.437     9.409    core/frontend/queue_n_113
                         FDRE                                         r  core/frontend/nextPc_reg[17]/CE
  -------------------------------------------------------------------    -------------------

                         (clock soc_clock rise edge)
                                                     10.000    10.000 r  
                                                      0.000    10.000 r  clock (IN)
                         net (fo=1858, unset)         0.748    10.748    core/frontend/clock
                         FDRE                                         r  core/frontend/nextPc_reg[17]/C
                         clock pessimism              0.000    10.748    
                         clock uncertainty           -0.035    10.712    
                         FDRE (Setup_fdre_C_CE)      -0.165    10.547    core/frontend/nextPc_reg[17]
  -------------------------------------------------------------------
                         required time                         10.547    
                         arrival time                          -9.409    
  -------------------------------------------------------------------
                         slack                                  1.138    

Slack (MET) :             1.138ns  (required time - arrival time)
  Source:                 core/idEx_rs1_reg[2]/C
                            (rising edge-triggered cell FDRE clocked by soc_clock  {rise@0.000ns fall@5.000ns period=10.000ns})
  Destination:            core/frontend/nextPc_reg[18]/CE
                            (rising edge-triggered cell FDRE clocked by soc_clock  {rise@0.000ns fall@5.000ns period=10.000ns})
  Path Group:             soc_clock
  Path Type:              Setup (Max at Slow Process Corner)
  Requirement:            10.000ns  (soc_clock rise@10.000ns - soc_clock rise@0.000ns)
  Data Path Delay:        8.622ns  (logic 2.581ns (29.935%)  route 6.041ns (70.065%))
  Logic Levels:           14  (CARRY4=3 LUT2=1 LUT4=2 LUT5=3 LUT6=5)
  Clock Path Skew:        -0.039ns (DCD - SCD + CPR)
    Destination Clock Delay (DCD):    0.748ns = ( 10.748 - 10.000 ) 
    Source Clock Delay      (SCD):    0.787ns
    Clock Pessimism Removal (CPR):    0.000ns
  Clock Uncertainty:      0.035ns  ((TSJ^2 + TIJ^2)^1/2 + DJ) / 2 + PE
    Total System Jitter     (TSJ):    0.071ns
    Total Input Jitter      (TIJ):    0.000ns
    Discrete Jitter          (DJ):    0.000ns
    Phase Error              (PE):    0.000ns

    Location             Delay type                Incr(ns)  Path(ns)    Netlist Resource(s)
  -------------------------------------------------------------------    -------------------
                         (clock soc_clock rise edge)
                                                      0.000     0.000 r  
                                                      0.000     0.000 r  clock (IN)
                         net (fo=1858, unset)         0.787     0.787    core/clock
                         FDRE                                         r  core/idEx_rs1_reg[2]/C
  -------------------------------------------------------------------    -------------------
                         FDRE (Prop_fdre_C_Q)         0.397     1.184 r  core/idEx_rs1_reg[2]/Q
                         net (fo=3, unplaced)         0.617     1.801    core/frontend/queue/ram_ext/D[2]
                         LUT4 (Prop_lut4_I1_O)        0.232     2.033 r  core/frontend/queue/ram_ext/io_externalImem_req_valid_INST_0_i_64/O
                         net (fo=1, unplaced)         0.807     2.840    core/frontend/queue/ram_ext/io_externalImem_req_valid_INST_0_i_64_n_0
                         LUT5 (Prop_lut5_I0_O)        0.105     2.945 f  core/frontend/queue/ram_ext/io_externalImem_req_valid_INST_0_i_24/O
                         net (fo=127, unplaced)       0.453     3.398    core/frontend/queue/ram_ext/exMem_rd_reg[2]
                         LUT6 (Prop_lut6_I5_O)        0.105     3.503 r  core/frontend/queue/ram_ext/io_externalImem_req_valid_INST_0_i_25/O
                         net (fo=31, unplaced)        0.652     4.155    core/frontend/queue/ram_ext/io_externalImem_req_valid_INST_0_i_25_n_0
                         LUT6 (Prop_lut6_I1_O)        0.105     4.260 r  core/frontend/queue/ram_ext/io_externalImem_req_valid_INST_0_i_11/O
                         net (fo=16, unplaced)        0.836     5.096    core/frontend/queue/ram_ext/memWb_writeData_reg[3]
                         LUT6 (Prop_lut6_I0_O)        0.105     5.201 r  core/frontend/queue/ram_ext/io_externalImem_req_valid_INST_0_i_121/O
                         net (fo=1, unplaced)         0.000     5.201    core/frontend/queue/ram_ext/io_externalImem_req_valid_INST_0_i_121_n_0
                         CARRY4 (Prop_carry4_S[1]_CO[3])
                                                      0.444     5.645 r  core/frontend/queue/ram_ext/io_externalImem_req_valid_INST_0_i_83/CO[3]
                         net (fo=1, unplaced)         0.008     5.653    core/frontend/queue/ram_ext/io_externalImem_req_valid_INST_0_i_83_n_0
                         CARRY4 (Prop_carry4_CI_CO[3])
                                                      0.100     5.753 r  core/frontend/queue/ram_ext/io_externalImem_req_valid_INST_0_i_42/CO[3]
                         net (fo=1, unplaced)         0.000     5.753    core/frontend/queue/ram_ext/io_externalImem_req_valid_INST_0_i_42_n_0
                         CARRY4 (Prop_carry4_CI_CO[2])
                                                      0.211     5.964 f  core/frontend/queue/ram_ext/io_externalImem_req_valid_INST_0_i_21/CO[2]
                         net (fo=1, unplaced)         0.349     6.313    core/frontend/queue/ram_ext/execute/data0
                         LUT5 (Prop_lut5_I4_O)        0.252     6.565 f  core/frontend/queue/ram_ext/io_externalImem_req_valid_INST_0_i_9/O
                         net (fo=1, unplaced)         0.328     6.893    core/frontend/queue/ram_ext/io_externalImem_req_valid_INST_0_i_9_n_0
                         LUT6 (Prop_lut6_I0_O)        0.105     6.998 r  core/frontend/queue/ram_ext/io_externalImem_req_valid_INST_0_i_7/O
                         net (fo=1, unplaced)         0.347     7.345    core/frontend/queue/ram_ext/io_externalImem_req_valid_INST_0_i_7_n_0
                         LUT4 (Prop_lut4_I3_O)        0.105     7.450 f  core/frontend/queue/ram_ext/io_externalImem_req_valid_INST_0_i_3/O
                         net (fo=2, unplaced)         0.358     7.808    core/frontend/queue/ram_ext/p_18_in
                         LUT5 (Prop_lut5_I1_O)        0.105     7.913 f  core/frontend/queue/ram_ext/io_externalImem_req_valid_INST_0_i_2/O
                         net (fo=49, unplaced)        0.429     8.342    core/frontend/queue/exMem_valid_reg
                         LUT6 (Prop_lut6_I5_O)        0.105     8.447 r  core/frontend/queue/requestPc[31]_i_1/O
                         net (fo=34, unplaced)        0.420     8.867    core/frontend/queue/haltedReg_reg[0]
                         LUT2 (Prop_lut2_I1_O)        0.105     8.972 r  core/frontend/queue/nextPc[31]_i_1/O
                         net (fo=32, unplaced)        0.437     9.409    core/frontend/queue_n_113
                         FDRE                                         r  core/frontend/nextPc_reg[18]/CE
  -------------------------------------------------------------------    -------------------

                         (clock soc_clock rise edge)
                                                     10.000    10.000 r  
                                                      0.000    10.000 r  clock (IN)
                         net (fo=1858, unset)         0.748    10.748    core/frontend/clock
                         FDRE                                         r  core/frontend/nextPc_reg[18]/C
                         clock pessimism              0.000    10.748    
                         clock uncertainty           -0.035    10.712    
                         FDRE (Setup_fdre_C_CE)      -0.165    10.547    core/frontend/nextPc_reg[18]
  -------------------------------------------------------------------
                         required time                         10.547    
                         arrival time                          -9.409    
  -------------------------------------------------------------------
                         slack                                  1.138    





Pulse Width Checks
--------------------------------------------------------------------------------------
Clock Name:         soc_clock
Waveform(ns):       { 0.000 5.000 }
Period(ns):         10.000
Sources:            { clock }

Check Type        Corner  Lib Pin             Reference Pin  Required(ns)  Actual(ns)  Slack(ns)  Location  Pin
Min Period        n/a     RAMB36E1/CLKARDCLK  n/a            2.170         10.000      7.830                ram/memory_ext/Memory_reg_10/CLKARDCLK
Min Period        n/a     RAMB36E1/CLKBWRCLK  n/a            2.170         10.000      7.830                ram/memory_ext/Memory_reg_10/CLKBWRCLK
Min Period        n/a     RAMB36E1/CLKARDCLK  n/a            2.170         10.000      7.830                ram/memory_ext/Memory_reg_12/CLKARDCLK
Min Period        n/a     RAMB36E1/CLKBWRCLK  n/a            2.170         10.000      7.830                ram/memory_ext/Memory_reg_12/CLKBWRCLK
Min Period        n/a     RAMB36E1/CLKARDCLK  n/a            2.170         10.000      7.830                ram/memory_ext/Memory_reg_14/CLKARDCLK
Min Period        n/a     RAMB36E1/CLKBWRCLK  n/a            2.170         10.000      7.830                ram/memory_ext/Memory_reg_14/CLKBWRCLK
Min Period        n/a     RAMB36E1/CLKARDCLK  n/a            2.170         10.000      7.830                ram/memory_ext/Memory_reg_2/CLKARDCLK
Min Period        n/a     RAMB36E1/CLKBWRCLK  n/a            2.170         10.000      7.830                ram/memory_ext/Memory_reg_2/CLKBWRCLK
Min Period        n/a     RAMB36E1/CLKARDCLK  n/a            2.170         10.000      7.830                ram/memory_ext/Memory_reg_4/CLKARDCLK
Min Period        n/a     RAMB36E1/CLKBWRCLK  n/a            2.170         10.000      7.830                ram/memory_ext/Memory_reg_4/CLKBWRCLK
Low Pulse Width   Slow    RAMD32/CLK          n/a            1.130         5.000       3.870                core/frontend/queue/ram_ext/Memory_reg_0_1_54_59/RAMB_D1/CLK
Low Pulse Width   Slow    RAMD32/CLK          n/a            1.130         5.000       3.870                core/frontend/queue/ram_ext/Memory_reg_0_1_54_59/RAMC/CLK
Low Pulse Width   Slow    RAMD32/CLK          n/a            1.130         5.000       3.870                core/frontend/queue/ram_ext/Memory_reg_0_1_54_59/RAMC_D1/CLK
Low Pulse Width   Slow    RAMS32/CLK          n/a            1.130         5.000       3.870                core/frontend/queue/ram_ext/Memory_reg_0_1_54_59/RAMD/CLK
Low Pulse Width   Slow    RAMS32/CLK          n/a            1.130         5.000       3.870                core/frontend/queue/ram_ext/Memory_reg_0_1_54_59/RAMD_D1/CLK
Low Pulse Width   Slow    RAMD32/CLK          n/a            1.130         5.000       3.870                core/frontend/queue/ram_ext/Memory_reg_0_1_60_64/RAMA/CLK
Low Pulse Width   Slow    RAMD32/CLK          n/a            1.130         5.000       3.870                core/frontend/queue/ram_ext/Memory_reg_0_1_60_64/RAMA_D1/CLK
Low Pulse Width   Slow    RAMD32/CLK          n/a            1.130         5.000       3.870                core/frontend/queue/ram_ext/Memory_reg_0_1_60_64/RAMB/CLK
Low Pulse Width   Slow    RAMD32/CLK          n/a            1.130         5.000       3.870                core/frontend/queue/ram_ext/Memory_reg_0_1_60_64/RAMB_D1/CLK
Low Pulse Width   Slow    RAMD32/CLK          n/a            1.130         5.000       3.870                core/frontend/queue/ram_ext/Memory_reg_0_1_60_64/RAMC/CLK
High Pulse Width  Slow    RAMD32/CLK          n/a            1.130         5.000       3.870                core/frontend/queue/ram_ext/Memory_reg_0_1_54_59/RAMB_D1/CLK
High Pulse Width  Fast    RAMD32/CLK          n/a            1.130         5.000       3.870                core/frontend/queue/ram_ext/Memory_reg_0_1_54_59/RAMB_D1/CLK
High Pulse Width  Slow    RAMD32/CLK          n/a            1.130         5.000       3.870                core/frontend/queue/ram_ext/Memory_reg_0_1_54_59/RAMC/CLK
High Pulse Width  Fast    RAMD32/CLK          n/a            1.130         5.000       3.870                core/frontend/queue/ram_ext/Memory_reg_0_1_54_59/RAMC/CLK
High Pulse Width  Slow    RAMD32/CLK          n/a            1.130         5.000       3.870                core/frontend/queue/ram_ext/Memory_reg_0_1_54_59/RAMC_D1/CLK
High Pulse Width  Fast    RAMD32/CLK          n/a            1.130         5.000       3.870                core/frontend/queue/ram_ext/Memory_reg_0_1_54_59/RAMC_D1/CLK
High Pulse Width  Slow    RAMS32/CLK          n/a            1.130         5.000       3.870                core/frontend/queue/ram_ext/Memory_reg_0_1_54_59/RAMD/CLK
High Pulse Width  Fast    RAMS32/CLK          n/a            1.130         5.000       3.870                core/frontend/queue/ram_ext/Memory_reg_0_1_54_59/RAMD/CLK
High Pulse Width  Slow    RAMS32/CLK          n/a            1.130         5.000       3.870                core/frontend/queue/ram_ext/Memory_reg_0_1_54_59/RAMD_D1/CLK
High Pulse Width  Fast    RAMS32/CLK          n/a            1.130         5.000       3.870                core/frontend/queue/ram_ext/Memory_reg_0_1_54_59/RAMD_D1/CLK



--------------------------------------------------------------------------------------
Path Group:  (none)
From Clock:  
  To Clock:  

Max Delay             3 Endpoints
Min Delay             0 Endpoints
--------------------------------------------------------------------------------------


Max Delay Paths
--------------------------------------------------------------------------------------
Slack:                    inf
  Source:                 io_externalDmem_resp_valid
                            (input port)
  Destination:            io_externalImem_resp_ready
                            (output port)
  Path Group:             (none)
  Path Type:              Max at Slow Process Corner
  Data Path Delay:        4.794ns  (logic 0.735ns (15.332%)  route 4.059ns (84.668%))
  Logic Levels:           7  (LUT2=1 LUT4=1 LUT5=2 LUT6=3)

    Location             Delay type                Incr(ns)  Path(ns)    Netlist Resource(s)
  -------------------------------------------------------------------    -------------------
                                                      0.000     0.000 r  io_externalDmem_resp_valid (IN)
                         net (fo=0)                   0.787     0.787    interconnect_0/io_externalDmem_resp_valid
                         LUT5 (Prop_lut5_I0_O)        0.105     0.892 f  interconnect_0/io_trap_valid_INST_0_i_9/O
                         net (fo=1, unplaced)         0.347     1.239    interconnect_0/io_trap_valid_INST_0_i_9_n_0
                         LUT6 (Prop_lut6_I5_O)        0.105     1.344 r  interconnect_0/io_trap_valid_INST_0_i_7/O
                         net (fo=2, unplaced)         0.358     1.702    core/frontend/queue/ram_ext/_interconnect_io_cpuDmem_resp_valid
                         LUT2 (Prop_lut2_I1_O)        0.105     1.807 r  core/frontend/queue/ram_ext/io_trap_valid_INST_0_i_3/O
                         net (fo=2, unplaced)         0.358     2.165    core/frontend/queue/ram_ext/p_20_in
                         LUT6 (Prop_lut6_I5_O)        0.105     2.270 f  core/frontend/queue/ram_ext/io_externalImem_req_valid_INST_0_i_6/O
                         net (fo=6, unplaced)         0.614     2.884    core/frontend/queue/ram_ext/exMem_aluResult_reg[1]
                         LUT5 (Prop_lut5_I4_O)        0.105     2.989 r  core/frontend/queue/ram_ext/io_externalImem_req_valid_INST_0_i_2/O
                         net (fo=49, unplaced)        0.429     3.418    core/frontend/queue/exMem_valid_reg
                         LUT6 (Prop_lut6_I4_O)        0.105     3.523 f  core/frontend/queue/io_externalImem_resp_ready_INST_0_i_1/O
                         net (fo=6, unplaced)         0.379     3.902    interconnect_0/imemTarget_reg[0]_0
                         LUT4 (Prop_lut4_I3_O)        0.105     4.007 r  interconnect_0/io_externalImem_resp_ready_INST_0/O
                         net (fo=0)                   0.787     4.794    io_externalImem_resp_ready
                                                                      r  io_externalImem_resp_ready (OUT)
  -------------------------------------------------------------------    -------------------

Slack:                    inf
  Source:                 io_externalDmem_resp_valid
                            (input port)
  Destination:            io_externalImem_req_valid
                            (output port)
  Path Group:             (none)
  Path Type:              Max at Slow Process Corner
  Data Path Delay:        4.310ns  (logic 0.630ns (14.617%)  route 3.680ns (85.383%))
  Logic Levels:           6  (LUT2=1 LUT5=2 LUT6=3)

    Location             Delay type                Incr(ns)  Path(ns)    Netlist Resource(s)
  -------------------------------------------------------------------    -------------------
                                                      0.000     0.000 f  io_externalDmem_resp_valid (IN)
                         net (fo=0)                   0.787     0.787    interconnect_0/io_externalDmem_resp_valid
                         LUT5 (Prop_lut5_I0_O)        0.105     0.892 r  interconnect_0/io_trap_valid_INST_0_i_9/O
                         net (fo=1, unplaced)         0.347     1.239    interconnect_0/io_trap_valid_INST_0_i_9_n_0
                         LUT6 (Prop_lut6_I5_O)        0.105     1.344 f  interconnect_0/io_trap_valid_INST_0_i_7/O
                         net (fo=2, unplaced)         0.358     1.702    core/frontend/queue/ram_ext/_interconnect_io_cpuDmem_resp_valid
                         LUT2 (Prop_lut2_I1_O)        0.105     1.807 f  core/frontend/queue/ram_ext/io_trap_valid_INST_0_i_3/O
                         net (fo=2, unplaced)         0.358     2.165    core/frontend/queue/ram_ext/p_20_in
                         LUT6 (Prop_lut6_I5_O)        0.105     2.270 r  core/frontend/queue/ram_ext/io_externalImem_req_valid_INST_0_i_6/O
                         net (fo=6, unplaced)         0.614     2.884    core/frontend/queue/ram_ext/exMem_aluResult_reg[1]
                         LUT5 (Prop_lut5_I4_O)        0.105     2.989 f  core/frontend/queue/ram_ext/io_externalImem_req_valid_INST_0_i_2/O
                         net (fo=49, unplaced)        0.429     3.418    core/frontend/queue/exMem_valid_reg
                         LUT6 (Prop_lut6_I3_O)        0.105     3.523 r  core/frontend/queue/io_externalImem_req_valid_INST_0/O
                         net (fo=0)                   0.787     4.310    io_externalImem_req_valid
                                                                      r  io_externalImem_req_valid (OUT)
  -------------------------------------------------------------------    -------------------

Slack:                    inf
  Source:                 io_externalDmem_resp_valid
                            (input port)
  Destination:            io_trap_valid
                            (output port)
  Path Group:             (none)
  Path Type:              Max at Slow Process Corner
  Data Path Delay:        3.533ns  (logic 0.525ns (14.860%)  route 3.008ns (85.140%))
  Logic Levels:           5  (LUT2=1 LUT3=1 LUT5=1 LUT6=2)

    Location             Delay type                Incr(ns)  Path(ns)    Netlist Resource(s)
  -------------------------------------------------------------------    -------------------
                                                      0.000     0.000 r  io_externalDmem_resp_valid (IN)
                         net (fo=0)                   0.787     0.787    interconnect_0/io_externalDmem_resp_valid
                         LUT5 (Prop_lut5_I0_O)        0.105     0.892 f  interconnect_0/io_trap_valid_INST_0_i_9/O
                         net (fo=1, unplaced)         0.347     1.239    interconnect_0/io_trap_valid_INST_0_i_9_n_0
                         LUT6 (Prop_lut6_I5_O)        0.105     1.344 r  interconnect_0/io_trap_valid_INST_0_i_7/O
                         net (fo=2, unplaced)         0.358     1.702    core/frontend/queue/ram_ext/_interconnect_io_cpuDmem_resp_valid
                         LUT2 (Prop_lut2_I1_O)        0.105     1.807 r  core/frontend/queue/ram_ext/io_trap_valid_INST_0_i_3/O
                         net (fo=2, unplaced)         0.358     2.165    core/frontend/queue/ram_ext/p_20_in
                         LUT6 (Prop_lut6_I2_O)        0.105     2.270 r  core/frontend/queue/ram_ext/io_trap_valid_INST_0_i_1/O
                         net (fo=4, unplaced)         0.371     2.641    core/trapEvent
                         LUT3 (Prop_lut3_I0_O)        0.105     2.746 r  core/io_trap_valid_INST_0/O
                         net (fo=0)                   0.787     3.533    io_trap_valid
                                                                      r  io_trap_valid (OUT)
  -------------------------------------------------------------------    -------------------





--------------------------------------------------------------------------------------
Path Group:  (none)
From Clock:  soc_clock
  To Clock:  

Max Delay           329 Endpoints
Min Delay             0 Endpoints
--------------------------------------------------------------------------------------


Max Delay Paths
--------------------------------------------------------------------------------------
Slack:                    inf
  Source:                 core/idEx_rs1_reg[2]/C
                            (rising edge-triggered cell FDRE clocked by soc_clock  {rise@0.000ns fall@5.000ns period=10.000ns})
  Destination:            io_externalImem_resp_ready
                            (output port)
  Path Group:             (none)
  Path Type:              Max at Slow Process Corner
  Data Path Delay:        8.931ns  (logic 2.581ns (28.899%)  route 6.350ns (71.101%))
  Logic Levels:           14  (CARRY4=3 LUT4=3 LUT5=3 LUT6=5)
  Clock Uncertainty:      0.025ns  ((TSJ^2 + TIJ^2)^1/2 + DJ) / 2 + PE
    Total System Jitter     (TSJ):    0.050ns
    Total Input Jitter      (TIJ):    0.000ns
    Discrete Jitter          (DJ):    0.000ns
    Phase Error              (PE):    0.000ns

    Location             Delay type                Incr(ns)  Path(ns)    Netlist Resource(s)
  -------------------------------------------------------------------    -------------------
                         (clock soc_clock rise edge)
                                                      0.000     0.000 r  
                                                      0.000     0.000 r  clock (IN)
                         net (fo=1858, unset)         0.787     0.787    core/clock
                         FDRE                                         r  core/idEx_rs1_reg[2]/C
  -------------------------------------------------------------------    -------------------
                         FDRE (Prop_fdre_C_Q)         0.397     1.184 r  core/idEx_rs1_reg[2]/Q
                         net (fo=3, unplaced)         0.617     1.801    core/frontend/queue/ram_ext/D[2]
                         LUT4 (Prop_lut4_I1_O)        0.232     2.033 r  core/frontend/queue/ram_ext/io_externalImem_req_valid_INST_0_i_64/O
                         net (fo=1, unplaced)         0.807     2.840    core/frontend/queue/ram_ext/io_externalImem_req_valid_INST_0_i_64_n_0
                         LUT5 (Prop_lut5_I0_O)        0.105     2.945 f  core/frontend/queue/ram_ext/io_externalImem_req_valid_INST_0_i_24/O
                         net (fo=127, unplaced)       0.453     3.398    core/frontend/queue/ram_ext/exMem_rd_reg[2]
                         LUT6 (Prop_lut6_I5_O)        0.105     3.503 r  core/frontend/queue/ram_ext/io_externalImem_req_valid_INST_0_i_25/O
                         net (fo=31, unplaced)        0.652     4.155    core/frontend/queue/ram_ext/io_externalImem_req_valid_INST_0_i_25_n_0
                         LUT6 (Prop_lut6_I1_O)        0.105     4.260 r  core/frontend/queue/ram_ext/io_externalImem_req_valid_INST_0_i_11/O
                         net (fo=16, unplaced)        0.836     5.096    core/frontend/queue/ram_ext/memWb_writeData_reg[3]
                         LUT6 (Prop_lut6_I0_O)        0.105     5.201 r  core/frontend/queue/ram_ext/io_externalImem_req_valid_INST_0_i_121/O
                         net (fo=1, unplaced)         0.000     5.201    core/frontend/queue/ram_ext/io_externalImem_req_valid_INST_0_i_121_n_0
                         CARRY4 (Prop_carry4_S[1]_CO[3])
                                                      0.444     5.645 r  core/frontend/queue/ram_ext/io_externalImem_req_valid_INST_0_i_83/CO[3]
                         net (fo=1, unplaced)         0.008     5.653    core/frontend/queue/ram_ext/io_externalImem_req_valid_INST_0_i_83_n_0
                         CARRY4 (Prop_carry4_CI_CO[3])
                                                      0.100     5.753 r  core/frontend/queue/ram_ext/io_externalImem_req_valid_INST_0_i_42/CO[3]
                         net (fo=1, unplaced)         0.000     5.753    core/frontend/queue/ram_ext/io_externalImem_req_valid_INST_0_i_42_n_0
                         CARRY4 (Prop_carry4_CI_CO[2])
                                                      0.211     5.964 r  core/frontend/queue/ram_ext/io_externalImem_req_valid_INST_0_i_21/CO[2]
                         net (fo=1, unplaced)         0.349     6.313    core/frontend/queue/ram_ext/execute/data0
                         LUT5 (Prop_lut5_I4_O)        0.252     6.565 r  core/frontend/queue/ram_ext/io_externalImem_req_valid_INST_0_i_9/O
                         net (fo=1, unplaced)         0.328     6.893    core/frontend/queue/ram_ext/io_externalImem_req_valid_INST_0_i_9_n_0
                         LUT6 (Prop_lut6_I0_O)        0.105     6.998 f  core/frontend/queue/ram_ext/io_externalImem_req_valid_INST_0_i_7/O
                         net (fo=1, unplaced)         0.347     7.345    core/frontend/queue/ram_ext/io_externalImem_req_valid_INST_0_i_7_n_0
                         LUT4 (Prop_lut4_I3_O)        0.105     7.450 r  core/frontend/queue/ram_ext/io_externalImem_req_valid_INST_0_i_3/O
                         net (fo=2, unplaced)         0.358     7.808    core/frontend/queue/ram_ext/p_18_in
                         LUT5 (Prop_lut5_I1_O)        0.105     7.913 r  core/frontend/queue/ram_ext/io_externalImem_req_valid_INST_0_i_2/O
                         net (fo=49, unplaced)        0.429     8.342    core/frontend/queue/exMem_valid_reg
                         LUT6 (Prop_lut6_I4_O)        0.105     8.447 f  core/frontend/queue/io_externalImem_resp_ready_INST_0_i_1/O
                         net (fo=6, unplaced)         0.379     8.826    interconnect_0/imemTarget_reg[0]_0
                         LUT4 (Prop_lut4_I3_O)        0.105     8.931 r  interconnect_0/io_externalImem_resp_ready_INST_0/O
                         net (fo=0)                   0.787     9.718    io_externalImem_resp_ready
                                                                      r  io_externalImem_resp_ready (OUT)
  -------------------------------------------------------------------    -------------------

Slack:                    inf
  Source:                 core/idEx_rs1_reg[2]/C
                            (rising edge-triggered cell FDRE clocked by soc_clock  {rise@0.000ns fall@5.000ns period=10.000ns})
  Destination:            io_externalImem_req_valid
                            (output port)
  Path Group:             (none)
  Path Type:              Max at Slow Process Corner
  Data Path Delay:        8.447ns  (logic 2.476ns (29.312%)  route 5.971ns (70.688%))
  Logic Levels:           13  (CARRY4=3 LUT4=2 LUT5=3 LUT6=5)
  Clock Uncertainty:      0.025ns  ((TSJ^2 + TIJ^2)^1/2 + DJ) / 2 + PE
    Total System Jitter     (TSJ):    0.050ns
    Total Input Jitter      (TIJ):    0.000ns
    Discrete Jitter          (DJ):    0.000ns
    Phase Error              (PE):    0.000ns

    Location             Delay type                Incr(ns)  Path(ns)    Netlist Resource(s)
  -------------------------------------------------------------------    -------------------
                         (clock soc_clock rise edge)
                                                      0.000     0.000 r  
                                                      0.000     0.000 r  clock (IN)
                         net (fo=1858, unset)         0.787     0.787    core/clock
                         FDRE                                         r  core/idEx_rs1_reg[2]/C
  -------------------------------------------------------------------    -------------------
                         FDRE (Prop_fdre_C_Q)         0.397     1.184 r  core/idEx_rs1_reg[2]/Q
                         net (fo=3, unplaced)         0.617     1.801    core/frontend/queue/ram_ext/D[2]
                         LUT4 (Prop_lut4_I1_O)        0.232     2.033 r  core/frontend/queue/ram_ext/io_externalImem_req_valid_INST_0_i_64/O
                         net (fo=1, unplaced)         0.807     2.840    core/frontend/queue/ram_ext/io_externalImem_req_valid_INST_0_i_64_n_0
                         LUT5 (Prop_lut5_I0_O)        0.105     2.945 f  core/frontend/queue/ram_ext/io_externalImem_req_valid_INST_0_i_24/O
                         net (fo=127, unplaced)       0.453     3.398    core/frontend/queue/ram_ext/exMem_rd_reg[2]
                         LUT6 (Prop_lut6_I5_O)        0.105     3.503 r  core/frontend/queue/ram_ext/io_externalImem_req_valid_INST_0_i_25/O
                         net (fo=31, unplaced)        0.652     4.155    core/frontend/queue/ram_ext/io_externalImem_req_valid_INST_0_i_25_n_0
                         LUT6 (Prop_lut6_I1_O)        0.105     4.260 r  core/frontend/queue/ram_ext/io_externalImem_req_valid_INST_0_i_11/O
                         net (fo=16, unplaced)        0.836     5.096    core/frontend/queue/ram_ext/memWb_writeData_reg[3]
                         LUT6 (Prop_lut6_I0_O)        0.105     5.201 r  core/frontend/queue/ram_ext/io_externalImem_req_valid_INST_0_i_121/O
                         net (fo=1, unplaced)         0.000     5.201    core/frontend/queue/ram_ext/io_externalImem_req_valid_INST_0_i_121_n_0
                         CARRY4 (Prop_carry4_S[1]_CO[3])
                                                      0.444     5.645 r  core/frontend/queue/ram_ext/io_externalImem_req_valid_INST_0_i_83/CO[3]
                         net (fo=1, unplaced)         0.008     5.653    core/frontend/queue/ram_ext/io_externalImem_req_valid_INST_0_i_83_n_0
                         CARRY4 (Prop_carry4_CI_CO[3])
                                                      0.100     5.753 r  core/frontend/queue/ram_ext/io_externalImem_req_valid_INST_0_i_42/CO[3]
                         net (fo=1, unplaced)         0.000     5.753    core/frontend/queue/ram_ext/io_externalImem_req_valid_INST_0_i_42_n_0
                         CARRY4 (Prop_carry4_CI_CO[2])
                                                      0.211     5.964 f  core/frontend/queue/ram_ext/io_externalImem_req_valid_INST_0_i_21/CO[2]
                         net (fo=1, unplaced)         0.349     6.313    core/frontend/queue/ram_ext/execute/data0
                         LUT5 (Prop_lut5_I4_O)        0.252     6.565 f  core/frontend/queue/ram_ext/io_externalImem_req_valid_INST_0_i_9/O
                         net (fo=1, unplaced)         0.328     6.893    core/frontend/queue/ram_ext/io_externalImem_req_valid_INST_0_i_9_n_0
                         LUT6 (Prop_lut6_I0_O)        0.105     6.998 r  core/frontend/queue/ram_ext/io_externalImem_req_valid_INST_0_i_7/O
                         net (fo=1, unplaced)         0.347     7.345    core/frontend/queue/ram_ext/io_externalImem_req_valid_INST_0_i_7_n_0
                         LUT4 (Prop_lut4_I3_O)        0.105     7.450 f  core/frontend/queue/ram_ext/io_externalImem_req_valid_INST_0_i_3/O
                         net (fo=2, unplaced)         0.358     7.808    core/frontend/queue/ram_ext/p_18_in
                         LUT5 (Prop_lut5_I1_O)        0.105     7.913 f  core/frontend/queue/ram_ext/io_externalImem_req_valid_INST_0_i_2/O
                         net (fo=49, unplaced)        0.429     8.342    core/frontend/queue/exMem_valid_reg
                         LUT6 (Prop_lut6_I3_O)        0.105     8.447 r  core/frontend/queue/io_externalImem_req_valid_INST_0/O
                         net (fo=0)                   0.787     9.234    io_externalImem_req_valid
                                                                      r  io_externalImem_req_valid (OUT)
  -------------------------------------------------------------------    -------------------

Slack:                    inf
  Source:                 interconnect_0/dmemTarget_reg[0]/C
                            (rising edge-triggered cell FDRE clocked by soc_clock  {rise@0.000ns fall@5.000ns period=10.000ns})
  Destination:            io_trap_valid
                            (output port)
  Path Group:             (none)
  Path Type:              Max at Slow Process Corner
  Data Path Delay:        4.214ns  (logic 1.069ns (25.368%)  route 3.145ns (74.632%))
  Logic Levels:           5  (LUT2=1 LUT3=2 LUT6=2)
  Clock Uncertainty:      0.025ns  ((TSJ^2 + TIJ^2)^1/2 + DJ) / 2 + PE
    Total System Jitter     (TSJ):    0.050ns
    Total Input Jitter      (TIJ):    0.000ns
    Discrete Jitter          (DJ):    0.000ns
    Phase Error              (PE):    0.000ns

    Location             Delay type                Incr(ns)  Path(ns)    Netlist Resource(s)
  -------------------------------------------------------------------    -------------------
                         (clock soc_clock rise edge)
                                                      0.000     0.000 r  
                                                      0.000     0.000 r  clock (IN)
                         net (fo=1858, unset)         0.787     0.787    interconnect_0/clock
                         FDRE                                         r  interconnect_0/dmemTarget_reg[0]/C
  -------------------------------------------------------------------    -------------------
                         FDRE (Prop_fdre_C_Q)         0.397     1.184 r  interconnect_0/dmemTarget_reg[0]/Q
                         net (fo=43, unplaced)        0.678     1.862    interconnect_0/dmemTarget_reg[0]_0
                         LUT3 (Prop_lut3_I0_O)        0.252     2.114 r  interconnect_0/responseValid_1_i_2/O
                         net (fo=2, unplaced)         0.593     2.707    interconnect_0/dmemTarget_reg[0]_1
                         LUT6 (Prop_lut6_I1_O)        0.105     2.812 r  interconnect_0/io_trap_valid_INST_0_i_7/O
                         net (fo=2, unplaced)         0.358     3.170    core/frontend/queue/ram_ext/_interconnect_io_cpuDmem_resp_valid
                         LUT2 (Prop_lut2_I1_O)        0.105     3.275 r  core/frontend/queue/ram_ext/io_trap_valid_INST_0_i_3/O
                         net (fo=2, unplaced)         0.358     3.633    core/frontend/queue/ram_ext/p_20_in
                         LUT6 (Prop_lut6_I2_O)        0.105     3.738 r  core/frontend/queue/ram_ext/io_trap_valid_INST_0_i_1/O
                         net (fo=4, unplaced)         0.371     4.109    core/trapEvent
                         LUT3 (Prop_lut3_I0_O)        0.105     4.214 r  core/io_trap_valid_INST_0/O
                         net (fo=0)                   0.787     5.001    io_trap_valid
                                                                      r  io_trap_valid (OUT)
  -------------------------------------------------------------------    -------------------

Slack:                    inf
  Source:                 core/exMem_memRead_reg/C
                            (rising edge-triggered cell FDRE clocked by soc_clock  {rise@0.000ns fall@5.000ns period=10.000ns})
  Destination:            io_externalDmem_req_valid
                            (output port)
  Path Group:             (none)
  Path Type:              Max at Slow Process Corner
  Data Path Delay:        3.596ns  (logic 0.944ns (26.251%)  route 2.652ns (73.749%))
  Logic Levels:           4  (LUT2=2 LUT5=1 LUT6=1)
  Clock Uncertainty:      0.025ns  ((TSJ^2 + TIJ^2)^1/2 + DJ) / 2 + PE
    Total System Jitter     (TSJ):    0.050ns
    Total Input Jitter      (TIJ):    0.000ns
    Discrete Jitter          (DJ):    0.000ns
    Phase Error              (PE):    0.000ns

    Location             Delay type                Incr(ns)  Path(ns)    Netlist Resource(s)
  -------------------------------------------------------------------    -------------------
                         (clock soc_clock rise edge)
                                                      0.000     0.000 r  
                                                      0.000     0.000 r  clock (IN)
                         net (fo=1858, unset)         0.787     0.787    core/clock
                         FDRE                                         r  core/exMem_memRead_reg/C
  -------------------------------------------------------------------    -------------------
                         FDRE (Prop_fdre_C_Q)         0.397     1.184 r  core/exMem_memRead_reg/Q
                         net (fo=34, unplaced)        0.730     1.914    core/exMem_memRead
                         LUT5 (Prop_lut5_I0_O)        0.232     2.146 r  core/io_externalDmem_resp_ready_INST_0_i_1/O
                         net (fo=8, unplaced)         0.385     2.531    core/p_21_in
                         LUT6 (Prop_lut6_I4_O)        0.105     2.636 r  core/io_externalDmem_req_valid_INST_0_i_2/O
                         net (fo=6, unplaced)         0.379     3.015    interconnect_0/_core_io_dmem_req_valid
                         LUT2 (Prop_lut2_I1_O)        0.105     3.120 f  interconnect_0/io_externalDmem_req_valid_INST_0_i_1/O
                         net (fo=4, unplaced)         0.371     3.491    core/io_externalDmem_req_valid_0
                         LUT2 (Prop_lut2_I1_O)        0.105     3.596 r  core/io_externalDmem_req_valid_INST_0/O
                         net (fo=0)                   0.787     4.383    io_externalDmem_req_valid
                                                                      r  io_externalDmem_req_valid (OUT)
  -------------------------------------------------------------------    -------------------

Slack:                    inf
  Source:                 core/exMem_memRead_reg/C
                            (rising edge-triggered cell FDRE clocked by soc_clock  {rise@0.000ns fall@5.000ns period=10.000ns})
  Destination:            io_trap_cause[0]
                            (output port)
  Path Group:             (none)
  Path Type:              Max at Slow Process Corner
  Data Path Delay:        3.088ns  (logic 0.839ns (27.170%)  route 2.249ns (72.830%))
  Logic Levels:           3  (LUT3=1 LUT5=2)
  Clock Uncertainty:      0.025ns  ((TSJ^2 + TIJ^2)^1/2 + DJ) / 2 + PE
    Total System Jitter     (TSJ):    0.050ns
    Total Input Jitter      (TIJ):    0.000ns
    Discrete Jitter          (DJ):    0.000ns
    Phase Error              (PE):    0.000ns

    Location             Delay type                Incr(ns)  Path(ns)    Netlist Resource(s)
  -------------------------------------------------------------------    -------------------
                         (clock soc_clock rise edge)
                                                      0.000     0.000 r  
                                                      0.000     0.000 r  clock (IN)
                         net (fo=1858, unset)         0.787     0.787    core/clock
                         FDRE                                         r  core/exMem_memRead_reg/C
  -------------------------------------------------------------------    -------------------
                         FDRE (Prop_fdre_C_Q)         0.397     1.184 f  core/exMem_memRead_reg/Q
                         net (fo=34, unplaced)        0.730     1.914    core/exMem_memRead
                         LUT5 (Prop_lut5_I0_O)        0.232     2.146 f  core/io_externalDmem_resp_ready_INST_0_i_1/O
                         net (fo=8, unplaced)         0.385     2.531    core/p_21_in
                         LUT5 (Prop_lut5_I0_O)        0.105     2.636 f  core/io_trap_cause[0]_INST_0_i_1/O
                         net (fo=1, unplaced)         0.347     2.983    core/memoryMisaligned
                         LUT3 (Prop_lut3_I2_O)        0.105     3.088 r  core/io_trap_cause[0]_INST_0/O
                         net (fo=0)                   0.787     3.875    io_trap_cause[0]
                                                                      r  io_trap_cause[0] (OUT)
  -------------------------------------------------------------------    -------------------

Slack:                    inf
  Source:                 core/exMem_storeData_reg[8]/C
                            (rising edge-triggered cell FDRE clocked by soc_clock  {rise@0.000ns fall@5.000ns period=10.000ns})
  Destination:            io_externalDmem_req_bits_wdata[24]
                            (output port)
  Path Group:             (none)
  Path Type:              Max at Slow Process Corner
  Data Path Delay:        2.658ns  (logic 0.734ns (27.615%)  route 1.924ns (72.385%))
  Logic Levels:           2  (LUT6=2)
  Clock Uncertainty:      0.025ns  ((TSJ^2 + TIJ^2)^1/2 + DJ) / 2 + PE
    Total System Jitter     (TSJ):    0.050ns
    Total Input Jitter      (TIJ):    0.000ns
    Discrete Jitter          (DJ):    0.000ns
    Phase Error              (PE):    0.000ns

    Location             Delay type                Incr(ns)  Path(ns)    Netlist Resource(s)
  -------------------------------------------------------------------    -------------------
                         (clock soc_clock rise edge)
                                                      0.000     0.000 r  
                                                      0.000     0.000 r  clock (IN)
                         net (fo=1858, unset)         0.787     0.787    core/clock
                         FDRE                                         r  core/exMem_storeData_reg[8]/C
  -------------------------------------------------------------------    -------------------
                         FDRE (Prop_fdre_C_Q)         0.397     1.184 r  core/exMem_storeData_reg[8]/Q
                         net (fo=2, unplaced)         0.790     1.974    core/exMem_storeData[8]
                         LUT6 (Prop_lut6_I0_O)        0.232     2.206 r  core/io_externalDmem_req_bits_wdata[24]_INST_0_i_1/O
                         net (fo=1, unplaced)         0.347     2.553    core/io_externalDmem_req_bits_wdata[24]_INST_0_i_1_n_0
                         LUT6 (Prop_lut6_I0_O)        0.105     2.658 r  core/io_externalDmem_req_bits_wdata[24]_INST_0/O
                         net (fo=1, unset)            0.787     3.445    io_externalDmem_req_bits_wdata[24]
                                                                      r  io_externalDmem_req_bits_wdata[24] (OUT)
  -------------------------------------------------------------------    -------------------

Slack:                    inf
  Source:                 core/exMem_storeData_reg[9]/C
                            (rising edge-triggered cell FDRE clocked by soc_clock  {rise@0.000ns fall@5.000ns period=10.000ns})
  Destination:            io_externalDmem_req_bits_wdata[25]
                            (output port)
  Path Group:             (none)
  Path Type:              Max at Slow Process Corner
  Data Path Delay:        2.658ns  (logic 0.734ns (27.615%)  route 1.924ns (72.385%))
  Logic Levels:           2  (LUT6=2)
  Clock Uncertainty:      0.025ns  ((TSJ^2 + TIJ^2)^1/2 + DJ) / 2 + PE
    Total System Jitter     (TSJ):    0.050ns
    Total Input Jitter      (TIJ):    0.000ns
    Discrete Jitter          (DJ):    0.000ns
    Phase Error              (PE):    0.000ns

    Location             Delay type                Incr(ns)  Path(ns)    Netlist Resource(s)
  -------------------------------------------------------------------    -------------------
                         (clock soc_clock rise edge)
                                                      0.000     0.000 r  
                                                      0.000     0.000 r  clock (IN)
                         net (fo=1858, unset)         0.787     0.787    core/clock
                         FDRE                                         r  core/exMem_storeData_reg[9]/C
  -------------------------------------------------------------------    -------------------
                         FDRE (Prop_fdre_C_Q)         0.397     1.184 r  core/exMem_storeData_reg[9]/Q
                         net (fo=2, unplaced)         0.790     1.974    core/exMem_storeData[9]
                         LUT6 (Prop_lut6_I0_O)        0.232     2.206 r  core/io_externalDmem_req_bits_wdata[25]_INST_0_i_1/O
                         net (fo=1, unplaced)         0.347     2.553    core/io_externalDmem_req_bits_wdata[25]_INST_0_i_1_n_0
                         LUT6 (Prop_lut6_I0_O)        0.105     2.658 r  core/io_externalDmem_req_bits_wdata[25]_INST_0/O
                         net (fo=1, unset)            0.787     3.445    io_externalDmem_req_bits_wdata[25]
                                                                      r  io_externalDmem_req_bits_wdata[25] (OUT)
  -------------------------------------------------------------------    -------------------

Slack:                    inf
  Source:                 core/exMem_storeData_reg[10]/C
                            (rising edge-triggered cell FDRE clocked by soc_clock  {rise@0.000ns fall@5.000ns period=10.000ns})
  Destination:            io_externalDmem_req_bits_wdata[26]
                            (output port)
  Path Group:             (none)
  Path Type:              Max at Slow Process Corner
  Data Path Delay:        2.658ns  (logic 0.734ns (27.615%)  route 1.924ns (72.385%))
  Logic Levels:           2  (LUT6=2)
  Clock Uncertainty:      0.025ns  ((TSJ^2 + TIJ^2)^1/2 + DJ) / 2 + PE
    Total System Jitter     (TSJ):    0.050ns
    Total Input Jitter      (TIJ):    0.000ns
    Discrete Jitter          (DJ):    0.000ns
    Phase Error              (PE):    0.000ns

    Location             Delay type                Incr(ns)  Path(ns)    Netlist Resource(s)
  -------------------------------------------------------------------    -------------------
                         (clock soc_clock rise edge)
                                                      0.000     0.000 r  
                                                      0.000     0.000 r  clock (IN)
                         net (fo=1858, unset)         0.787     0.787    core/clock
                         FDRE                                         r  core/exMem_storeData_reg[10]/C
  -------------------------------------------------------------------    -------------------
                         FDRE (Prop_fdre_C_Q)         0.397     1.184 r  core/exMem_storeData_reg[10]/Q
                         net (fo=2, unplaced)         0.790     1.974    core/exMem_storeData[10]
                         LUT6 (Prop_lut6_I0_O)        0.232     2.206 r  core/io_externalDmem_req_bits_wdata[26]_INST_0_i_1/O
                         net (fo=1, unplaced)         0.347     2.553    core/io_externalDmem_req_bits_wdata[26]_INST_0_i_1_n_0
                         LUT6 (Prop_lut6_I0_O)        0.105     2.658 r  core/io_externalDmem_req_bits_wdata[26]_INST_0/O
                         net (fo=1, unset)            0.787     3.445    io_externalDmem_req_bits_wdata[26]
                                                                      r  io_externalDmem_req_bits_wdata[26] (OUT)
  -------------------------------------------------------------------    -------------------

Slack:                    inf
  Source:                 core/exMem_storeData_reg[11]/C
                            (rising edge-triggered cell FDRE clocked by soc_clock  {rise@0.000ns fall@5.000ns period=10.000ns})
  Destination:            io_externalDmem_req_bits_wdata[27]
                            (output port)
  Path Group:             (none)
  Path Type:              Max at Slow Process Corner
  Data Path Delay:        2.658ns  (logic 0.734ns (27.615%)  route 1.924ns (72.385%))
  Logic Levels:           2  (LUT6=2)
  Clock Uncertainty:      0.025ns  ((TSJ^2 + TIJ^2)^1/2 + DJ) / 2 + PE
    Total System Jitter     (TSJ):    0.050ns
    Total Input Jitter      (TIJ):    0.000ns
    Discrete Jitter          (DJ):    0.000ns
    Phase Error              (PE):    0.000ns

    Location             Delay type                Incr(ns)  Path(ns)    Netlist Resource(s)
  -------------------------------------------------------------------    -------------------
                         (clock soc_clock rise edge)
                                                      0.000     0.000 r  
                                                      0.000     0.000 r  clock (IN)
                         net (fo=1858, unset)         0.787     0.787    core/clock
                         FDRE                                         r  core/exMem_storeData_reg[11]/C
  -------------------------------------------------------------------    -------------------
                         FDRE (Prop_fdre_C_Q)         0.397     1.184 r  core/exMem_storeData_reg[11]/Q
                         net (fo=2, unplaced)         0.790     1.974    core/exMem_storeData[11]
                         LUT6 (Prop_lut6_I0_O)        0.232     2.206 r  core/io_externalDmem_req_bits_wdata[27]_INST_0_i_1/O
                         net (fo=1, unplaced)         0.347     2.553    core/io_externalDmem_req_bits_wdata[27]_INST_0_i_1_n_0
                         LUT6 (Prop_lut6_I0_O)        0.105     2.658 r  core/io_externalDmem_req_bits_wdata[27]_INST_0/O
                         net (fo=1, unset)            0.787     3.445    io_externalDmem_req_bits_wdata[27]
                                                                      r  io_externalDmem_req_bits_wdata[27] (OUT)
  -------------------------------------------------------------------    -------------------

Slack:                    inf
  Source:                 core/exMem_storeData_reg[12]/C
                            (rising edge-triggered cell FDRE clocked by soc_clock  {rise@0.000ns fall@5.000ns period=10.000ns})
  Destination:            io_externalDmem_req_bits_wdata[28]
                            (output port)
  Path Group:             (none)
  Path Type:              Max at Slow Process Corner
  Data Path Delay:        2.658ns  (logic 0.734ns (27.615%)  route 1.924ns (72.385%))
  Logic Levels:           2  (LUT6=2)
  Clock Uncertainty:      0.025ns  ((TSJ^2 + TIJ^2)^1/2 + DJ) / 2 + PE
    Total System Jitter     (TSJ):    0.050ns
    Total Input Jitter      (TIJ):    0.000ns
    Discrete Jitter          (DJ):    0.000ns
    Phase Error              (PE):    0.000ns

    Location             Delay type                Incr(ns)  Path(ns)    Netlist Resource(s)
  -------------------------------------------------------------------    -------------------
                         (clock soc_clock rise edge)
                                                      0.000     0.000 r  
                                                      0.000     0.000 r  clock (IN)
                         net (fo=1858, unset)         0.787     0.787    core/clock
                         FDRE                                         r  core/exMem_storeData_reg[12]/C
  -------------------------------------------------------------------    -------------------
                         FDRE (Prop_fdre_C_Q)         0.397     1.184 r  core/exMem_storeData_reg[12]/Q
                         net (fo=2, unplaced)         0.790     1.974    core/exMem_storeData[12]
                         LUT6 (Prop_lut6_I0_O)        0.232     2.206 r  core/io_externalDmem_req_bits_wdata[28]_INST_0_i_1/O
                         net (fo=1, unplaced)         0.347     2.553    core/io_externalDmem_req_bits_wdata[28]_INST_0_i_1_n_0
                         LUT6 (Prop_lut6_I0_O)        0.105     2.658 r  core/io_externalDmem_req_bits_wdata[28]_INST_0/O
                         net (fo=1, unset)            0.787     3.445    io_externalDmem_req_bits_wdata[28]
                                                                      r  io_externalDmem_req_bits_wdata[28] (OUT)
  -------------------------------------------------------------------    -------------------





--------------------------------------------------------------------------------------
Path Group:  (none)
From Clock:  
  To Clock:  soc_clock

Max Delay          2522 Endpoints
Min Delay             0 Endpoints
--------------------------------------------------------------------------------------


Max Delay Paths
--------------------------------------------------------------------------------------
Slack:                    inf
  Source:                 io_video_pixelIn[10]
                            (input port)
  Destination:            videoAccelerator/pixel_out_reg[0]/D
                            (rising edge-triggered cell FDRE clocked by soc_clock  {rise@0.000ns fall@5.000ns period=10.000ns})
  Path Group:             (none)
  Path Type:              Setup (Max at Slow Process Corner)
  Data Path Delay:        6.313ns  (logic 2.239ns (35.466%)  route 4.074ns (64.534%))
  Logic Levels:           11  (CARRY4=3 LUT3=1 LUT4=2 LUT5=2 LUT6=3)
  Clock Path Skew:        0.748ns (DCD - SCD + CPR)
    Destination Clock Delay (DCD):    0.748ns
    Source Clock Delay      (SCD):    0.000ns
    Clock Pessimism Removal (CPR):    0.000ns

    Location             Delay type                Incr(ns)  Path(ns)    Netlist Resource(s)
  -------------------------------------------------------------------    -------------------
                                                      0.000     0.000 r  io_video_pixelIn[10] (IN)
                         net (fo=2, unset)            0.787     0.787    videoAccelerator/io_video_pixelIn[10]
                         LUT3 (Prop_lut3_I0_O)        0.128     0.915 r  videoAccelerator/gray_sum__0_carry_i_1/O
                         net (fo=2, unplaced)         0.397     1.312    videoAccelerator/gray_sum__0_carry_i_1_n_0
                         LUT4 (Prop_lut4_I3_O)        0.268     1.580 r  videoAccelerator/gray_sum__0_carry_i_4/O
                         net (fo=1, unplaced)         0.000     1.580    videoAccelerator/gray_sum__0_carry_i_4_n_0
                         CARRY4 (Prop_carry4_S[3]_CO[3])
                                                      0.314     1.894 r  videoAccelerator/gray_sum__0_carry/CO[3]
                         net (fo=1, unplaced)         0.008     1.902    videoAccelerator/gray_sum__0_carry_n_0
                         CARRY4 (Prop_carry4_CI_O[3])
                                                      0.277     2.179 r  videoAccelerator/gray_sum__0_carry__0/O[3]
                         net (fo=7, unplaced)         0.696     2.875    videoAccelerator/gray_sum[7]
                         LUT5 (Prop_lut5_I0_O)        0.250     3.125 r  videoAccelerator/pixel_out[19]_i_3/O
                         net (fo=1, unplaced)         0.347     3.472    videoAccelerator/pixel_out[19]_i_3_n_0
                         LUT6 (Prop_lut6_I4_O)        0.105     3.577 r  videoAccelerator/pixel_out[19]_i_2/O
                         net (fo=7, unplaced)         0.382     3.959    videoAccelerator/gray_sum__0_carry_0
                         LUT6 (Prop_lut6_I5_O)        0.105     4.064 f  videoAccelerator/pixel_out[17]_i_2/O
                         net (fo=6, unplaced)         0.379     4.443    videoAccelerator/pixel_out[19]_i_2_0
                         LUT5 (Prop_lut5_I4_O)        0.105     4.548 r  videoAccelerator/pixel_out[16]_i_2/O
                         net (fo=5, unplaced)         0.375     4.923    acceleratorRegisters/pixel_out_reg[16]
                         LUT4 (Prop_lut4_I2_O)        0.105     5.028 r  acceleratorRegisters/threshold_pixel_carry_i_4/O
                         net (fo=1, unplaced)         0.000     5.028    videoAccelerator/DI[0]
                         CARRY4 (Prop_carry4_DI[0]_CO[3])
                                                      0.477     5.505 r  videoAccelerator/threshold_pixel_carry/CO[3]
                         net (fo=24, unplaced)        0.703     6.208    acceleratorRegisters/CO[0]
                         LUT6 (Prop_lut6_I3_O)        0.105     6.313 r  acceleratorRegisters/pixel_out[0]_i_1/O
                         net (fo=1, unplaced)         0.000     6.313    videoAccelerator/D[0]
                         FDRE                                         r  videoAccelerator/pixel_out_reg[0]/D
  -------------------------------------------------------------------    -------------------

                         (clock soc_clock rise edge)
                                                      0.000     0.000 r  
                                                      0.000     0.000 r  clock (IN)
                         net (fo=1858, unset)         0.748     0.748    videoAccelerator/clock
                         FDRE                                         r  videoAccelerator/pixel_out_reg[0]/C

Slack:                    inf
  Source:                 io_video_pixelIn[10]
                            (input port)
  Destination:            videoAccelerator/pixel_out_reg[10]/D
                            (rising edge-triggered cell FDRE clocked by soc_clock  {rise@0.000ns fall@5.000ns period=10.000ns})
  Path Group:             (none)
  Path Type:              Setup (Max at Slow Process Corner)
  Data Path Delay:        6.313ns  (logic 2.239ns (35.466%)  route 4.074ns (64.534%))
  Logic Levels:           11  (CARRY4=3 LUT3=1 LUT4=2 LUT5=2 LUT6=3)
  Clock Path Skew:        0.748ns (DCD - SCD + CPR)
    Destination Clock Delay (DCD):    0.748ns
    Source Clock Delay      (SCD):    0.000ns
    Clock Pessimism Removal (CPR):    0.000ns

    Location             Delay type                Incr(ns)  Path(ns)    Netlist Resource(s)
  -------------------------------------------------------------------    -------------------
                                                      0.000     0.000 r  io_video_pixelIn[10] (IN)
                         net (fo=2, unset)            0.787     0.787    videoAccelerator/io_video_pixelIn[10]
                         LUT3 (Prop_lut3_I0_O)        0.128     0.915 r  videoAccelerator/gray_sum__0_carry_i_1/O
                         net (fo=2, unplaced)         0.397     1.312    videoAccelerator/gray_sum__0_carry_i_1_n_0
                         LUT4 (Prop_lut4_I3_O)        0.268     1.580 r  videoAccelerator/gray_sum__0_carry_i_4/O
                         net (fo=1, unplaced)         0.000     1.580    videoAccelerator/gray_sum__0_carry_i_4_n_0
                         CARRY4 (Prop_carry4_S[3]_CO[3])
                                                      0.314     1.894 r  videoAccelerator/gray_sum__0_carry/CO[3]
                         net (fo=1, unplaced)         0.008     1.902    videoAccelerator/gray_sum__0_carry_n_0
                         CARRY4 (Prop_carry4_CI_O[3])
                                                      0.277     2.179 r  videoAccelerator/gray_sum__0_carry__0/O[3]
                         net (fo=7, unplaced)         0.696     2.875    videoAccelerator/gray_sum[7]
                         LUT5 (Prop_lut5_I0_O)        0.250     3.125 r  videoAccelerator/pixel_out[19]_i_3/O
                         net (fo=1, unplaced)         0.347     3.472    videoAccelerator/pixel_out[19]_i_3_n_0
                         LUT6 (Prop_lut6_I4_O)        0.105     3.577 r  videoAccelerator/pixel_out[19]_i_2/O
                         net (fo=7, unplaced)         0.382     3.959    videoAccelerator/gray_sum__0_carry_0
                         LUT6 (Prop_lut6_I5_O)        0.105     4.064 f  videoAccelerator/pixel_out[17]_i_2/O
                         net (fo=6, unplaced)         0.379     4.443    videoAccelerator/pixel_out[19]_i_2_0
                         LUT5 (Prop_lut5_I4_O)        0.105     4.548 r  videoAccelerator/pixel_out[16]_i_2/O
                         net (fo=5, unplaced)         0.375     4.923    acceleratorRegisters/pixel_out_reg[16]
                         LUT4 (Prop_lut4_I2_O)        0.105     5.028 r  acceleratorRegisters/threshold_pixel_carry_i_4/O
                         net (fo=1, unplaced)         0.000     5.028    videoAccelerator/DI[0]
                         CARRY4 (Prop_carry4_DI[0]_CO[3])
                                                      0.477     5.505 r  videoAccelerator/threshold_pixel_carry/CO[3]
                         net (fo=24, unplaced)        0.703     6.208    acceleratorRegisters/CO[0]
                         LUT6 (Prop_lut6_I3_O)        0.105     6.313 r  acceleratorRegisters/pixel_out[10]_i_1/O
                         net (fo=1, unplaced)         0.000     6.313    videoAccelerator/D[10]
                         FDRE                                         r  videoAccelerator/pixel_out_reg[10]/D
  -------------------------------------------------------------------    -------------------

                         (clock soc_clock rise edge)
                                                      0.000     0.000 r  
                                                      0.000     0.000 r  clock (IN)
                         net (fo=1858, unset)         0.748     0.748    videoAccelerator/clock
                         FDRE                                         r  videoAccelerator/pixel_out_reg[10]/C

Slack:                    inf
  Source:                 io_video_pixelIn[10]
                            (input port)
  Destination:            videoAccelerator/pixel_out_reg[11]/D
                            (rising edge-triggered cell FDRE clocked by soc_clock  {rise@0.000ns fall@5.000ns period=10.000ns})
  Path Group:             (none)
  Path Type:              Setup (Max at Slow Process Corner)
  Data Path Delay:        6.313ns  (logic 2.239ns (35.466%)  route 4.074ns (64.534%))
  Logic Levels:           11  (CARRY4=3 LUT3=1 LUT4=2 LUT5=2 LUT6=3)
  Clock Path Skew:        0.748ns (DCD - SCD + CPR)
    Destination Clock Delay (DCD):    0.748ns
    Source Clock Delay      (SCD):    0.000ns
    Clock Pessimism Removal (CPR):    0.000ns

    Location             Delay type                Incr(ns)  Path(ns)    Netlist Resource(s)
  -------------------------------------------------------------------    -------------------
                                                      0.000     0.000 r  io_video_pixelIn[10] (IN)
                         net (fo=2, unset)            0.787     0.787    videoAccelerator/io_video_pixelIn[10]
                         LUT3 (Prop_lut3_I0_O)        0.128     0.915 r  videoAccelerator/gray_sum__0_carry_i_1/O
                         net (fo=2, unplaced)         0.397     1.312    videoAccelerator/gray_sum__0_carry_i_1_n_0
                         LUT4 (Prop_lut4_I3_O)        0.268     1.580 r  videoAccelerator/gray_sum__0_carry_i_4/O
                         net (fo=1, unplaced)         0.000     1.580    videoAccelerator/gray_sum__0_carry_i_4_n_0
                         CARRY4 (Prop_carry4_S[3]_CO[3])
                                                      0.314     1.894 r  videoAccelerator/gray_sum__0_carry/CO[3]
                         net (fo=1, unplaced)         0.008     1.902    videoAccelerator/gray_sum__0_carry_n_0
                         CARRY4 (Prop_carry4_CI_O[3])
                                                      0.277     2.179 r  videoAccelerator/gray_sum__0_carry__0/O[3]
                         net (fo=7, unplaced)         0.696     2.875    videoAccelerator/gray_sum[7]
                         LUT5 (Prop_lut5_I0_O)        0.250     3.125 r  videoAccelerator/pixel_out[19]_i_3/O
                         net (fo=1, unplaced)         0.347     3.472    videoAccelerator/pixel_out[19]_i_3_n_0
                         LUT6 (Prop_lut6_I4_O)        0.105     3.577 r  videoAccelerator/pixel_out[19]_i_2/O
                         net (fo=7, unplaced)         0.382     3.959    videoAccelerator/gray_sum__0_carry_0
                         LUT6 (Prop_lut6_I5_O)        0.105     4.064 f  videoAccelerator/pixel_out[17]_i_2/O
                         net (fo=6, unplaced)         0.379     4.443    videoAccelerator/pixel_out[19]_i_2_0
                         LUT5 (Prop_lut5_I4_O)        0.105     4.548 r  videoAccelerator/pixel_out[16]_i_2/O
                         net (fo=5, unplaced)         0.375     4.923    acceleratorRegisters/pixel_out_reg[16]
                         LUT4 (Prop_lut4_I2_O)        0.105     5.028 r  acceleratorRegisters/threshold_pixel_carry_i_4/O
                         net (fo=1, unplaced)         0.000     5.028    videoAccelerator/DI[0]
                         CARRY4 (Prop_carry4_DI[0]_CO[3])
                                                      0.477     5.505 r  videoAccelerator/threshold_pixel_carry/CO[3]
                         net (fo=24, unplaced)        0.703     6.208    acceleratorRegisters/CO[0]
                         LUT6 (Prop_lut6_I3_O)        0.105     6.313 r  acceleratorRegisters/pixel_out[11]_i_1/O
                         net (fo=1, unplaced)         0.000     6.313    videoAccelerator/D[11]
                         FDRE                                         r  videoAccelerator/pixel_out_reg[11]/D
  -------------------------------------------------------------------    -------------------

                         (clock soc_clock rise edge)
                                                      0.000     0.000 r  
                                                      0.000     0.000 r  clock (IN)
                         net (fo=1858, unset)         0.748     0.748    videoAccelerator/clock
                         FDRE                                         r  videoAccelerator/pixel_out_reg[11]/C

Slack:                    inf
  Source:                 io_video_pixelIn[10]
                            (input port)
  Destination:            videoAccelerator/pixel_out_reg[12]/D
                            (rising edge-triggered cell FDRE clocked by soc_clock  {rise@0.000ns fall@5.000ns period=10.000ns})
  Path Group:             (none)
  Path Type:              Setup (Max at Slow Process Corner)
  Data Path Delay:        6.313ns  (logic 2.239ns (35.466%)  route 4.074ns (64.534%))
  Logic Levels:           11  (CARRY4=3 LUT3=1 LUT4=2 LUT5=2 LUT6=3)
  Clock Path Skew:        0.748ns (DCD - SCD + CPR)
    Destination Clock Delay (DCD):    0.748ns
    Source Clock Delay      (SCD):    0.000ns
    Clock Pessimism Removal (CPR):    0.000ns

    Location             Delay type                Incr(ns)  Path(ns)    Netlist Resource(s)
  -------------------------------------------------------------------    -------------------
                                                      0.000     0.000 r  io_video_pixelIn[10] (IN)
                         net (fo=2, unset)            0.787     0.787    videoAccelerator/io_video_pixelIn[10]
                         LUT3 (Prop_lut3_I0_O)        0.128     0.915 r  videoAccelerator/gray_sum__0_carry_i_1/O
                         net (fo=2, unplaced)         0.397     1.312    videoAccelerator/gray_sum__0_carry_i_1_n_0
                         LUT4 (Prop_lut4_I3_O)        0.268     1.580 r  videoAccelerator/gray_sum__0_carry_i_4/O
                         net (fo=1, unplaced)         0.000     1.580    videoAccelerator/gray_sum__0_carry_i_4_n_0
                         CARRY4 (Prop_carry4_S[3]_CO[3])
                                                      0.314     1.894 r  videoAccelerator/gray_sum__0_carry/CO[3]
                         net (fo=1, unplaced)         0.008     1.902    videoAccelerator/gray_sum__0_carry_n_0
                         CARRY4 (Prop_carry4_CI_O[3])
                                                      0.277     2.179 r  videoAccelerator/gray_sum__0_carry__0/O[3]
                         net (fo=7, unplaced)         0.696     2.875    videoAccelerator/gray_sum[7]
                         LUT5 (Prop_lut5_I0_O)        0.250     3.125 r  videoAccelerator/pixel_out[19]_i_3/O
                         net (fo=1, unplaced)         0.347     3.472    videoAccelerator/pixel_out[19]_i_3_n_0
                         LUT6 (Prop_lut6_I4_O)        0.105     3.577 r  videoAccelerator/pixel_out[19]_i_2/O
                         net (fo=7, unplaced)         0.382     3.959    videoAccelerator/gray_sum__0_carry_0
                         LUT6 (Prop_lut6_I5_O)        0.105     4.064 f  videoAccelerator/pixel_out[17]_i_2/O
                         net (fo=6, unplaced)         0.379     4.443    videoAccelerator/pixel_out[19]_i_2_0
                         LUT5 (Prop_lut5_I4_O)        0.105     4.548 r  videoAccelerator/pixel_out[16]_i_2/O
                         net (fo=5, unplaced)         0.375     4.923    acceleratorRegisters/pixel_out_reg[16]
                         LUT4 (Prop_lut4_I2_O)        0.105     5.028 r  acceleratorRegisters/threshold_pixel_carry_i_4/O
                         net (fo=1, unplaced)         0.000     5.028    videoAccelerator/DI[0]
                         CARRY4 (Prop_carry4_DI[0]_CO[3])
                                                      0.477     5.505 r  videoAccelerator/threshold_pixel_carry/CO[3]
                         net (fo=24, unplaced)        0.703     6.208    acceleratorRegisters/CO[0]
                         LUT6 (Prop_lut6_I3_O)        0.105     6.313 r  acceleratorRegisters/pixel_out[12]_i_1/O
                         net (fo=1, unplaced)         0.000     6.313    videoAccelerator/D[12]
                         FDRE                                         r  videoAccelerator/pixel_out_reg[12]/D
  -------------------------------------------------------------------    -------------------

                         (clock soc_clock rise edge)
                                                      0.000     0.000 r  
                                                      0.000     0.000 r  clock (IN)
                         net (fo=1858, unset)         0.748     0.748    videoAccelerator/clock
                         FDRE                                         r  videoAccelerator/pixel_out_reg[12]/C

Slack:                    inf
  Source:                 io_video_pixelIn[10]
                            (input port)
  Destination:            videoAccelerator/pixel_out_reg[13]/D
                            (rising edge-triggered cell FDRE clocked by soc_clock  {rise@0.000ns fall@5.000ns period=10.000ns})
  Path Group:             (none)
  Path Type:              Setup (Max at Slow Process Corner)
  Data Path Delay:        6.313ns  (logic 2.239ns (35.466%)  route 4.074ns (64.534%))
  Logic Levels:           11  (CARRY4=3 LUT3=1 LUT4=2 LUT5=2 LUT6=3)
  Clock Path Skew:        0.748ns (DCD - SCD + CPR)
    Destination Clock Delay (DCD):    0.748ns
    Source Clock Delay      (SCD):    0.000ns
    Clock Pessimism Removal (CPR):    0.000ns

    Location             Delay type                Incr(ns)  Path(ns)    Netlist Resource(s)
  -------------------------------------------------------------------    -------------------
                                                      0.000     0.000 r  io_video_pixelIn[10] (IN)
                         net (fo=2, unset)            0.787     0.787    videoAccelerator/io_video_pixelIn[10]
                         LUT3 (Prop_lut3_I0_O)        0.128     0.915 r  videoAccelerator/gray_sum__0_carry_i_1/O
                         net (fo=2, unplaced)         0.397     1.312    videoAccelerator/gray_sum__0_carry_i_1_n_0
                         LUT4 (Prop_lut4_I3_O)        0.268     1.580 r  videoAccelerator/gray_sum__0_carry_i_4/O
                         net (fo=1, unplaced)         0.000     1.580    videoAccelerator/gray_sum__0_carry_i_4_n_0
                         CARRY4 (Prop_carry4_S[3]_CO[3])
                                                      0.314     1.894 r  videoAccelerator/gray_sum__0_carry/CO[3]
                         net (fo=1, unplaced)         0.008     1.902    videoAccelerator/gray_sum__0_carry_n_0
                         CARRY4 (Prop_carry4_CI_O[3])
                                                      0.277     2.179 r  videoAccelerator/gray_sum__0_carry__0/O[3]
                         net (fo=7, unplaced)         0.696     2.875    videoAccelerator/gray_sum[7]
                         LUT5 (Prop_lut5_I0_O)        0.250     3.125 r  videoAccelerator/pixel_out[19]_i_3/O
                         net (fo=1, unplaced)         0.347     3.472    videoAccelerator/pixel_out[19]_i_3_n_0
                         LUT6 (Prop_lut6_I4_O)        0.105     3.577 r  videoAccelerator/pixel_out[19]_i_2/O
                         net (fo=7, unplaced)         0.382     3.959    videoAccelerator/gray_sum__0_carry_0
                         LUT6 (Prop_lut6_I5_O)        0.105     4.064 f  videoAccelerator/pixel_out[17]_i_2/O
                         net (fo=6, unplaced)         0.379     4.443    videoAccelerator/pixel_out[19]_i_2_0
                         LUT5 (Prop_lut5_I4_O)        0.105     4.548 r  videoAccelerator/pixel_out[16]_i_2/O
                         net (fo=5, unplaced)         0.375     4.923    acceleratorRegisters/pixel_out_reg[16]
                         LUT4 (Prop_lut4_I2_O)        0.105     5.028 r  acceleratorRegisters/threshold_pixel_carry_i_4/O
                         net (fo=1, unplaced)         0.000     5.028    videoAccelerator/DI[0]
                         CARRY4 (Prop_carry4_DI[0]_CO[3])
                                                      0.477     5.505 r  videoAccelerator/threshold_pixel_carry/CO[3]
                         net (fo=24, unplaced)        0.703     6.208    acceleratorRegisters/CO[0]
                         LUT6 (Prop_lut6_I1_O)        0.105     6.313 r  acceleratorRegisters/pixel_out[13]_i_1/O
                         net (fo=1, unplaced)         0.000     6.313    videoAccelerator/D[13]
                         FDRE                                         r  videoAccelerator/pixel_out_reg[13]/D
  -------------------------------------------------------------------    -------------------

                         (clock soc_clock rise edge)
                                                      0.000     0.000 r  
                                                      0.000     0.000 r  clock (IN)
                         net (fo=1858, unset)         0.748     0.748    videoAccelerator/clock
                         FDRE                                         r  videoAccelerator/pixel_out_reg[13]/C

Slack:                    inf
  Source:                 io_video_pixelIn[10]
                            (input port)
  Destination:            videoAccelerator/pixel_out_reg[14]/D
                            (rising edge-triggered cell FDRE clocked by soc_clock  {rise@0.000ns fall@5.000ns period=10.000ns})
  Path Group:             (none)
  Path Type:              Setup (Max at Slow Process Corner)
  Data Path Delay:        6.313ns  (logic 2.239ns (35.466%)  route 4.074ns (64.534%))
  Logic Levels:           11  (CARRY4=3 LUT3=1 LUT4=2 LUT5=2 LUT6=3)
  Clock Path Skew:        0.748ns (DCD - SCD + CPR)
    Destination Clock Delay (DCD):    0.748ns
    Source Clock Delay      (SCD):    0.000ns
    Clock Pessimism Removal (CPR):    0.000ns

    Location             Delay type                Incr(ns)  Path(ns)    Netlist Resource(s)
  -------------------------------------------------------------------    -------------------
                                                      0.000     0.000 r  io_video_pixelIn[10] (IN)
                         net (fo=2, unset)            0.787     0.787    videoAccelerator/io_video_pixelIn[10]
                         LUT3 (Prop_lut3_I0_O)        0.128     0.915 r  videoAccelerator/gray_sum__0_carry_i_1/O
                         net (fo=2, unplaced)         0.397     1.312    videoAccelerator/gray_sum__0_carry_i_1_n_0
                         LUT4 (Prop_lut4_I3_O)        0.268     1.580 r  videoAccelerator/gray_sum__0_carry_i_4/O
                         net (fo=1, unplaced)         0.000     1.580    videoAccelerator/gray_sum__0_carry_i_4_n_0
                         CARRY4 (Prop_carry4_S[3]_CO[3])
                                                      0.314     1.894 r  videoAccelerator/gray_sum__0_carry/CO[3]
                         net (fo=1, unplaced)         0.008     1.902    videoAccelerator/gray_sum__0_carry_n_0
                         CARRY4 (Prop_carry4_CI_O[3])
                                                      0.277     2.179 r  videoAccelerator/gray_sum__0_carry__0/O[3]
                         net (fo=7, unplaced)         0.696     2.875    videoAccelerator/gray_sum[7]
                         LUT5 (Prop_lut5_I0_O)        0.250     3.125 r  videoAccelerator/pixel_out[19]_i_3/O
                         net (fo=1, unplaced)         0.347     3.472    videoAccelerator/pixel_out[19]_i_3_n_0
                         LUT6 (Prop_lut6_I4_O)        0.105     3.577 r  videoAccelerator/pixel_out[19]_i_2/O
                         net (fo=7, unplaced)         0.382     3.959    videoAccelerator/gray_sum__0_carry_0
                         LUT6 (Prop_lut6_I5_O)        0.105     4.064 f  videoAccelerator/pixel_out[17]_i_2/O
                         net (fo=6, unplaced)         0.379     4.443    videoAccelerator/pixel_out[19]_i_2_0
                         LUT5 (Prop_lut5_I4_O)        0.105     4.548 r  videoAccelerator/pixel_out[16]_i_2/O
                         net (fo=5, unplaced)         0.375     4.923    acceleratorRegisters/pixel_out_reg[16]
                         LUT4 (Prop_lut4_I2_O)        0.105     5.028 r  acceleratorRegisters/threshold_pixel_carry_i_4/O
                         net (fo=1, unplaced)         0.000     5.028    videoAccelerator/DI[0]
                         CARRY4 (Prop_carry4_DI[0]_CO[3])
                                                      0.477     5.505 r  videoAccelerator/threshold_pixel_carry/CO[3]
                         net (fo=24, unplaced)        0.703     6.208    acceleratorRegisters/CO[0]
                         LUT6 (Prop_lut6_I1_O)        0.105     6.313 r  acceleratorRegisters/pixel_out[14]_i_1/O
                         net (fo=1, unplaced)         0.000     6.313    videoAccelerator/D[14]
                         FDRE                                         r  videoAccelerator/pixel_out_reg[14]/D
  -------------------------------------------------------------------    -------------------

                         (clock soc_clock rise edge)
                                                      0.000     0.000 r  
                                                      0.000     0.000 r  clock (IN)
                         net (fo=1858, unset)         0.748     0.748    videoAccelerator/clock
                         FDRE                                         r  videoAccelerator/pixel_out_reg[14]/C

Slack:                    inf
  Source:                 io_video_pixelIn[10]
                            (input port)
  Destination:            videoAccelerator/pixel_out_reg[15]/D
                            (rising edge-triggered cell FDRE clocked by soc_clock  {rise@0.000ns fall@5.000ns period=10.000ns})
  Path Group:             (none)
  Path Type:              Setup (Max at Slow Process Corner)
  Data Path Delay:        6.313ns  (logic 2.239ns (35.466%)  route 4.074ns (64.534%))
  Logic Levels:           11  (CARRY4=3 LUT3=1 LUT4=2 LUT5=2 LUT6=3)
  Clock Path Skew:        0.748ns (DCD - SCD + CPR)
    Destination Clock Delay (DCD):    0.748ns
    Source Clock Delay      (SCD):    0.000ns
    Clock Pessimism Removal (CPR):    0.000ns

    Location             Delay type                Incr(ns)  Path(ns)    Netlist Resource(s)
  -------------------------------------------------------------------    -------------------
                                                      0.000     0.000 r  io_video_pixelIn[10] (IN)
                         net (fo=2, unset)            0.787     0.787    videoAccelerator/io_video_pixelIn[10]
                         LUT3 (Prop_lut3_I0_O)        0.128     0.915 r  videoAccelerator/gray_sum__0_carry_i_1/O
                         net (fo=2, unplaced)         0.397     1.312    videoAccelerator/gray_sum__0_carry_i_1_n_0
                         LUT4 (Prop_lut4_I3_O)        0.268     1.580 r  videoAccelerator/gray_sum__0_carry_i_4/O
                         net (fo=1, unplaced)         0.000     1.580    videoAccelerator/gray_sum__0_carry_i_4_n_0
                         CARRY4 (Prop_carry4_S[3]_CO[3])
                                                      0.314     1.894 r  videoAccelerator/gray_sum__0_carry/CO[3]
                         net (fo=1, unplaced)         0.008     1.902    videoAccelerator/gray_sum__0_carry_n_0
                         CARRY4 (Prop_carry4_CI_O[3])
                                                      0.277     2.179 r  videoAccelerator/gray_sum__0_carry__0/O[3]
                         net (fo=7, unplaced)         0.696     2.875    videoAccelerator/gray_sum[7]
                         LUT5 (Prop_lut5_I0_O)        0.250     3.125 r  videoAccelerator/pixel_out[19]_i_3/O
                         net (fo=1, unplaced)         0.347     3.472    videoAccelerator/pixel_out[19]_i_3_n_0
                         LUT6 (Prop_lut6_I4_O)        0.105     3.577 r  videoAccelerator/pixel_out[19]_i_2/O
                         net (fo=7, unplaced)         0.382     3.959    videoAccelerator/gray_sum__0_carry_0
                         LUT6 (Prop_lut6_I5_O)        0.105     4.064 f  videoAccelerator/pixel_out[17]_i_2/O
                         net (fo=6, unplaced)         0.379     4.443    videoAccelerator/pixel_out[19]_i_2_0
                         LUT5 (Prop_lut5_I4_O)        0.105     4.548 r  videoAccelerator/pixel_out[16]_i_2/O
                         net (fo=5, unplaced)         0.375     4.923    acceleratorRegisters/pixel_out_reg[16]
                         LUT4 (Prop_lut4_I2_O)        0.105     5.028 r  acceleratorRegisters/threshold_pixel_carry_i_4/O
                         net (fo=1, unplaced)         0.000     5.028    videoAccelerator/DI[0]
                         CARRY4 (Prop_carry4_DI[0]_CO[3])
                                                      0.477     5.505 r  videoAccelerator/threshold_pixel_carry/CO[3]
                         net (fo=24, unplaced)        0.703     6.208    acceleratorRegisters/CO[0]
                         LUT6 (Prop_lut6_I1_O)        0.105     6.313 r  acceleratorRegisters/pixel_out[15]_i_1/O
                         net (fo=1, unplaced)         0.000     6.313    videoAccelerator/D[15]
                         FDRE                                         r  videoAccelerator/pixel_out_reg[15]/D
  -------------------------------------------------------------------    -------------------

                         (clock soc_clock rise edge)
                                                      0.000     0.000 r  
                                                      0.000     0.000 r  clock (IN)
                         net (fo=1858, unset)         0.748     0.748    videoAccelerator/clock
                         FDRE                                         r  videoAccelerator/pixel_out_reg[15]/C

Slack:                    inf
  Source:                 io_video_pixelIn[10]
                            (input port)
  Destination:            videoAccelerator/pixel_out_reg[16]/D
                            (rising edge-triggered cell FDRE clocked by soc_clock  {rise@0.000ns fall@5.000ns period=10.000ns})
  Path Group:             (none)
  Path Type:              Setup (Max at Slow Process Corner)
  Data Path Delay:        6.313ns  (logic 2.239ns (35.466%)  route 4.074ns (64.534%))
  Logic Levels:           11  (CARRY4=3 LUT3=1 LUT4=2 LUT5=2 LUT6=3)
  Clock Path Skew:        0.748ns (DCD - SCD + CPR)
    Destination Clock Delay (DCD):    0.748ns
    Source Clock Delay      (SCD):    0.000ns
    Clock Pessimism Removal (CPR):    0.000ns

    Location             Delay type                Incr(ns)  Path(ns)    Netlist Resource(s)
  -------------------------------------------------------------------    -------------------
                                                      0.000     0.000 r  io_video_pixelIn[10] (IN)
                         net (fo=2, unset)            0.787     0.787    videoAccelerator/io_video_pixelIn[10]
                         LUT3 (Prop_lut3_I0_O)        0.128     0.915 r  videoAccelerator/gray_sum__0_carry_i_1/O
                         net (fo=2, unplaced)         0.397     1.312    videoAccelerator/gray_sum__0_carry_i_1_n_0
                         LUT4 (Prop_lut4_I3_O)        0.268     1.580 r  videoAccelerator/gray_sum__0_carry_i_4/O
                         net (fo=1, unplaced)         0.000     1.580    videoAccelerator/gray_sum__0_carry_i_4_n_0
                         CARRY4 (Prop_carry4_S[3]_CO[3])
                                                      0.314     1.894 r  videoAccelerator/gray_sum__0_carry/CO[3]
                         net (fo=1, unplaced)         0.008     1.902    videoAccelerator/gray_sum__0_carry_n_0
                         CARRY4 (Prop_carry4_CI_O[3])
                                                      0.277     2.179 r  videoAccelerator/gray_sum__0_carry__0/O[3]
                         net (fo=7, unplaced)         0.696     2.875    videoAccelerator/gray_sum[7]
                         LUT5 (Prop_lut5_I0_O)        0.250     3.125 r  videoAccelerator/pixel_out[19]_i_3/O
                         net (fo=1, unplaced)         0.347     3.472    videoAccelerator/pixel_out[19]_i_3_n_0
                         LUT6 (Prop_lut6_I4_O)        0.105     3.577 r  videoAccelerator/pixel_out[19]_i_2/O
                         net (fo=7, unplaced)         0.382     3.959    videoAccelerator/gray_sum__0_carry_0
                         LUT6 (Prop_lut6_I5_O)        0.105     4.064 f  videoAccelerator/pixel_out[17]_i_2/O
                         net (fo=6, unplaced)         0.379     4.443    videoAccelerator/pixel_out[19]_i_2_0
                         LUT5 (Prop_lut5_I4_O)        0.105     4.548 r  videoAccelerator/pixel_out[16]_i_2/O
                         net (fo=5, unplaced)         0.375     4.923    acceleratorRegisters/pixel_out_reg[16]
                         LUT4 (Prop_lut4_I2_O)        0.105     5.028 r  acceleratorRegisters/threshold_pixel_carry_i_4/O
                         net (fo=1, unplaced)         0.000     5.028    videoAccelerator/DI[0]
                         CARRY4 (Prop_carry4_DI[0]_CO[3])
                                                      0.477     5.505 r  videoAccelerator/threshold_pixel_carry/CO[3]
                         net (fo=24, unplaced)        0.703     6.208    acceleratorRegisters/CO[0]
                         LUT6 (Prop_lut6_I3_O)        0.105     6.313 r  acceleratorRegisters/pixel_out[16]_i_1/O
                         net (fo=1, unplaced)         0.000     6.313    videoAccelerator/D[16]
                         FDRE                                         r  videoAccelerator/pixel_out_reg[16]/D
  -------------------------------------------------------------------    -------------------

                         (clock soc_clock rise edge)
                                                      0.000     0.000 r  
                                                      0.000     0.000 r  clock (IN)
                         net (fo=1858, unset)         0.748     0.748    videoAccelerator/clock
                         FDRE                                         r  videoAccelerator/pixel_out_reg[16]/C

Slack:                    inf
  Source:                 io_video_pixelIn[10]
                            (input port)
  Destination:            videoAccelerator/pixel_out_reg[17]/D
                            (rising edge-triggered cell FDRE clocked by soc_clock  {rise@0.000ns fall@5.000ns period=10.000ns})
  Path Group:             (none)
  Path Type:              Setup (Max at Slow Process Corner)
  Data Path Delay:        6.313ns  (logic 2.239ns (35.466%)  route 4.074ns (64.534%))
  Logic Levels:           11  (CARRY4=3 LUT3=1 LUT4=2 LUT5=2 LUT6=3)
  Clock Path Skew:        0.748ns (DCD - SCD + CPR)
    Destination Clock Delay (DCD):    0.748ns
    Source Clock Delay      (SCD):    0.000ns
    Clock Pessimism Removal (CPR):    0.000ns

    Location             Delay type                Incr(ns)  Path(ns)    Netlist Resource(s)
  -------------------------------------------------------------------    -------------------
                                                      0.000     0.000 r  io_video_pixelIn[10] (IN)
                         net (fo=2, unset)            0.787     0.787    videoAccelerator/io_video_pixelIn[10]
                         LUT3 (Prop_lut3_I0_O)        0.128     0.915 r  videoAccelerator/gray_sum__0_carry_i_1/O
                         net (fo=2, unplaced)         0.397     1.312    videoAccelerator/gray_sum__0_carry_i_1_n_0
                         LUT4 (Prop_lut4_I3_O)        0.268     1.580 r  videoAccelerator/gray_sum__0_carry_i_4/O
                         net (fo=1, unplaced)         0.000     1.580    videoAccelerator/gray_sum__0_carry_i_4_n_0
                         CARRY4 (Prop_carry4_S[3]_CO[3])
                                                      0.314     1.894 r  videoAccelerator/gray_sum__0_carry/CO[3]
                         net (fo=1, unplaced)         0.008     1.902    videoAccelerator/gray_sum__0_carry_n_0
                         CARRY4 (Prop_carry4_CI_O[3])
                                                      0.277     2.179 r  videoAccelerator/gray_sum__0_carry__0/O[3]
                         net (fo=7, unplaced)         0.696     2.875    videoAccelerator/gray_sum[7]
                         LUT5 (Prop_lut5_I0_O)        0.250     3.125 r  videoAccelerator/pixel_out[19]_i_3/O
                         net (fo=1, unplaced)         0.347     3.472    videoAccelerator/pixel_out[19]_i_3_n_0
                         LUT6 (Prop_lut6_I4_O)        0.105     3.577 r  videoAccelerator/pixel_out[19]_i_2/O
                         net (fo=7, unplaced)         0.382     3.959    videoAccelerator/gray_sum__0_carry_0
                         LUT6 (Prop_lut6_I5_O)        0.105     4.064 f  videoAccelerator/pixel_out[17]_i_2/O
                         net (fo=6, unplaced)         0.379     4.443    videoAccelerator/pixel_out[19]_i_2_0
                         LUT5 (Prop_lut5_I4_O)        0.105     4.548 r  videoAccelerator/pixel_out[16]_i_2/O
                         net (fo=5, unplaced)         0.375     4.923    acceleratorRegisters/pixel_out_reg[16]
                         LUT4 (Prop_lut4_I2_O)        0.105     5.028 r  acceleratorRegisters/threshold_pixel_carry_i_4/O
                         net (fo=1, unplaced)         0.000     5.028    videoAccelerator/DI[0]
                         CARRY4 (Prop_carry4_DI[0]_CO[3])
                                                      0.477     5.505 r  videoAccelerator/threshold_pixel_carry/CO[3]
                         net (fo=24, unplaced)        0.703     6.208    acceleratorRegisters/CO[0]
                         LUT6 (Prop_lut6_I3_O)        0.105     6.313 r  acceleratorRegisters/pixel_out[17]_i_1/O
                         net (fo=1, unplaced)         0.000     6.313    videoAccelerator/D[17]
                         FDRE                                         r  videoAccelerator/pixel_out_reg[17]/D
  -------------------------------------------------------------------    -------------------

                         (clock soc_clock rise edge)
                                                      0.000     0.000 r  
                                                      0.000     0.000 r  clock (IN)
                         net (fo=1858, unset)         0.748     0.748    videoAccelerator/clock
                         FDRE                                         r  videoAccelerator/pixel_out_reg[17]/C

Slack:                    inf
  Source:                 io_video_pixelIn[10]
                            (input port)
  Destination:            videoAccelerator/pixel_out_reg[18]/D
                            (rising edge-triggered cell FDRE clocked by soc_clock  {rise@0.000ns fall@5.000ns period=10.000ns})
  Path Group:             (none)
  Path Type:              Setup (Max at Slow Process Corner)
  Data Path Delay:        6.313ns  (logic 2.239ns (35.466%)  route 4.074ns (64.534%))
  Logic Levels:           11  (CARRY4=3 LUT3=1 LUT4=2 LUT5=2 LUT6=3)
  Clock Path Skew:        0.748ns (DCD - SCD + CPR)
    Destination Clock Delay (DCD):    0.748ns
    Source Clock Delay      (SCD):    0.000ns
    Clock Pessimism Removal (CPR):    0.000ns

    Location             Delay type                Incr(ns)  Path(ns)    Netlist Resource(s)
  -------------------------------------------------------------------    -------------------
                                                      0.000     0.000 r  io_video_pixelIn[10] (IN)
                         net (fo=2, unset)            0.787     0.787    videoAccelerator/io_video_pixelIn[10]
                         LUT3 (Prop_lut3_I0_O)        0.128     0.915 r  videoAccelerator/gray_sum__0_carry_i_1/O
                         net (fo=2, unplaced)         0.397     1.312    videoAccelerator/gray_sum__0_carry_i_1_n_0
                         LUT4 (Prop_lut4_I3_O)        0.268     1.580 r  videoAccelerator/gray_sum__0_carry_i_4/O
                         net (fo=1, unplaced)         0.000     1.580    videoAccelerator/gray_sum__0_carry_i_4_n_0
                         CARRY4 (Prop_carry4_S[3]_CO[3])
                                                      0.314     1.894 r  videoAccelerator/gray_sum__0_carry/CO[3]
                         net (fo=1, unplaced)         0.008     1.902    videoAccelerator/gray_sum__0_carry_n_0
                         CARRY4 (Prop_carry4_CI_O[3])
                                                      0.277     2.179 r  videoAccelerator/gray_sum__0_carry__0/O[3]
                         net (fo=7, unplaced)         0.696     2.875    videoAccelerator/gray_sum[7]
                         LUT5 (Prop_lut5_I0_O)        0.250     3.125 r  videoAccelerator/pixel_out[19]_i_3/O
                         net (fo=1, unplaced)         0.347     3.472    videoAccelerator/pixel_out[19]_i_3_n_0
                         LUT6 (Prop_lut6_I4_O)        0.105     3.577 r  videoAccelerator/pixel_out[19]_i_2/O
                         net (fo=7, unplaced)         0.382     3.959    videoAccelerator/gray_sum__0_carry_0
                         LUT6 (Prop_lut6_I5_O)        0.105     4.064 f  videoAccelerator/pixel_out[17]_i_2/O
                         net (fo=6, unplaced)         0.379     4.443    videoAccelerator/pixel_out[19]_i_2_0
                         LUT5 (Prop_lut5_I4_O)        0.105     4.548 r  videoAccelerator/pixel_out[16]_i_2/O
                         net (fo=5, unplaced)         0.375     4.923    acceleratorRegisters/pixel_out_reg[16]
                         LUT4 (Prop_lut4_I2_O)        0.105     5.028 r  acceleratorRegisters/threshold_pixel_carry_i_4/O
                         net (fo=1, unplaced)         0.000     5.028    videoAccelerator/DI[0]
                         CARRY4 (Prop_carry4_DI[0]_CO[3])
                                                      0.477     5.505 r  videoAccelerator/threshold_pixel_carry/CO[3]
                         net (fo=24, unplaced)        0.703     6.208    acceleratorRegisters/CO[0]
                         LUT6 (Prop_lut6_I3_O)        0.105     6.313 r  acceleratorRegisters/pixel_out[18]_i_1/O
                         net (fo=1, unplaced)         0.000     6.313    videoAccelerator/D[18]
                         FDRE                                         r  videoAccelerator/pixel_out_reg[18]/D
  -------------------------------------------------------------------    -------------------

                         (clock soc_clock rise edge)
                                                      0.000     0.000 r  
                                                      0.000     0.000 r  clock (IN)
                         net (fo=1858, unset)         0.748     0.748    videoAccelerator/clock
                         FDRE                                         r  videoAccelerator/pixel_out_reg[18]/C





