
Efinix Static Timing Analysis Report
Version: 2026.1.132
Date: Mon Sep 28 11:10:45 2026

Copyright (C) 2013 - 2026 Efinix, Inc. All rights reserved.

Top-level Entity Name: efinix_2d_gpu

SDC Filename: D:/ZYNQ/smallproject/.worktrees/pango-riscv-cpu/board/efinix_ti60/efinix_2d_gpu.sdc

Timing Model: I3
	process : typical
	temperature : -40C to 100C
	voltage : 0.95 +/-30mV
	speedgrade : 3
	technology : t16ff
	status : final

---------- Table of Contents (begin) ----------
   1. Clock Frequency Summary
   2. Clock Relationship Summary
   3. Path Details for Max Critical Paths
   4. Path Details for Min Critical Paths
---------- Table of Contents (end) ------------

---------- 1. Clock Frequency Summary (begin) ----------

User target constrained clocks
   Clock Name     Period (ns)  Frequency (MHz)    Waveform          Targets
rxc                   8.000        125.000     {0.000 4.000}  {rxc}              
rx_pll_CLKOUT0        8.000        125.000     {0.000 4.000}  {rx_pll_CLKOUT0}   
ge0_tx_clk            8.000        125.000     {2.000 6.000}  {ge0_tx_clk}       
ge0_tx_clk_90         8.000        125.000     {2.000 6.000}  {ge0_tx_clk_90}    
clk_25m              40.000         25.000     {0.000 20.000} {clk_25m}          
core_clk             10.000        100.000     {0.000 5.000}  {core_clk}         
sdram_clk             2.500        400.000     {0.000 1.250}  {sdram_clk}        
rx_cal_clk            2.500        400.000     {0.000 1.250}  {rx_cal_clk}       
tx_cal_clk            2.500        400.000     {0.000 1.250}  {tx_cal_clk}       
tx_cal_clk_90edge     2.500        400.000     {0.000 1.250}  {tx_cal_clk_90edge}
hdmi_tx_slow_clk      6.723        148.743     {0.000 3.361}  {hdmi_tx_slow_clk} 
hdmi_tx_fast_clk      1.345        743.494     {0.000 0.672}  {hdmi_tx_fast_clk} 

Maximum possible analyzed clocks frequency
   Clock Name     Period (ns)  Frequency (MHz)     Edge
rxc                  6.403        156.177         (R-R)
core_clk             7.896        126.646         (R-R)
sdram_clk            2.416        413.907         (R-R)
rx_cal_clk           2.198        454.959         (R-R)
tx_cal_clk           2.204        453.721         (R-R)
tx_cal_clk_90edge    2.088        478.927         (R-R)
hdmi_tx_slow_clk     4.546        219.974         (R-R)

Geomean max period: 3.433

---------- Clock Frequency Summary (end) ---------------

---------- 2. Clock Relationship Summary (begin) ----------

Setup (Max) Clock Relationship
  Launch Clock      Capture Clock   Constraint (ns)     Slack (ns)          Edge
rxc               rxc                     8.000           1.597            (R-R)
rxc               ge0_tx_clk              2.000           0.554            (R-R)
core_clk          core_clk               10.000           2.104            (R-R)
sdram_clk         sdram_clk               2.500           0.084            (R-R)
rx_cal_clk        rx_cal_clk              2.500           0.302            (R-R)
tx_cal_clk        tx_cal_clk              2.500           0.296            (R-R)
tx_cal_clk_90edge tx_cal_clk_90edge       2.500           0.412            (R-R)
hdmi_tx_slow_clk  hdmi_tx_slow_clk        6.723           2.177            (R-R)

Hold (Min) Clock Relationship
  Launch Clock      Capture Clock   Constraint (ns)     Slack (ns)          Edge
rxc               rxc                     0.000           0.019            (R-R)
rxc               ge0_tx_clk             -6.000           6.019            (R-R)
core_clk          core_clk                0.000           0.026            (R-R)
sdram_clk         sdram_clk               0.000           0.064            (R-R)
rx_cal_clk        rx_cal_clk              0.000           0.033            (R-R)
tx_cal_clk        tx_cal_clk              0.000           0.097            (R-R)
tx_cal_clk_90edge tx_cal_clk_90edge       0.000           0.072            (R-R)
hdmi_tx_slow_clk  hdmi_tx_slow_clk        0.000           0.012            (R-R)

NOTE: Values are in nanoseconds.

---------- Clock Relationship Summary (end) ---------------

---------- 3. Path Details for Max Critical Paths (begin) ----------

################################################################################
Path Detail Report (sdram_clk vs sdram_clk)
################################################################################


++++ Path 1 ++++++++++++++++++++++++++++++++++++++++++++++++++++++++++++++++++++

Path Begin    : sapphire/u_ddr3_top/u_phy_top/u_ddr_phy_if/u1_cmd_fifo/u_efx_fifo_top/raddr[1]~FF|CLK
Path End      : sapphire/u_ddr3_top/u_phy_top/u_ddr_phy_if/u1_cmd_fifo/u_efx_fifo_top/raddr[0]~FF|CE 
Launch Clock  : sdram_clk (RISE)                                                                     
Capture Clock : sdram_clk (RISE)                                                                     
Slack         : 0.084 (required time - arrival time)                                                 
Delay         : 2.056                                                                                

Logic Level             : 8
Non-global nets on path : 9
Global nets on path     : 0

Launch Clock Path Delay        : 2.136
+ Clock To Q + Data Path Delay : 2.290
--------------------------------------
End-of-path arrival time       : 4.426

Constraint                     : 2.500
+ Capture Clock Path Delay     : 2.136
- Clock Uncertainty            : 0.126
--------------------------------------
End-of-path required time      : 4.510

Launch Clock Path
                                        name                                           model name   delay (ns)  cumulative delay (ns) pins on net    location
===============================================================================================================================================================
sdram_clk                                                                                input        0.000             0.000               0       (219,159)
sdram_clk                                                                                input        0.126             0.126             187       (219,159)
sdram_clk                                                                                net          2.010             2.136             187       (219,159)
   Routing elements:
      Manhattan distance of X:25, Y:97
sapphire/u_ddr3_top/u_phy_top/u_ddr_phy_if/u1_cmd_fifo/u_efx_fifo_top/raddr[1]~FF|CLK    EFX_FF       0.000             2.136             187       (194,62) 

Data Path
                                                       name                                                         model name   delay (ns)  cumulative delay (ns) pins on net    location
============================================================================================================================================================================================
sapphire/u_ddr3_top/u_phy_top/u_ddr_phy_if/u1_cmd_fifo/u_efx_fifo_top/raddr[1]~FF|Q                                  EFX_FF        0.130             0.130              13        (194,62)
sapphire/u_ddr3_top/u_phy_top/u_ddr_phy_if/u1_cmd_fifo/u_efx_fifo_top/raddr[1]                                       net           0.256             0.386              13        (194,62)
   Routing elements:
      Manhattan distance of X:0, Y:5
sapphire/u_ddr3_top/u_phy_top/u_ddr_phy_if/u1_cmd_fifo/u_efx_fifo_top/xefx_fifo_ctl/sub_49/add_2/i2|I1               EFX_ADD       0.057             0.443              13        (194,57)
sapphire/u_ddr3_top/u_phy_top/u_ddr_phy_if/u1_cmd_fifo/u_efx_fifo_top/xefx_fifo_ctl/sub_49/add_2/i2|CO               EFX_ADD       0.000             0.443               2        (194,57)
sapphire/u_ddr3_top/u_phy_top/u_ddr_phy_if/u1_cmd_fifo/u_efx_fifo_top/xefx_fifo_ctl/sub_49/add_2/n4                  net           0.000             0.443               2        (194,57)
   Routing elements:
      Manhattan distance of X:0, Y:1
sapphire/u_ddr3_top/u_phy_top/u_ddr_phy_if/u1_cmd_fifo/u_efx_fifo_top/xefx_fifo_ctl/sub_49/add_2/i3|CI               EFX_ADD       0.024             0.467               2        (194,58)
sapphire/u_ddr3_top/u_phy_top/u_ddr_phy_if/u1_cmd_fifo/u_efx_fifo_top/xefx_fifo_ctl/sub_49/add_2/i3|CO               EFX_ADD       0.000             0.467               2        (194,58)
sapphire/u_ddr3_top/u_phy_top/u_ddr_phy_if/u1_cmd_fifo/u_efx_fifo_top/xefx_fifo_ctl/sub_49/add_2/n6                  net           0.000             0.467               2        (194,58)
   Routing elements:
      Manhattan distance of X:0, Y:1
sapphire/u_ddr3_top/u_phy_top/u_ddr_phy_if/u1_cmd_fifo/u_efx_fifo_top/xefx_fifo_ctl/sub_49/add_2/i4|CI               EFX_ADD       0.024             0.491               2        (194,59)
sapphire/u_ddr3_top/u_phy_top/u_ddr_phy_if/u1_cmd_fifo/u_efx_fifo_top/xefx_fifo_ctl/sub_49/add_2/i4|CO               EFX_ADD       0.000             0.491               2        (194,59)
sapphire/u_ddr3_top/u_phy_top/u_ddr_phy_if/u1_cmd_fifo/u_efx_fifo_top/xefx_fifo_ctl/sub_49/add_2/n8                  net           0.000             0.491               2        (194,59)
   Routing elements:
      Manhattan distance of X:0, Y:1
sapphire/u_ddr3_top/u_phy_top/u_ddr_phy_if/u1_cmd_fifo/u_efx_fifo_top/xefx_fifo_ctl/sub_49/add_2/i5|CI               EFX_ADD       0.024             0.515               2        (194,60)
sapphire/u_ddr3_top/u_phy_top/u_ddr_phy_if/u1_cmd_fifo/u_efx_fifo_top/xefx_fifo_ctl/sub_49/add_2/i5|CO               EFX_ADD       0.000             0.515               2        (194,60)
n69593                                                                                                               net           0.000             0.515               2        (194,60)
   Routing elements:
      Manhattan distance of X:0, Y:1
sapphire/u_ddr3_top/u_phy_top/u_ddr_phy_if/u1_cmd_fifo/u_efx_fifo_top/xefx_fifo_ctl/sub_49/add_2/i5__AUX_ADD_CO|CI   EFX_ADD       0.097             0.612               2        (194,61)
sapphire/u_ddr3_top/u_phy_top/u_ddr_phy_if/u1_cmd_fifo/u_efx_fifo_top/xefx_fifo_ctl/sub_49/add_2/i5__AUX_ADD_CO|O    EFX_ADD       0.000             0.612               2        (194,61)
sapphire/u_ddr3_top/u_phy_top/u_ddr_phy_if/u1_cmd_fifo/u_efx_fifo_top/xefx_fifo_ctl/sub_49/add_2/n10                 net           0.353             0.965               2        (194,61)
   Routing elements:
      Manhattan distance of X:0, Y:8
LUT__124428|in[3]                                                                                                    EFX_LUT4      0.061             1.026               2        (194,53)
LUT__124428|out                                                                                                      EFX_LUT4      0.000             1.026               2        (194,53)
n62345                                                                                                               net           0.102             1.128               2        (194,53)
   Routing elements:
      Manhattan distance of X:0, Y:1
LUT__124429|in[2]                                                                                                    EFX_LUT4      0.061             1.189               2        (194,54)
LUT__124429|out                                                                                                      EFX_LUT4      0.000             1.189               2        (194,54)
n62346                                                                                                               net           0.262             1.451               2        (194,54)
   Routing elements:
      Manhattan distance of X:1, Y:10
LUT__124430|in[2]                                                                                                    EFX_LUT4      0.061             1.512               2        (193,64)
LUT__124430|out                                                                                                      EFX_LUT4      0.000             1.512              18        (193,64)
sapphire/u_ddr3_top/u_phy_top/u_ddr_phy_if/u1_cmd_fifo/u_efx_fifo_top/rd_en_int                                      net           0.674             2.186              18        (193,64)
   Routing elements:
      Manhattan distance of X:1, Y:1
sapphire/u_ddr3_top/u_phy_top/u_ddr_phy_if/u1_cmd_fifo/u_efx_fifo_top/raddr[0]~FF|CE                                 EFX_FF        0.104             2.290              18        (194,65)

Capture Clock Path
                                        name                                           model name   delay (ns)  cumulative delay (ns) pins on net    location
===============================================================================================================================================================
sdram_clk                                                                                input        0.000             0.000               0       (219,159)
sdram_clk                                                                                input        0.126             0.126             187       (219,159)
sdram_clk                                                                                net          2.010             2.136             187       (219,159)
   Routing elements:
      Manhattan distance of X:25, Y:94
sapphire/u_ddr3_top/u_phy_top/u_ddr_phy_if/u1_cmd_fifo/u_efx_fifo_top/raddr[0]~FF|CLK    EFX_FF       0.000             2.136             187       (194,65) 

++++ Path 2 ++++++++++++++++++++++++++++++++++++++++++++++++++++++++++++++++++++

Path Begin    : sapphire/u_ddr3_top/u_phy_top/u_ddr_phy_if/u1_cmd_fifo/u_efx_fifo_top/raddr[1]~FF|CLK
Path End      : sapphire/u_ddr3_top/u_phy_top/u_ddr_phy_if/u1_cmd_fifo/u_efx_fifo_top/raddr[2]~FF|CE 
Launch Clock  : sdram_clk (RISE)                                                                     
Capture Clock : sdram_clk (RISE)                                                                     
Slack         : 0.084 (required time - arrival time)                                                 
Delay         : 2.056                                                                                

Logic Level             : 8
Non-global nets on path : 9
Global nets on path     : 0

Launch Clock Path Delay        : 2.136
+ Clock To Q + Data Path Delay : 2.290
--------------------------------------
End-of-path arrival time       : 4.426

Constraint                     : 2.500
+ Capture Clock Path Delay     : 2.136
- Clock Uncertainty            : 0.126
--------------------------------------
End-of-path required time      : 4.510

Launch Clock Path
                                        name                                           model name   delay (ns)  cumulative delay (ns) pins on net    location
===============================================================================================================================================================
sdram_clk                                                                                input        0.000             0.000               0       (219,159)
sdram_clk                                                                                input        0.126             0.126             187       (219,159)
sdram_clk                                                                                net          2.010             2.136             187       (219,159)
   Routing elements:
      Manhattan distance of X:25, Y:97
sapphire/u_ddr3_top/u_phy_top/u_ddr_phy_if/u1_cmd_fifo/u_efx_fifo_top/raddr[1]~FF|CLK    EFX_FF       0.000             2.136             187       (194,62) 

Data Path
                                                       name                                                         model name   delay (ns)  cumulative delay (ns) pins on net    location
============================================================================================================================================================================================
sapphire/u_ddr3_top/u_phy_top/u_ddr_phy_if/u1_cmd_fifo/u_efx_fifo_top/raddr[1]~FF|Q                                  EFX_FF        0.130             0.130              13        (194,62)
sapphire/u_ddr3_top/u_phy_top/u_ddr_phy_if/u1_cmd_fifo/u_efx_fifo_top/raddr[1]                                       net           0.256             0.386              13        (194,62)
   Routing elements:
      Manhattan distance of X:0, Y:5
sapphire/u_ddr3_top/u_phy_top/u_ddr_phy_if/u1_cmd_fifo/u_efx_fifo_top/xefx_fifo_ctl/sub_49/add_2/i2|I1               EFX_ADD       0.057             0.443              13        (194,57)
sapphire/u_ddr3_top/u_phy_top/u_ddr_phy_if/u1_cmd_fifo/u_efx_fifo_top/xefx_fifo_ctl/sub_49/add_2/i2|CO               EFX_ADD       0.000             0.443               2        (194,57)
sapphire/u_ddr3_top/u_phy_top/u_ddr_phy_if/u1_cmd_fifo/u_efx_fifo_top/xefx_fifo_ctl/sub_49/add_2/n4                  net           0.000             0.443               2        (194,57)
   Routing elements:
      Manhattan distance of X:0, Y:1
sapphire/u_ddr3_top/u_phy_top/u_ddr_phy_if/u1_cmd_fifo/u_efx_fifo_top/xefx_fifo_ctl/sub_49/add_2/i3|CI               EFX_ADD       0.024             0.467               2        (194,58)
sapphire/u_ddr3_top/u_phy_top/u_ddr_phy_if/u1_cmd_fifo/u_efx_fifo_top/xefx_fifo_ctl/sub_49/add_2/i3|CO               EFX_ADD       0.000             0.467               2        (194,58)
sapphire/u_ddr3_top/u_phy_top/u_ddr_phy_if/u1_cmd_fifo/u_efx_fifo_top/xefx_fifo_ctl/sub_49/add_2/n6                  net           0.000             0.467               2        (194,58)
   Routing elements:
      Manhattan distance of X:0, Y:1
sapphire/u_ddr3_top/u_phy_top/u_ddr_phy_if/u1_cmd_fifo/u_efx_fifo_top/xefx_fifo_ctl/sub_49/add_2/i4|CI               EFX_ADD       0.024             0.491               2        (194,59)
sapphire/u_ddr3_top/u_phy_top/u_ddr_phy_if/u1_cmd_fifo/u_efx_fifo_top/xefx_fifo_ctl/sub_49/add_2/i4|CO               EFX_ADD       0.000             0.491               2        (194,59)
sapphire/u_ddr3_top/u_phy_top/u_ddr_phy_if/u1_cmd_fifo/u_efx_fifo_top/xefx_fifo_ctl/sub_49/add_2/n8                  net           0.000             0.491               2        (194,59)
   Routing elements:
      Manhattan distance of X:0, Y:1
sapphire/u_ddr3_top/u_phy_top/u_ddr_phy_if/u1_cmd_fifo/u_efx_fifo_top/xefx_fifo_ctl/sub_49/add_2/i5|CI               EFX_ADD       0.024             0.515               2        (194,60)
sapphire/u_ddr3_top/u_phy_top/u_ddr_phy_if/u1_cmd_fifo/u_efx_fifo_top/xefx_fifo_ctl/sub_49/add_2/i5|CO               EFX_ADD       0.000             0.515               2        (194,60)
n69593                                                                                                               net           0.000             0.515               2        (194,60)
   Routing elements:
      Manhattan distance of X:0, Y:1
sapphire/u_ddr3_top/u_phy_top/u_ddr_phy_if/u1_cmd_fifo/u_efx_fifo_top/xefx_fifo_ctl/sub_49/add_2/i5__AUX_ADD_CO|CI   EFX_ADD       0.097             0.612               2        (194,61)
sapphire/u_ddr3_top/u_phy_top/u_ddr_phy_if/u1_cmd_fifo/u_efx_fifo_top/xefx_fifo_ctl/sub_49/add_2/i5__AUX_ADD_CO|O    EFX_ADD       0.000             0.612               2        (194,61)
sapphire/u_ddr3_top/u_phy_top/u_ddr_phy_if/u1_cmd_fifo/u_efx_fifo_top/xefx_fifo_ctl/sub_49/add_2/n10                 net           0.353             0.965               2        (194,61)
   Routing elements:
      Manhattan distance of X:0, Y:8
LUT__124428|in[3]                                                                                                    EFX_LUT4      0.061             1.026               2        (194,53)
LUT__124428|out                                                                                                      EFX_LUT4      0.000             1.026               2        (194,53)
n62345                                                                                                               net           0.102             1.128               2        (194,53)
   Routing elements:
      Manhattan distance of X:0, Y:1
LUT__124429|in[2]                                                                                                    EFX_LUT4      0.061             1.189               2        (194,54)
LUT__124429|out                                                                                                      EFX_LUT4      0.000             1.189               2        (194,54)
n62346                                                                                                               net           0.262             1.451               2        (194,54)
   Routing elements:
      Manhattan distance of X:1, Y:10
LUT__124430|in[2]                                                                                                    EFX_LUT4      0.061             1.512               2        (193,64)
LUT__124430|out                                                                                                      EFX_LUT4      0.000             1.512              18        (193,64)
sapphire/u_ddr3_top/u_phy_top/u_ddr_phy_if/u1_cmd_fifo/u_efx_fifo_top/rd_en_int                                      net           0.674             2.186              18        (193,64)
   Routing elements:
      Manhattan distance of X:1, Y:1
sapphire/u_ddr3_top/u_phy_top/u_ddr_phy_if/u1_cmd_fifo/u_efx_fifo_top/raddr[2]~FF|CE                                 EFX_FF        0.104             2.290              18        (194,63)

Capture Clock Path
                                        name                                           model name   delay (ns)  cumulative delay (ns) pins on net    location
===============================================================================================================================================================
sdram_clk                                                                                input        0.000             0.000               0       (219,159)
sdram_clk                                                                                input        0.126             0.126             187       (219,159)
sdram_clk                                                                                net          2.010             2.136             187       (219,159)
   Routing elements:
      Manhattan distance of X:25, Y:96
sapphire/u_ddr3_top/u_phy_top/u_ddr_phy_if/u1_cmd_fifo/u_efx_fifo_top/raddr[2]~FF|CLK    EFX_FF       0.000             2.136             187       (194,63) 

++++ Path 3 ++++++++++++++++++++++++++++++++++++++++++++++++++++++++++++++++++++

Path Begin    : sapphire/u_ddr3_top/u_phy_top/u_ddr_phy_if/u1_cmd_fifo/u_efx_fifo_top/raddr[1]~FF|CLK                  
Path End      : sapphire/u_ddr3_top/u_phy_top/u_ddr_phy_if/u1_cmd_fifo/u_efx_fifo_top/xefx_fifo_ctl/raddr_cntr[4]~FF|CE
Launch Clock  : sdram_clk (RISE)                                                                                       
Capture Clock : sdram_clk (RISE)                                                                                       
Slack         : 0.084 (required time - arrival time)                                                                   
Delay         : 2.056                                                                                                  

Logic Level             : 8
Non-global nets on path : 9
Global nets on path     : 0

Launch Clock Path Delay        : 2.136
+ Clock To Q + Data Path Delay : 2.290
--------------------------------------
End-of-path arrival time       : 4.426

Constraint                     : 2.500
+ Capture Clock Path Delay     : 2.136
- Clock Uncertainty            : 0.126
--------------------------------------
End-of-path required time      : 4.510

Launch Clock Path
                                        name                                           model name   delay (ns)  cumulative delay (ns) pins on net    location
===============================================================================================================================================================
sdram_clk                                                                                input        0.000             0.000               0       (219,159)
sdram_clk                                                                                input        0.126             0.126             187       (219,159)
sdram_clk                                                                                net          2.010             2.136             187       (219,159)
   Routing elements:
      Manhattan distance of X:25, Y:97
sapphire/u_ddr3_top/u_phy_top/u_ddr_phy_if/u1_cmd_fifo/u_efx_fifo_top/raddr[1]~FF|CLK    EFX_FF       0.000             2.136             187       (194,62) 

Data Path
                                                       name                                                         model name   delay (ns)  cumulative delay (ns) pins on net    location
============================================================================================================================================================================================
sapphire/u_ddr3_top/u_phy_top/u_ddr_phy_if/u1_cmd_fifo/u_efx_fifo_top/raddr[1]~FF|Q                                  EFX_FF        0.130             0.130              13        (194,62)
sapphire/u_ddr3_top/u_phy_top/u_ddr_phy_if/u1_cmd_fifo/u_efx_fifo_top/raddr[1]                                       net           0.256             0.386              13        (194,62)
   Routing elements:
      Manhattan distance of X:0, Y:5
sapphire/u_ddr3_top/u_phy_top/u_ddr_phy_if/u1_cmd_fifo/u_efx_fifo_top/xefx_fifo_ctl/sub_49/add_2/i2|I1               EFX_ADD       0.057             0.443              13        (194,57)
sapphire/u_ddr3_top/u_phy_top/u_ddr_phy_if/u1_cmd_fifo/u_efx_fifo_top/xefx_fifo_ctl/sub_49/add_2/i2|CO               EFX_ADD       0.000             0.443               2        (194,57)
sapphire/u_ddr3_top/u_phy_top/u_ddr_phy_if/u1_cmd_fifo/u_efx_fifo_top/xefx_fifo_ctl/sub_49/add_2/n4                  net           0.000             0.443               2        (194,57)
   Routing elements:
      Manhattan distance of X:0, Y:1
sapphire/u_ddr3_top/u_phy_top/u_ddr_phy_if/u1_cmd_fifo/u_efx_fifo_top/xefx_fifo_ctl/sub_49/add_2/i3|CI               EFX_ADD       0.024             0.467               2        (194,58)
sapphire/u_ddr3_top/u_phy_top/u_ddr_phy_if/u1_cmd_fifo/u_efx_fifo_top/xefx_fifo_ctl/sub_49/add_2/i3|CO               EFX_ADD       0.000             0.467               2        (194,58)
sapphire/u_ddr3_top/u_phy_top/u_ddr_phy_if/u1_cmd_fifo/u_efx_fifo_top/xefx_fifo_ctl/sub_49/add_2/n6                  net           0.000             0.467               2        (194,58)
   Routing elements:
      Manhattan distance of X:0, Y:1
sapphire/u_ddr3_top/u_phy_top/u_ddr_phy_if/u1_cmd_fifo/u_efx_fifo_top/xefx_fifo_ctl/sub_49/add_2/i4|CI               EFX_ADD       0.024             0.491               2        (194,59)
sapphire/u_ddr3_top/u_phy_top/u_ddr_phy_if/u1_cmd_fifo/u_efx_fifo_top/xefx_fifo_ctl/sub_49/add_2/i4|CO               EFX_ADD       0.000             0.491               2        (194,59)
sapphire/u_ddr3_top/u_phy_top/u_ddr_phy_if/u1_cmd_fifo/u_efx_fifo_top/xefx_fifo_ctl/sub_49/add_2/n8                  net           0.000             0.491               2        (194,59)
   Routing elements:
      Manhattan distance of X:0, Y:1
sapphire/u_ddr3_top/u_phy_top/u_ddr_phy_if/u1_cmd_fifo/u_efx_fifo_top/xefx_fifo_ctl/sub_49/add_2/i5|CI               EFX_ADD       0.024             0.515               2        (194,60)
sapphire/u_ddr3_top/u_phy_top/u_ddr_phy_if/u1_cmd_fifo/u_efx_fifo_top/xefx_fifo_ctl/sub_49/add_2/i5|CO               EFX_ADD       0.000             0.515               2        (194,60)
n69593                                                                                                               net           0.000             0.515               2        (194,60)
   Routing elements:
      Manhattan distance of X:0, Y:1
sapphire/u_ddr3_top/u_phy_top/u_ddr_phy_if/u1_cmd_fifo/u_efx_fifo_top/xefx_fifo_ctl/sub_49/add_2/i5__AUX_ADD_CO|CI   EFX_ADD       0.097             0.612               2        (194,61)
sapphire/u_ddr3_top/u_phy_top/u_ddr_phy_if/u1_cmd_fifo/u_efx_fifo_top/xefx_fifo_ctl/sub_49/add_2/i5__AUX_ADD_CO|O    EFX_ADD       0.000             0.612               2        (194,61)
sapphire/u_ddr3_top/u_phy_top/u_ddr_phy_if/u1_cmd_fifo/u_efx_fifo_top/xefx_fifo_ctl/sub_49/add_2/n10                 net           0.353             0.965               2        (194,61)
   Routing elements:
      Manhattan distance of X:0, Y:8
LUT__124428|in[3]                                                                                                    EFX_LUT4      0.061             1.026               2        (194,53)
LUT__124428|out                                                                                                      EFX_LUT4      0.000             1.026               2        (194,53)
n62345                                                                                                               net           0.102             1.128               2        (194,53)
   Routing elements:
      Manhattan distance of X:0, Y:1
LUT__124429|in[2]                                                                                                    EFX_LUT4      0.061             1.189               2        (194,54)
LUT__124429|out                                                                                                      EFX_LUT4      0.000             1.189               2        (194,54)
n62346                                                                                                               net           0.262             1.451               2        (194,54)
   Routing elements:
      Manhattan distance of X:1, Y:10
LUT__124430|in[2]                                                                                                    EFX_LUT4      0.061             1.512               2        (193,64)
LUT__124430|out                                                                                                      EFX_LUT4      0.000             1.512              18        (193,64)
sapphire/u_ddr3_top/u_phy_top/u_ddr_phy_if/u1_cmd_fifo/u_efx_fifo_top/rd_en_int                                      net           0.674             2.186              18        (193,64)
   Routing elements:
      Manhattan distance of X:1, Y:5
sapphire/u_ddr3_top/u_phy_top/u_ddr_phy_if/u1_cmd_fifo/u_efx_fifo_top/xefx_fifo_ctl/raddr_cntr[4]~FF|CE              EFX_FF        0.104             2.290              18        (194,69)

Capture Clock Path
                                                  name                                                    model name   delay (ns)  cumulative delay (ns) pins on net    location
==================================================================================================================================================================================
sdram_clk                                                                                                   input        0.000             0.000               0       (219,159)
sdram_clk                                                                                                   input        0.126             0.126             187       (219,159)
sdram_clk                                                                                                   net          2.010             2.136             187       (219,159)
   Routing elements:
      Manhattan distance of X:25, Y:90
sapphire/u_ddr3_top/u_phy_top/u_ddr_phy_if/u1_cmd_fifo/u_efx_fifo_top/xefx_fifo_ctl/raddr_cntr[4]~FF|CLK    EFX_FF       0.000             2.136             187       (194,69) 

++++ Path 4 ++++++++++++++++++++++++++++++++++++++++++++++++++++++++++++++++++++

Path Begin    : sapphire/u_ddr3_top/u_phy_top/u_ddr_phy_if/u1_cmd_fifo/u_efx_fifo_top/raddr[1]~FF|CLK
Path End      : sapphire/u_ddr3_top/u_phy_top/u_ddr_phy_if/u1_cmd_fifo/u_efx_fifo_top/raddr[1]~FF|CE 
Launch Clock  : sdram_clk (RISE)                                                                     
Capture Clock : sdram_clk (RISE)                                                                     
Slack         : 0.084 (required time - arrival time)                                                 
Delay         : 2.056                                                                                

Logic Level             : 8
Non-global nets on path : 9
Global nets on path     : 0

Launch Clock Path Delay        : 2.136
+ Clock To Q + Data Path Delay : 2.290
--------------------------------------
End-of-path arrival time       : 4.426

Constraint                     : 2.500
+ Capture Clock Path Delay     : 2.136
- Clock Uncertainty            : 0.126
--------------------------------------
End-of-path required time      : 4.510

Launch Clock Path
                                        name                                           model name   delay (ns)  cumulative delay (ns) pins on net    location
===============================================================================================================================================================
sdram_clk                                                                                input        0.000             0.000               0       (219,159)
sdram_clk                                                                                input        0.126             0.126             187       (219,159)
sdram_clk                                                                                net          2.010             2.136             187       (219,159)
   Routing elements:
      Manhattan distance of X:25, Y:97
sapphire/u_ddr3_top/u_phy_top/u_ddr_phy_if/u1_cmd_fifo/u_efx_fifo_top/raddr[1]~FF|CLK    EFX_FF       0.000             2.136             187       (194,62) 

Data Path
                                                       name                                                         model name   delay (ns)  cumulative delay (ns) pins on net    location
============================================================================================================================================================================================
sapphire/u_ddr3_top/u_phy_top/u_ddr_phy_if/u1_cmd_fifo/u_efx_fifo_top/raddr[1]~FF|Q                                  EFX_FF        0.130             0.130              13        (194,62)
sapphire/u_ddr3_top/u_phy_top/u_ddr_phy_if/u1_cmd_fifo/u_efx_fifo_top/raddr[1]                                       net           0.256             0.386              13        (194,62)
   Routing elements:
      Manhattan distance of X:0, Y:5
sapphire/u_ddr3_top/u_phy_top/u_ddr_phy_if/u1_cmd_fifo/u_efx_fifo_top/xefx_fifo_ctl/sub_49/add_2/i2|I1               EFX_ADD       0.057             0.443              13        (194,57)
sapphire/u_ddr3_top/u_phy_top/u_ddr_phy_if/u1_cmd_fifo/u_efx_fifo_top/xefx_fifo_ctl/sub_49/add_2/i2|CO               EFX_ADD       0.000             0.443               2        (194,57)
sapphire/u_ddr3_top/u_phy_top/u_ddr_phy_if/u1_cmd_fifo/u_efx_fifo_top/xefx_fifo_ctl/sub_49/add_2/n4                  net           0.000             0.443               2        (194,57)
   Routing elements:
      Manhattan distance of X:0, Y:1
sapphire/u_ddr3_top/u_phy_top/u_ddr_phy_if/u1_cmd_fifo/u_efx_fifo_top/xefx_fifo_ctl/sub_49/add_2/i3|CI               EFX_ADD       0.024             0.467               2        (194,58)
sapphire/u_ddr3_top/u_phy_top/u_ddr_phy_if/u1_cmd_fifo/u_efx_fifo_top/xefx_fifo_ctl/sub_49/add_2/i3|CO               EFX_ADD       0.000             0.467               2        (194,58)
sapphire/u_ddr3_top/u_phy_top/u_ddr_phy_if/u1_cmd_fifo/u_efx_fifo_top/xefx_fifo_ctl/sub_49/add_2/n6                  net           0.000             0.467               2        (194,58)
   Routing elements:
      Manhattan distance of X:0, Y:1
sapphire/u_ddr3_top/u_phy_top/u_ddr_phy_if/u1_cmd_fifo/u_efx_fifo_top/xefx_fifo_ctl/sub_49/add_2/i4|CI               EFX_ADD       0.024             0.491               2        (194,59)
sapphire/u_ddr3_top/u_phy_top/u_ddr_phy_if/u1_cmd_fifo/u_efx_fifo_top/xefx_fifo_ctl/sub_49/add_2/i4|CO               EFX_ADD       0.000             0.491               2        (194,59)
sapphire/u_ddr3_top/u_phy_top/u_ddr_phy_if/u1_cmd_fifo/u_efx_fifo_top/xefx_fifo_ctl/sub_49/add_2/n8                  net           0.000             0.491               2        (194,59)
   Routing elements:
      Manhattan distance of X:0, Y:1
sapphire/u_ddr3_top/u_phy_top/u_ddr_phy_if/u1_cmd_fifo/u_efx_fifo_top/xefx_fifo_ctl/sub_49/add_2/i5|CI               EFX_ADD       0.024             0.515               2        (194,60)
sapphire/u_ddr3_top/u_phy_top/u_ddr_phy_if/u1_cmd_fifo/u_efx_fifo_top/xefx_fifo_ctl/sub_49/add_2/i5|CO               EFX_ADD       0.000             0.515               2        (194,60)
n69593                                                                                                               net           0.000             0.515               2        (194,60)
   Routing elements:
      Manhattan distance of X:0, Y:1
sapphire/u_ddr3_top/u_phy_top/u_ddr_phy_if/u1_cmd_fifo/u_efx_fifo_top/xefx_fifo_ctl/sub_49/add_2/i5__AUX_ADD_CO|CI   EFX_ADD       0.097             0.612               2        (194,61)
sapphire/u_ddr3_top/u_phy_top/u_ddr_phy_if/u1_cmd_fifo/u_efx_fifo_top/xefx_fifo_ctl/sub_49/add_2/i5__AUX_ADD_CO|O    EFX_ADD       0.000             0.612               2        (194,61)
sapphire/u_ddr3_top/u_phy_top/u_ddr_phy_if/u1_cmd_fifo/u_efx_fifo_top/xefx_fifo_ctl/sub_49/add_2/n10                 net           0.353             0.965               2        (194,61)
   Routing elements:
      Manhattan distance of X:0, Y:8
LUT__124428|in[3]                                                                                                    EFX_LUT4      0.061             1.026               2        (194,53)
LUT__124428|out                                                                                                      EFX_LUT4      0.000             1.026               2        (194,53)
n62345                                                                                                               net           0.102             1.128               2        (194,53)
   Routing elements:
      Manhattan distance of X:0, Y:1
LUT__124429|in[2]                                                                                                    EFX_LUT4      0.061             1.189               2        (194,54)
LUT__124429|out                                                                                                      EFX_LUT4      0.000             1.189               2        (194,54)
n62346                                                                                                               net           0.262             1.451               2        (194,54)
   Routing elements:
      Manhattan distance of X:1, Y:10
LUT__124430|in[2]                                                                                                    EFX_LUT4      0.061             1.512               2        (193,64)
LUT__124430|out                                                                                                      EFX_LUT4      0.000             1.512              18        (193,64)
sapphire/u_ddr3_top/u_phy_top/u_ddr_phy_if/u1_cmd_fifo/u_efx_fifo_top/rd_en_int                                      net           0.674             2.186              18        (193,64)
   Routing elements:
      Manhattan distance of X:1, Y:2
sapphire/u_ddr3_top/u_phy_top/u_ddr_phy_if/u1_cmd_fifo/u_efx_fifo_top/raddr[1]~FF|CE                                 EFX_FF        0.104             2.290              18        (194,62)

Capture Clock Path
                                        name                                           model name   delay (ns)  cumulative delay (ns) pins on net    location
===============================================================================================================================================================
sdram_clk                                                                                input        0.000             0.000               0       (219,159)
sdram_clk                                                                                input        0.126             0.126             187       (219,159)
sdram_clk                                                                                net          2.010             2.136             187       (219,159)
   Routing elements:
      Manhattan distance of X:25, Y:97
sapphire/u_ddr3_top/u_phy_top/u_ddr_phy_if/u1_cmd_fifo/u_efx_fifo_top/raddr[1]~FF|CLK    EFX_FF       0.000             2.136             187       (194,62) 

++++ Path 5 ++++++++++++++++++++++++++++++++++++++++++++++++++++++++++++++++++++

Path Begin    : sapphire/u_ddr3_top/u_phy_top/u_ddr_phy_if/u1_cmd_fifo/u_efx_fifo_top/raddr[0]~FF|CLK
Path End      : sapphire/u_ddr3_top/u_phy_top/u_ddr_phy_if/u1_cmd_fifo/u_efx_fifo_top/raddr[1]~FF|CE 
Launch Clock  : sdram_clk (RISE)                                                                     
Capture Clock : sdram_clk (RISE)                                                                     
Slack         : 0.090 (required time - arrival time)                                                 
Delay         : 2.050                                                                                

Logic Level             :  9
Non-global nets on path : 10
Global nets on path     :  0

Launch Clock Path Delay        : 2.136
+ Clock To Q + Data Path Delay : 2.284
--------------------------------------
End-of-path arrival time       : 4.420

Constraint                     : 2.500
+ Capture Clock Path Delay     : 2.136
- Clock Uncertainty            : 0.126
--------------------------------------
End-of-path required time      : 4.510

Launch Clock Path
                                        name                                           model name   delay (ns)  cumulative delay (ns) pins on net    location
===============================================================================================================================================================
sdram_clk                                                                                input        0.000             0.000               0       (219,159)
sdram_clk                                                                                input        0.126             0.126             187       (219,159)
sdram_clk                                                                                net          2.010             2.136             187       (219,159)
   Routing elements:
      Manhattan distance of X:25, Y:94
sapphire/u_ddr3_top/u_phy_top/u_ddr_phy_if/u1_cmd_fifo/u_efx_fifo_top/raddr[0]~FF|CLK    EFX_FF       0.000             2.136             187       (194,65) 

Data Path
                                                       name                                                         model name   delay (ns)  cumulative delay (ns) pins on net    location
============================================================================================================================================================================================
sapphire/u_ddr3_top/u_phy_top/u_ddr_phy_if/u1_cmd_fifo/u_efx_fifo_top/raddr[0]~FF|Q                                  EFX_FF        0.130             0.130              14        (194,65)
sapphire/u_ddr3_top/u_phy_top/u_ddr_phy_if/u1_cmd_fifo/u_efx_fifo_top/raddr[0]                                       net           0.226             0.356              14        (194,65)
   Routing elements:
      Manhattan distance of X:0, Y:9
sapphire/u_ddr3_top/u_phy_top/u_ddr_phy_if/u1_cmd_fifo/u_efx_fifo_top/xefx_fifo_ctl/sub_49/add_2/i1|I1               EFX_ADD       0.057             0.413              14        (194,56)
sapphire/u_ddr3_top/u_phy_top/u_ddr_phy_if/u1_cmd_fifo/u_efx_fifo_top/xefx_fifo_ctl/sub_49/add_2/i1|CO               EFX_ADD       0.000             0.413               2        (194,56)
sapphire/u_ddr3_top/u_phy_top/u_ddr_phy_if/u1_cmd_fifo/u_efx_fifo_top/xefx_fifo_ctl/sub_49/add_2/n2                  net           0.000             0.413               2        (194,56)
   Routing elements:
      Manhattan distance of X:0, Y:1
sapphire/u_ddr3_top/u_phy_top/u_ddr_phy_if/u1_cmd_fifo/u_efx_fifo_top/xefx_fifo_ctl/sub_49/add_2/i2|CI               EFX_ADD       0.024             0.437               2        (194,57)
sapphire/u_ddr3_top/u_phy_top/u_ddr_phy_if/u1_cmd_fifo/u_efx_fifo_top/xefx_fifo_ctl/sub_49/add_2/i2|CO               EFX_ADD       0.000             0.437               2        (194,57)
sapphire/u_ddr3_top/u_phy_top/u_ddr_phy_if/u1_cmd_fifo/u_efx_fifo_top/xefx_fifo_ctl/sub_49/add_2/n4                  net           0.000             0.437               2        (194,57)
   Routing elements:
      Manhattan distance of X:0, Y:1
sapphire/u_ddr3_top/u_phy_top/u_ddr_phy_if/u1_cmd_fifo/u_efx_fifo_top/xefx_fifo_ctl/sub_49/add_2/i3|CI               EFX_ADD       0.024             0.461               2        (194,58)
sapphire/u_ddr3_top/u_phy_top/u_ddr_phy_if/u1_cmd_fifo/u_efx_fifo_top/xefx_fifo_ctl/sub_49/add_2/i3|CO               EFX_ADD       0.000             0.461               2        (194,58)
sapphire/u_ddr3_top/u_phy_top/u_ddr_phy_if/u1_cmd_fifo/u_efx_fifo_top/xefx_fifo_ctl/sub_49/add_2/n6                  net           0.000             0.461               2        (194,58)
   Routing elements:
      Manhattan distance of X:0, Y:1
sapphire/u_ddr3_top/u_phy_top/u_ddr_phy_if/u1_cmd_fifo/u_efx_fifo_top/xefx_fifo_ctl/sub_49/add_2/i4|CI               EFX_ADD       0.024             0.485               2        (194,59)
sapphire/u_ddr3_top/u_phy_top/u_ddr_phy_if/u1_cmd_fifo/u_efx_fifo_top/xefx_fifo_ctl/sub_49/add_2/i4|CO               EFX_ADD       0.000             0.485               2        (194,59)
sapphire/u_ddr3_top/u_phy_top/u_ddr_phy_if/u1_cmd_fifo/u_efx_fifo_top/xefx_fifo_ctl/sub_49/add_2/n8                  net           0.000             0.485               2        (194,59)
   Routing elements:
      Manhattan distance of X:0, Y:1
sapphire/u_ddr3_top/u_phy_top/u_ddr_phy_if/u1_cmd_fifo/u_efx_fifo_top/xefx_fifo_ctl/sub_49/add_2/i5|CI               EFX_ADD       0.024             0.509               2        (194,60)
sapphire/u_ddr3_top/u_phy_top/u_ddr_phy_if/u1_cmd_fifo/u_efx_fifo_top/xefx_fifo_ctl/sub_49/add_2/i5|CO               EFX_ADD       0.000             0.509               2        (194,60)
n69593                                                                                                               net           0.000             0.509               2        (194,60)
   Routing elements:
      Manhattan distance of X:0, Y:1
sapphire/u_ddr3_top/u_phy_top/u_ddr_phy_if/u1_cmd_fifo/u_efx_fifo_top/xefx_fifo_ctl/sub_49/add_2/i5__AUX_ADD_CO|CI   EFX_ADD       0.097             0.606               2        (194,61)
sapphire/u_ddr3_top/u_phy_top/u_ddr_phy_if/u1_cmd_fifo/u_efx_fifo_top/xefx_fifo_ctl/sub_49/add_2/i5__AUX_ADD_CO|O    EFX_ADD       0.000             0.606               2        (194,61)
sapphire/u_ddr3_top/u_phy_top/u_ddr_phy_if/u1_cmd_fifo/u_efx_fifo_top/xefx_fifo_ctl/sub_49/add_2/n10                 net           0.353             0.959               2        (194,61)
   Routing elements:
      Manhattan distance of X:0, Y:8
LUT__124428|in[3]                                                                                                    EFX_LUT4      0.061             1.020               2        (194,53)
LUT__124428|out                                                                                                      EFX_LUT4      0.000             1.020               2        (194,53)
n62345                                                                                                               net           0.102             1.122               2        (194,53)
   Routing elements:
      Manhattan distance of X:0, Y:1
LUT__124429|in[2]                                                                                                    EFX_LUT4      0.061             1.183               2        (194,54)
LUT__124429|out                                                                                                      EFX_LUT4      0.000             1.183               2        (194,54)
n62346                                                                                                               net           0.262             1.445               2        (194,54)
   Routing elements:
      Manhattan distance of X:1, Y:10
LUT__124430|in[2]                                                                                                    EFX_LUT4      0.061             1.506               2        (193,64)
LUT__124430|out                                                                                                      EFX_LUT4      0.000             1.506              18        (193,64)
sapphire/u_ddr3_top/u_phy_top/u_ddr_phy_if/u1_cmd_fifo/u_efx_fifo_top/rd_en_int                                      net           0.674             2.180              18        (193,64)
   Routing elements:
      Manhattan distance of X:1, Y:2
sapphire/u_ddr3_top/u_phy_top/u_ddr_phy_if/u1_cmd_fifo/u_efx_fifo_top/raddr[1]~FF|CE                                 EFX_FF        0.104             2.284              18        (194,62)

Capture Clock Path
                                        name                                           model name   delay (ns)  cumulative delay (ns) pins on net    location
===============================================================================================================================================================
sdram_clk                                                                                input        0.000             0.000               0       (219,159)
sdram_clk                                                                                input        0.126             0.126             187       (219,159)
sdram_clk                                                                                net          2.010             2.136             187       (219,159)
   Routing elements:
      Manhattan distance of X:25, Y:97
sapphire/u_ddr3_top/u_phy_top/u_ddr_phy_if/u1_cmd_fifo/u_efx_fifo_top/raddr[1]~FF|CLK    EFX_FF       0.000             2.136             187       (194,62) 

++++ Path 6 ++++++++++++++++++++++++++++++++++++++++++++++++++++++++++++++++++++

Path Begin    : sapphire/u_ddr3_top/u_phy_top/u_ddr_phy_if/u1_cmd_fifo/u_efx_fifo_top/raddr[0]~FF|CLK
Path End      : sapphire/u_ddr3_top/u_phy_top/u_ddr_phy_if/u1_cmd_fifo/u_efx_fifo_top/raddr[2]~FF|CE 
Launch Clock  : sdram_clk (RISE)                                                                     
Capture Clock : sdram_clk (RISE)                                                                     
Slack         : 0.090 (required time - arrival time)                                                 
Delay         : 2.050                                                                                

Logic Level             :  9
Non-global nets on path : 10
Global nets on path     :  0

Launch Clock Path Delay        : 2.136
+ Clock To Q + Data Path Delay : 2.284
--------------------------------------
End-of-path arrival time       : 4.420

Constraint                     : 2.500
+ Capture Clock Path Delay     : 2.136
- Clock Uncertainty            : 0.126
--------------------------------------
End-of-path required time      : 4.510

Launch Clock Path
                                        name                                           model name   delay (ns)  cumulative delay (ns) pins on net    location
===============================================================================================================================================================
sdram_clk                                                                                input        0.000             0.000               0       (219,159)
sdram_clk                                                                                input        0.126             0.126             187       (219,159)
sdram_clk                                                                                net          2.010             2.136             187       (219,159)
   Routing elements:
      Manhattan distance of X:25, Y:94
sapphire/u_ddr3_top/u_phy_top/u_ddr_phy_if/u1_cmd_fifo/u_efx_fifo_top/raddr[0]~FF|CLK    EFX_FF       0.000             2.136             187       (194,65) 

Data Path
                                                       name                                                         model name   delay (ns)  cumulative delay (ns) pins on net    location
============================================================================================================================================================================================
sapphire/u_ddr3_top/u_phy_top/u_ddr_phy_if/u1_cmd_fifo/u_efx_fifo_top/raddr[0]~FF|Q                                  EFX_FF        0.130             0.130              14        (194,65)
sapphire/u_ddr3_top/u_phy_top/u_ddr_phy_if/u1_cmd_fifo/u_efx_fifo_top/raddr[0]                                       net           0.226             0.356              14        (194,65)
   Routing elements:
      Manhattan distance of X:0, Y:9
sapphire/u_ddr3_top/u_phy_top/u_ddr_phy_if/u1_cmd_fifo/u_efx_fifo_top/xefx_fifo_ctl/sub_49/add_2/i1|I1               EFX_ADD       0.057             0.413              14        (194,56)
sapphire/u_ddr3_top/u_phy_top/u_ddr_phy_if/u1_cmd_fifo/u_efx_fifo_top/xefx_fifo_ctl/sub_49/add_2/i1|CO               EFX_ADD       0.000             0.413               2        (194,56)
sapphire/u_ddr3_top/u_phy_top/u_ddr_phy_if/u1_cmd_fifo/u_efx_fifo_top/xefx_fifo_ctl/sub_49/add_2/n2                  net           0.000             0.413               2        (194,56)
   Routing elements:
      Manhattan distance of X:0, Y:1
sapphire/u_ddr3_top/u_phy_top/u_ddr_phy_if/u1_cmd_fifo/u_efx_fifo_top/xefx_fifo_ctl/sub_49/add_2/i2|CI               EFX_ADD       0.024             0.437               2        (194,57)
sapphire/u_ddr3_top/u_phy_top/u_ddr_phy_if/u1_cmd_fifo/u_efx_fifo_top/xefx_fifo_ctl/sub_49/add_2/i2|CO               EFX_ADD       0.000             0.437               2        (194,57)
sapphire/u_ddr3_top/u_phy_top/u_ddr_phy_if/u1_cmd_fifo/u_efx_fifo_top/xefx_fifo_ctl/sub_49/add_2/n4                  net           0.000             0.437               2        (194,57)
   Routing elements:
      Manhattan distance of X:0, Y:1
sapphire/u_ddr3_top/u_phy_top/u_ddr_phy_if/u1_cmd_fifo/u_efx_fifo_top/xefx_fifo_ctl/sub_49/add_2/i3|CI               EFX_ADD       0.024             0.461               2        (194,58)
sapphire/u_ddr3_top/u_phy_top/u_ddr_phy_if/u1_cmd_fifo/u_efx_fifo_top/xefx_fifo_ctl/sub_49/add_2/i3|CO               EFX_ADD       0.000             0.461               2        (194,58)
sapphire/u_ddr3_top/u_phy_top/u_ddr_phy_if/u1_cmd_fifo/u_efx_fifo_top/xefx_fifo_ctl/sub_49/add_2/n6                  net           0.000             0.461               2        (194,58)
   Routing elements:
      Manhattan distance of X:0, Y:1
sapphire/u_ddr3_top/u_phy_top/u_ddr_phy_if/u1_cmd_fifo/u_efx_fifo_top/xefx_fifo_ctl/sub_49/add_2/i4|CI               EFX_ADD       0.024             0.485               2        (194,59)
sapphire/u_ddr3_top/u_phy_top/u_ddr_phy_if/u1_cmd_fifo/u_efx_fifo_top/xefx_fifo_ctl/sub_49/add_2/i4|CO               EFX_ADD       0.000             0.485               2        (194,59)
sapphire/u_ddr3_top/u_phy_top/u_ddr_phy_if/u1_cmd_fifo/u_efx_fifo_top/xefx_fifo_ctl/sub_49/add_2/n8                  net           0.000             0.485               2        (194,59)
   Routing elements:
      Manhattan distance of X:0, Y:1
sapphire/u_ddr3_top/u_phy_top/u_ddr_phy_if/u1_cmd_fifo/u_efx_fifo_top/xefx_fifo_ctl/sub_49/add_2/i5|CI               EFX_ADD       0.024             0.509               2        (194,60)
sapphire/u_ddr3_top/u_phy_top/u_ddr_phy_if/u1_cmd_fifo/u_efx_fifo_top/xefx_fifo_ctl/sub_49/add_2/i5|CO               EFX_ADD       0.000             0.509               2        (194,60)
n69593                                                                                                               net           0.000             0.509               2        (194,60)
   Routing elements:
      Manhattan distance of X:0, Y:1
sapphire/u_ddr3_top/u_phy_top/u_ddr_phy_if/u1_cmd_fifo/u_efx_fifo_top/xefx_fifo_ctl/sub_49/add_2/i5__AUX_ADD_CO|CI   EFX_ADD       0.097             0.606               2        (194,61)
sapphire/u_ddr3_top/u_phy_top/u_ddr_phy_if/u1_cmd_fifo/u_efx_fifo_top/xefx_fifo_ctl/sub_49/add_2/i5__AUX_ADD_CO|O    EFX_ADD       0.000             0.606               2        (194,61)
sapphire/u_ddr3_top/u_phy_top/u_ddr_phy_if/u1_cmd_fifo/u_efx_fifo_top/xefx_fifo_ctl/sub_49/add_2/n10                 net           0.353             0.959               2        (194,61)
   Routing elements:
      Manhattan distance of X:0, Y:8
LUT__124428|in[3]                                                                                                    EFX_LUT4      0.061             1.020               2        (194,53)
LUT__124428|out                                                                                                      EFX_LUT4      0.000             1.020               2        (194,53)
n62345                                                                                                               net           0.102             1.122               2        (194,53)
   Routing elements:
      Manhattan distance of X:0, Y:1
LUT__124429|in[2]                                                                                                    EFX_LUT4      0.061             1.183               2        (194,54)
LUT__124429|out                                                                                                      EFX_LUT4      0.000             1.183               2        (194,54)
n62346                                                                                                               net           0.262             1.445               2        (194,54)
   Routing elements:
      Manhattan distance of X:1, Y:10
LUT__124430|in[2]                                                                                                    EFX_LUT4      0.061             1.506               2        (193,64)
LUT__124430|out                                                                                                      EFX_LUT4      0.000             1.506              18        (193,64)
sapphire/u_ddr3_top/u_phy_top/u_ddr_phy_if/u1_cmd_fifo/u_efx_fifo_top/rd_en_int                                      net           0.674             2.180              18        (193,64)
   Routing elements:
      Manhattan distance of X:1, Y:1
sapphire/u_ddr3_top/u_phy_top/u_ddr_phy_if/u1_cmd_fifo/u_efx_fifo_top/raddr[2]~FF|CE                                 EFX_FF        0.104             2.284              18        (194,63)

Capture Clock Path
                                        name                                           model name   delay (ns)  cumulative delay (ns) pins on net    location
===============================================================================================================================================================
sdram_clk                                                                                input        0.000             0.000               0       (219,159)
sdram_clk                                                                                input        0.126             0.126             187       (219,159)
sdram_clk                                                                                net          2.010             2.136             187       (219,159)
   Routing elements:
      Manhattan distance of X:25, Y:96
sapphire/u_ddr3_top/u_phy_top/u_ddr_phy_if/u1_cmd_fifo/u_efx_fifo_top/raddr[2]~FF|CLK    EFX_FF       0.000             2.136             187       (194,63) 

++++ Path 7 ++++++++++++++++++++++++++++++++++++++++++++++++++++++++++++++++++++

Path Begin    : sapphire/u_ddr3_top/u_phy_top/u_ddr_phy_if/u1_cmd_fifo/u_efx_fifo_top/raddr[0]~FF|CLK                  
Path End      : sapphire/u_ddr3_top/u_phy_top/u_ddr_phy_if/u1_cmd_fifo/u_efx_fifo_top/xefx_fifo_ctl/raddr_cntr[4]~FF|CE
Launch Clock  : sdram_clk (RISE)                                                                                       
Capture Clock : sdram_clk (RISE)                                                                                       
Slack         : 0.090 (required time - arrival time)                                                                   
Delay         : 2.050                                                                                                  

Logic Level             :  9
Non-global nets on path : 10
Global nets on path     :  0

Launch Clock Path Delay        : 2.136
+ Clock To Q + Data Path Delay : 2.284
--------------------------------------
End-of-path arrival time       : 4.420

Constraint                     : 2.500
+ Capture Clock Path Delay     : 2.136
- Clock Uncertainty            : 0.126
--------------------------------------
End-of-path required time      : 4.510

Launch Clock Path
                                        name                                           model name   delay (ns)  cumulative delay (ns) pins on net    location
===============================================================================================================================================================
sdram_clk                                                                                input        0.000             0.000               0       (219,159)
sdram_clk                                                                                input        0.126             0.126             187       (219,159)
sdram_clk                                                                                net          2.010             2.136             187       (219,159)
   Routing elements:
      Manhattan distance of X:25, Y:94
sapphire/u_ddr3_top/u_phy_top/u_ddr_phy_if/u1_cmd_fifo/u_efx_fifo_top/raddr[0]~FF|CLK    EFX_FF       0.000             2.136             187       (194,65) 

Data Path
                                                       name                                                         model name   delay (ns)  cumulative delay (ns) pins on net    location
============================================================================================================================================================================================
sapphire/u_ddr3_top/u_phy_top/u_ddr_phy_if/u1_cmd_fifo/u_efx_fifo_top/raddr[0]~FF|Q                                  EFX_FF        0.130             0.130              14        (194,65)
sapphire/u_ddr3_top/u_phy_top/u_ddr_phy_if/u1_cmd_fifo/u_efx_fifo_top/raddr[0]                                       net           0.226             0.356              14        (194,65)
   Routing elements:
      Manhattan distance of X:0, Y:9
sapphire/u_ddr3_top/u_phy_top/u_ddr_phy_if/u1_cmd_fifo/u_efx_fifo_top/xefx_fifo_ctl/sub_49/add_2/i1|I1               EFX_ADD       0.057             0.413              14        (194,56)
sapphire/u_ddr3_top/u_phy_top/u_ddr_phy_if/u1_cmd_fifo/u_efx_fifo_top/xefx_fifo_ctl/sub_49/add_2/i1|CO               EFX_ADD       0.000             0.413               2        (194,56)
sapphire/u_ddr3_top/u_phy_top/u_ddr_phy_if/u1_cmd_fifo/u_efx_fifo_top/xefx_fifo_ctl/sub_49/add_2/n2                  net           0.000             0.413               2        (194,56)
   Routing elements:
      Manhattan distance of X:0, Y:1
sapphire/u_ddr3_top/u_phy_top/u_ddr_phy_if/u1_cmd_fifo/u_efx_fifo_top/xefx_fifo_ctl/sub_49/add_2/i2|CI               EFX_ADD       0.024             0.437               2        (194,57)
sapphire/u_ddr3_top/u_phy_top/u_ddr_phy_if/u1_cmd_fifo/u_efx_fifo_top/xefx_fifo_ctl/sub_49/add_2/i2|CO               EFX_ADD       0.000             0.437               2        (194,57)
sapphire/u_ddr3_top/u_phy_top/u_ddr_phy_if/u1_cmd_fifo/u_efx_fifo_top/xefx_fifo_ctl/sub_49/add_2/n4                  net           0.000             0.437               2        (194,57)
   Routing elements:
      Manhattan distance of X:0, Y:1
sapphire/u_ddr3_top/u_phy_top/u_ddr_phy_if/u1_cmd_fifo/u_efx_fifo_top/xefx_fifo_ctl/sub_49/add_2/i3|CI               EFX_ADD       0.024             0.461               2        (194,58)
sapphire/u_ddr3_top/u_phy_top/u_ddr_phy_if/u1_cmd_fifo/u_efx_fifo_top/xefx_fifo_ctl/sub_49/add_2/i3|CO               EFX_ADD       0.000             0.461               2        (194,58)
sapphire/u_ddr3_top/u_phy_top/u_ddr_phy_if/u1_cmd_fifo/u_efx_fifo_top/xefx_fifo_ctl/sub_49/add_2/n6                  net           0.000             0.461               2        (194,58)
   Routing elements:
      Manhattan distance of X:0, Y:1
sapphire/u_ddr3_top/u_phy_top/u_ddr_phy_if/u1_cmd_fifo/u_efx_fifo_top/xefx_fifo_ctl/sub_49/add_2/i4|CI               EFX_ADD       0.024             0.485               2        (194,59)
sapphire/u_ddr3_top/u_phy_top/u_ddr_phy_if/u1_cmd_fifo/u_efx_fifo_top/xefx_fifo_ctl/sub_49/add_2/i4|CO               EFX_ADD       0.000             0.485               2        (194,59)
sapphire/u_ddr3_top/u_phy_top/u_ddr_phy_if/u1_cmd_fifo/u_efx_fifo_top/xefx_fifo_ctl/sub_49/add_2/n8                  net           0.000             0.485               2        (194,59)
   Routing elements:
      Manhattan distance of X:0, Y:1
sapphire/u_ddr3_top/u_phy_top/u_ddr_phy_if/u1_cmd_fifo/u_efx_fifo_top/xefx_fifo_ctl/sub_49/add_2/i5|CI               EFX_ADD       0.024             0.509               2        (194,60)
sapphire/u_ddr3_top/u_phy_top/u_ddr_phy_if/u1_cmd_fifo/u_efx_fifo_top/xefx_fifo_ctl/sub_49/add_2/i5|CO               EFX_ADD       0.000             0.509               2        (194,60)
n69593                                                                                                               net           0.000             0.509               2        (194,60)
   Routing elements:
      Manhattan distance of X:0, Y:1
sapphire/u_ddr3_top/u_phy_top/u_ddr_phy_if/u1_cmd_fifo/u_efx_fifo_top/xefx_fifo_ctl/sub_49/add_2/i5__AUX_ADD_CO|CI   EFX_ADD       0.097             0.606               2        (194,61)
sapphire/u_ddr3_top/u_phy_top/u_ddr_phy_if/u1_cmd_fifo/u_efx_fifo_top/xefx_fifo_ctl/sub_49/add_2/i5__AUX_ADD_CO|O    EFX_ADD       0.000             0.606               2        (194,61)
sapphire/u_ddr3_top/u_phy_top/u_ddr_phy_if/u1_cmd_fifo/u_efx_fifo_top/xefx_fifo_ctl/sub_49/add_2/n10                 net           0.353             0.959               2        (194,61)
   Routing elements:
      Manhattan distance of X:0, Y:8
LUT__124428|in[3]                                                                                                    EFX_LUT4      0.061             1.020               2        (194,53)
LUT__124428|out                                                                                                      EFX_LUT4      0.000             1.020               2        (194,53)
n62345                                                                                                               net           0.102             1.122               2        (194,53)
   Routing elements:
      Manhattan distance of X:0, Y:1
LUT__124429|in[2]                                                                                                    EFX_LUT4      0.061             1.183               2        (194,54)
LUT__124429|out                                                                                                      EFX_LUT4      0.000             1.183               2        (194,54)
n62346                                                                                                               net           0.262             1.445               2        (194,54)
   Routing elements:
      Manhattan distance of X:1, Y:10
LUT__124430|in[2]                                                                                                    EFX_LUT4      0.061             1.506               2        (193,64)
LUT__124430|out                                                                                                      EFX_LUT4      0.000             1.506              18        (193,64)
sapphire/u_ddr3_top/u_phy_top/u_ddr_phy_if/u1_cmd_fifo/u_efx_fifo_top/rd_en_int                                      net           0.674             2.180              18        (193,64)
   Routing elements:
      Manhattan distance of X:1, Y:5
sapphire/u_ddr3_top/u_phy_top/u_ddr_phy_if/u1_cmd_fifo/u_efx_fifo_top/xefx_fifo_ctl/raddr_cntr[4]~FF|CE              EFX_FF        0.104             2.284              18        (194,69)

Capture Clock Path
                                                  name                                                    model name   delay (ns)  cumulative delay (ns) pins on net    location
==================================================================================================================================================================================
sdram_clk                                                                                                   input        0.000             0.000               0       (219,159)
sdram_clk                                                                                                   input        0.126             0.126             187       (219,159)
sdram_clk                                                                                                   net          2.010             2.136             187       (219,159)
   Routing elements:
      Manhattan distance of X:25, Y:90
sapphire/u_ddr3_top/u_phy_top/u_ddr_phy_if/u1_cmd_fifo/u_efx_fifo_top/xefx_fifo_ctl/raddr_cntr[4]~FF|CLK    EFX_FF       0.000             2.136             187       (194,69) 

++++ Path 8 ++++++++++++++++++++++++++++++++++++++++++++++++++++++++++++++++++++

Path Begin    : sapphire/u_ddr3_top/u_phy_top/u_ddr_phy_if/u1_cmd_fifo/u_efx_fifo_top/raddr[0]~FF|CLK
Path End      : sapphire/u_ddr3_top/u_phy_top/u_ddr_phy_if/u1_cmd_fifo/u_efx_fifo_top/raddr[0]~FF|CE 
Launch Clock  : sdram_clk (RISE)                                                                     
Capture Clock : sdram_clk (RISE)                                                                     
Slack         : 0.090 (required time - arrival time)                                                 
Delay         : 2.050                                                                                

Logic Level             :  9
Non-global nets on path : 10
Global nets on path     :  0

Launch Clock Path Delay        : 2.136
+ Clock To Q + Data Path Delay : 2.284
--------------------------------------
End-of-path arrival time       : 4.420

Constraint                     : 2.500
+ Capture Clock Path Delay     : 2.136
- Clock Uncertainty            : 0.126
--------------------------------------
End-of-path required time      : 4.510

Launch Clock Path
                                        name                                           model name   delay (ns)  cumulative delay (ns) pins on net    location
===============================================================================================================================================================
sdram_clk                                                                                input        0.000             0.000               0       (219,159)
sdram_clk                                                                                input        0.126             0.126             187       (219,159)
sdram_clk                                                                                net          2.010             2.136             187       (219,159)
   Routing elements:
      Manhattan distance of X:25, Y:94
sapphire/u_ddr3_top/u_phy_top/u_ddr_phy_if/u1_cmd_fifo/u_efx_fifo_top/raddr[0]~FF|CLK    EFX_FF       0.000             2.136             187       (194,65) 

Data Path
                                                       name                                                         model name   delay (ns)  cumulative delay (ns) pins on net    location
============================================================================================================================================================================================
sapphire/u_ddr3_top/u_phy_top/u_ddr_phy_if/u1_cmd_fifo/u_efx_fifo_top/raddr[0]~FF|Q                                  EFX_FF        0.130             0.130              14        (194,65)
sapphire/u_ddr3_top/u_phy_top/u_ddr_phy_if/u1_cmd_fifo/u_efx_fifo_top/raddr[0]                                       net           0.226             0.356              14        (194,65)
   Routing elements:
      Manhattan distance of X:0, Y:9
sapphire/u_ddr3_top/u_phy_top/u_ddr_phy_if/u1_cmd_fifo/u_efx_fifo_top/xefx_fifo_ctl/sub_49/add_2/i1|I1               EFX_ADD       0.057             0.413              14        (194,56)
sapphire/u_ddr3_top/u_phy_top/u_ddr_phy_if/u1_cmd_fifo/u_efx_fifo_top/xefx_fifo_ctl/sub_49/add_2/i1|CO               EFX_ADD       0.000             0.413               2        (194,56)
sapphire/u_ddr3_top/u_phy_top/u_ddr_phy_if/u1_cmd_fifo/u_efx_fifo_top/xefx_fifo_ctl/sub_49/add_2/n2                  net           0.000             0.413               2        (194,56)
   Routing elements:
      Manhattan distance of X:0, Y:1
sapphire/u_ddr3_top/u_phy_top/u_ddr_phy_if/u1_cmd_fifo/u_efx_fifo_top/xefx_fifo_ctl/sub_49/add_2/i2|CI               EFX_ADD       0.024             0.437               2        (194,57)
sapphire/u_ddr3_top/u_phy_top/u_ddr_phy_if/u1_cmd_fifo/u_efx_fifo_top/xefx_fifo_ctl/sub_49/add_2/i2|CO               EFX_ADD       0.000             0.437               2        (194,57)
sapphire/u_ddr3_top/u_phy_top/u_ddr_phy_if/u1_cmd_fifo/u_efx_fifo_top/xefx_fifo_ctl/sub_49/add_2/n4                  net           0.000             0.437               2        (194,57)
   Routing elements:
      Manhattan distance of X:0, Y:1
sapphire/u_ddr3_top/u_phy_top/u_ddr_phy_if/u1_cmd_fifo/u_efx_fifo_top/xefx_fifo_ctl/sub_49/add_2/i3|CI               EFX_ADD       0.024             0.461               2        (194,58)
sapphire/u_ddr3_top/u_phy_top/u_ddr_phy_if/u1_cmd_fifo/u_efx_fifo_top/xefx_fifo_ctl/sub_49/add_2/i3|CO               EFX_ADD       0.000             0.461               2        (194,58)
sapphire/u_ddr3_top/u_phy_top/u_ddr_phy_if/u1_cmd_fifo/u_efx_fifo_top/xefx_fifo_ctl/sub_49/add_2/n6                  net           0.000             0.461               2        (194,58)
   Routing elements:
      Manhattan distance of X:0, Y:1
sapphire/u_ddr3_top/u_phy_top/u_ddr_phy_if/u1_cmd_fifo/u_efx_fifo_top/xefx_fifo_ctl/sub_49/add_2/i4|CI               EFX_ADD       0.024             0.485               2        (194,59)
sapphire/u_ddr3_top/u_phy_top/u_ddr_phy_if/u1_cmd_fifo/u_efx_fifo_top/xefx_fifo_ctl/sub_49/add_2/i4|CO               EFX_ADD       0.000             0.485               2        (194,59)
sapphire/u_ddr3_top/u_phy_top/u_ddr_phy_if/u1_cmd_fifo/u_efx_fifo_top/xefx_fifo_ctl/sub_49/add_2/n8                  net           0.000             0.485               2        (194,59)
   Routing elements:
      Manhattan distance of X:0, Y:1
sapphire/u_ddr3_top/u_phy_top/u_ddr_phy_if/u1_cmd_fifo/u_efx_fifo_top/xefx_fifo_ctl/sub_49/add_2/i5|CI               EFX_ADD       0.024             0.509               2        (194,60)
sapphire/u_ddr3_top/u_phy_top/u_ddr_phy_if/u1_cmd_fifo/u_efx_fifo_top/xefx_fifo_ctl/sub_49/add_2/i5|CO               EFX_ADD       0.000             0.509               2        (194,60)
n69593                                                                                                               net           0.000             0.509               2        (194,60)
   Routing elements:
      Manhattan distance of X:0, Y:1
sapphire/u_ddr3_top/u_phy_top/u_ddr_phy_if/u1_cmd_fifo/u_efx_fifo_top/xefx_fifo_ctl/sub_49/add_2/i5__AUX_ADD_CO|CI   EFX_ADD       0.097             0.606               2        (194,61)
sapphire/u_ddr3_top/u_phy_top/u_ddr_phy_if/u1_cmd_fifo/u_efx_fifo_top/xefx_fifo_ctl/sub_49/add_2/i5__AUX_ADD_CO|O    EFX_ADD       0.000             0.606               2        (194,61)
sapphire/u_ddr3_top/u_phy_top/u_ddr_phy_if/u1_cmd_fifo/u_efx_fifo_top/xefx_fifo_ctl/sub_49/add_2/n10                 net           0.353             0.959               2        (194,61)
   Routing elements:
      Manhattan distance of X:0, Y:8
LUT__124428|in[3]                                                                                                    EFX_LUT4      0.061             1.020               2        (194,53)
LUT__124428|out                                                                                                      EFX_LUT4      0.000             1.020               2        (194,53)
n62345                                                                                                               net           0.102             1.122               2        (194,53)
   Routing elements:
      Manhattan distance of X:0, Y:1
LUT__124429|in[2]                                                                                                    EFX_LUT4      0.061             1.183               2        (194,54)
LUT__124429|out                                                                                                      EFX_LUT4      0.000             1.183               2        (194,54)
n62346                                                                                                               net           0.262             1.445               2        (194,54)
   Routing elements:
      Manhattan distance of X:1, Y:10
LUT__124430|in[2]                                                                                                    EFX_LUT4      0.061             1.506               2        (193,64)
LUT__124430|out                                                                                                      EFX_LUT4      0.000             1.506              18        (193,64)
sapphire/u_ddr3_top/u_phy_top/u_ddr_phy_if/u1_cmd_fifo/u_efx_fifo_top/rd_en_int                                      net           0.674             2.180              18        (193,64)
   Routing elements:
      Manhattan distance of X:1, Y:1
sapphire/u_ddr3_top/u_phy_top/u_ddr_phy_if/u1_cmd_fifo/u_efx_fifo_top/raddr[0]~FF|CE                                 EFX_FF        0.104             2.284              18        (194,65)

Capture Clock Path
                                        name                                           model name   delay (ns)  cumulative delay (ns) pins on net    location
===============================================================================================================================================================
sdram_clk                                                                                input        0.000             0.000               0       (219,159)
sdram_clk                                                                                input        0.126             0.126             187       (219,159)
sdram_clk                                                                                net          2.010             2.136             187       (219,159)
   Routing elements:
      Manhattan distance of X:25, Y:94
sapphire/u_ddr3_top/u_phy_top/u_ddr_phy_if/u1_cmd_fifo/u_efx_fifo_top/raddr[0]~FF|CLK    EFX_FF       0.000             2.136             187       (194,65) 

++++ Path 9 ++++++++++++++++++++++++++++++++++++++++++++++++++++++++++++++++++++

Path Begin    : sapphire/u_ddr3_top/u_phy_top/u_ddr_phy_if/u1_cmd_fifo/u_efx_fifo_top/raddr[1]~FF|CLK                    
Path End      : sapphire/u_ddr3_top/u_phy_top/u_ddr_phy_if/u1_cmd_fifo/u_efx_fifo_top/xefx_fifo_ctl/raddr_cntr_r[1]~FF|CE
Launch Clock  : sdram_clk (RISE)                                                                                         
Capture Clock : sdram_clk (RISE)                                                                                         
Slack         : 0.113 (required time - arrival time)                                                                     
Delay         : 2.154                                                                                                    

Logic Level             : 8
Non-global nets on path : 9
Global nets on path     : 0

Launch Clock Path Delay        : 2.136
+ Clock To Q + Data Path Delay : 2.388
--------------------------------------
End-of-path arrival time       : 4.524

Constraint                     : 2.500
+ Capture Clock Path Delay     : 2.263
- Clock Uncertainty            : 0.126
--------------------------------------
End-of-path required time      : 4.637

Launch Clock Path
                                        name                                           model name   delay (ns)  cumulative delay (ns) pins on net    location
===============================================================================================================================================================
sdram_clk                                                                                input        0.000             0.000               0       (219,159)
sdram_clk                                                                                input        0.126             0.126             187       (219,159)
sdram_clk                                                                                net          2.010             2.136             187       (219,159)
   Routing elements:
      Manhattan distance of X:25, Y:97
sapphire/u_ddr3_top/u_phy_top/u_ddr_phy_if/u1_cmd_fifo/u_efx_fifo_top/raddr[1]~FF|CLK    EFX_FF       0.000             2.136             187       (194,62) 

Data Path
                                                       name                                                         model name   delay (ns)  cumulative delay (ns) pins on net    location
============================================================================================================================================================================================
sapphire/u_ddr3_top/u_phy_top/u_ddr_phy_if/u1_cmd_fifo/u_efx_fifo_top/raddr[1]~FF|Q                                  EFX_FF        0.130             0.130              13        (194,62)
sapphire/u_ddr3_top/u_phy_top/u_ddr_phy_if/u1_cmd_fifo/u_efx_fifo_top/raddr[1]                                       net           0.256             0.386              13        (194,62)
   Routing elements:
      Manhattan distance of X:0, Y:5
sapphire/u_ddr3_top/u_phy_top/u_ddr_phy_if/u1_cmd_fifo/u_efx_fifo_top/xefx_fifo_ctl/sub_49/add_2/i2|I1               EFX_ADD       0.057             0.443              13        (194,57)
sapphire/u_ddr3_top/u_phy_top/u_ddr_phy_if/u1_cmd_fifo/u_efx_fifo_top/xefx_fifo_ctl/sub_49/add_2/i2|CO               EFX_ADD       0.000             0.443               2        (194,57)
sapphire/u_ddr3_top/u_phy_top/u_ddr_phy_if/u1_cmd_fifo/u_efx_fifo_top/xefx_fifo_ctl/sub_49/add_2/n4                  net           0.000             0.443               2        (194,57)
   Routing elements:
      Manhattan distance of X:0, Y:1
sapphire/u_ddr3_top/u_phy_top/u_ddr_phy_if/u1_cmd_fifo/u_efx_fifo_top/xefx_fifo_ctl/sub_49/add_2/i3|CI               EFX_ADD       0.024             0.467               2        (194,58)
sapphire/u_ddr3_top/u_phy_top/u_ddr_phy_if/u1_cmd_fifo/u_efx_fifo_top/xefx_fifo_ctl/sub_49/add_2/i3|CO               EFX_ADD       0.000             0.467               2        (194,58)
sapphire/u_ddr3_top/u_phy_top/u_ddr_phy_if/u1_cmd_fifo/u_efx_fifo_top/xefx_fifo_ctl/sub_49/add_2/n6                  net           0.000             0.467               2        (194,58)
   Routing elements:
      Manhattan distance of X:0, Y:1
sapphire/u_ddr3_top/u_phy_top/u_ddr_phy_if/u1_cmd_fifo/u_efx_fifo_top/xefx_fifo_ctl/sub_49/add_2/i4|CI               EFX_ADD       0.024             0.491               2        (194,59)
sapphire/u_ddr3_top/u_phy_top/u_ddr_phy_if/u1_cmd_fifo/u_efx_fifo_top/xefx_fifo_ctl/sub_49/add_2/i4|CO               EFX_ADD       0.000             0.491               2        (194,59)
sapphire/u_ddr3_top/u_phy_top/u_ddr_phy_if/u1_cmd_fifo/u_efx_fifo_top/xefx_fifo_ctl/sub_49/add_2/n8                  net           0.000             0.491               2        (194,59)
   Routing elements:
      Manhattan distance of X:0, Y:1
sapphire/u_ddr3_top/u_phy_top/u_ddr_phy_if/u1_cmd_fifo/u_efx_fifo_top/xefx_fifo_ctl/sub_49/add_2/i5|CI               EFX_ADD       0.024             0.515               2        (194,60)
sapphire/u_ddr3_top/u_phy_top/u_ddr_phy_if/u1_cmd_fifo/u_efx_fifo_top/xefx_fifo_ctl/sub_49/add_2/i5|CO               EFX_ADD       0.000             0.515               2        (194,60)
n69593                                                                                                               net           0.000             0.515               2        (194,60)
   Routing elements:
      Manhattan distance of X:0, Y:1
sapphire/u_ddr3_top/u_phy_top/u_ddr_phy_if/u1_cmd_fifo/u_efx_fifo_top/xefx_fifo_ctl/sub_49/add_2/i5__AUX_ADD_CO|CI   EFX_ADD       0.097             0.612               2        (194,61)
sapphire/u_ddr3_top/u_phy_top/u_ddr_phy_if/u1_cmd_fifo/u_efx_fifo_top/xefx_fifo_ctl/sub_49/add_2/i5__AUX_ADD_CO|O    EFX_ADD       0.000             0.612               2        (194,61)
sapphire/u_ddr3_top/u_phy_top/u_ddr_phy_if/u1_cmd_fifo/u_efx_fifo_top/xefx_fifo_ctl/sub_49/add_2/n10                 net           0.353             0.965               2        (194,61)
   Routing elements:
      Manhattan distance of X:0, Y:8
LUT__124428|in[3]                                                                                                    EFX_LUT4      0.061             1.026               2        (194,53)
LUT__124428|out                                                                                                      EFX_LUT4      0.000             1.026               2        (194,53)
n62345                                                                                                               net           0.102             1.128               2        (194,53)
   Routing elements:
      Manhattan distance of X:0, Y:1
LUT__124429|in[2]                                                                                                    EFX_LUT4      0.061             1.189               2        (194,54)
LUT__124429|out                                                                                                      EFX_LUT4      0.000             1.189               2        (194,54)
n62346                                                                                                               net           0.262             1.451               2        (194,54)
   Routing elements:
      Manhattan distance of X:1, Y:10
LUT__124430|in[2]                                                                                                    EFX_LUT4      0.061             1.512               2        (193,64)
LUT__124430|out                                                                                                      EFX_LUT4      0.000             1.512              18        (193,64)
sapphire/u_ddr3_top/u_phy_top/u_ddr_phy_if/u1_cmd_fifo/u_efx_fifo_top/rd_en_int                                      net           0.772             2.284              18        (193,64)
   Routing elements:
      Manhattan distance of X:3, Y:2
sapphire/u_ddr3_top/u_phy_top/u_ddr_phy_if/u1_cmd_fifo/u_efx_fifo_top/xefx_fifo_ctl/raddr_cntr_r[1]~FF|CE            EFX_FF        0.104             2.388              18        (190,66)

Capture Clock Path
                                                   name                                                     model name   delay (ns)  cumulative delay (ns) pins on net    location
====================================================================================================================================================================================
sdram_clk                                                                                                     input        0.000             0.000               0       (219,159)
sdram_clk                                                                                                     input        0.126             0.126             187       (219,159)
sdram_clk                                                                                                     net          2.137             2.263             187       (219,159)
   Routing elements:
      Manhattan distance of X:29, Y:93
sapphire/u_ddr3_top/u_phy_top/u_ddr_phy_if/u1_cmd_fifo/u_efx_fifo_top/xefx_fifo_ctl/raddr_cntr_r[1]~FF|CLK    EFX_FF       0.000             2.263             187       (190,66) 

++++ Path 10 +++++++++++++++++++++++++++++++++++++++++++++++++++++++++++++++++++

Path Begin    : sapphire/u_ddr3_top/u_phy_top/u_ddr_phy_if/u1_cmd_fifo/u_efx_fifo_top/raddr[1]~FF|CLK                    
Path End      : sapphire/u_ddr3_top/u_phy_top/u_ddr_phy_if/u1_cmd_fifo/u_efx_fifo_top/xefx_fifo_ctl/raddr_cntr_r[0]~FF|CE
Launch Clock  : sdram_clk (RISE)                                                                                         
Capture Clock : sdram_clk (RISE)                                                                                         
Slack         : 0.113 (required time - arrival time)                                                                     
Delay         : 2.154                                                                                                    

Logic Level             : 8
Non-global nets on path : 9
Global nets on path     : 0

Launch Clock Path Delay        : 2.136
+ Clock To Q + Data Path Delay : 2.388
--------------------------------------
End-of-path arrival time       : 4.524

Constraint                     : 2.500
+ Capture Clock Path Delay     : 2.263
- Clock Uncertainty            : 0.126
--------------------------------------
End-of-path required time      : 4.637

Launch Clock Path
                                        name                                           model name   delay (ns)  cumulative delay (ns) pins on net    location
===============================================================================================================================================================
sdram_clk                                                                                input        0.000             0.000               0       (219,159)
sdram_clk                                                                                input        0.126             0.126             187       (219,159)
sdram_clk                                                                                net          2.010             2.136             187       (219,159)
   Routing elements:
      Manhattan distance of X:25, Y:97
sapphire/u_ddr3_top/u_phy_top/u_ddr_phy_if/u1_cmd_fifo/u_efx_fifo_top/raddr[1]~FF|CLK    EFX_FF       0.000             2.136             187       (194,62) 

Data Path
                                                       name                                                         model name   delay (ns)  cumulative delay (ns) pins on net    location
============================================================================================================================================================================================
sapphire/u_ddr3_top/u_phy_top/u_ddr_phy_if/u1_cmd_fifo/u_efx_fifo_top/raddr[1]~FF|Q                                  EFX_FF        0.130             0.130              13        (194,62)
sapphire/u_ddr3_top/u_phy_top/u_ddr_phy_if/u1_cmd_fifo/u_efx_fifo_top/raddr[1]                                       net           0.256             0.386              13        (194,62)
   Routing elements:
      Manhattan distance of X:0, Y:5
sapphire/u_ddr3_top/u_phy_top/u_ddr_phy_if/u1_cmd_fifo/u_efx_fifo_top/xefx_fifo_ctl/sub_49/add_2/i2|I1               EFX_ADD       0.057             0.443              13        (194,57)
sapphire/u_ddr3_top/u_phy_top/u_ddr_phy_if/u1_cmd_fifo/u_efx_fifo_top/xefx_fifo_ctl/sub_49/add_2/i2|CO               EFX_ADD       0.000             0.443               2        (194,57)
sapphire/u_ddr3_top/u_phy_top/u_ddr_phy_if/u1_cmd_fifo/u_efx_fifo_top/xefx_fifo_ctl/sub_49/add_2/n4                  net           0.000             0.443               2        (194,57)
   Routing elements:
      Manhattan distance of X:0, Y:1
sapphire/u_ddr3_top/u_phy_top/u_ddr_phy_if/u1_cmd_fifo/u_efx_fifo_top/xefx_fifo_ctl/sub_49/add_2/i3|CI               EFX_ADD       0.024             0.467               2        (194,58)
sapphire/u_ddr3_top/u_phy_top/u_ddr_phy_if/u1_cmd_fifo/u_efx_fifo_top/xefx_fifo_ctl/sub_49/add_2/i3|CO               EFX_ADD       0.000             0.467               2        (194,58)
sapphire/u_ddr3_top/u_phy_top/u_ddr_phy_if/u1_cmd_fifo/u_efx_fifo_top/xefx_fifo_ctl/sub_49/add_2/n6                  net           0.000             0.467               2        (194,58)
   Routing elements:
      Manhattan distance of X:0, Y:1
sapphire/u_ddr3_top/u_phy_top/u_ddr_phy_if/u1_cmd_fifo/u_efx_fifo_top/xefx_fifo_ctl/sub_49/add_2/i4|CI               EFX_ADD       0.024             0.491               2        (194,59)
sapphire/u_ddr3_top/u_phy_top/u_ddr_phy_if/u1_cmd_fifo/u_efx_fifo_top/xefx_fifo_ctl/sub_49/add_2/i4|CO               EFX_ADD       0.000             0.491               2        (194,59)
sapphire/u_ddr3_top/u_phy_top/u_ddr_phy_if/u1_cmd_fifo/u_efx_fifo_top/xefx_fifo_ctl/sub_49/add_2/n8                  net           0.000             0.491               2        (194,59)
   Routing elements:
      Manhattan distance of X:0, Y:1
sapphire/u_ddr3_top/u_phy_top/u_ddr_phy_if/u1_cmd_fifo/u_efx_fifo_top/xefx_fifo_ctl/sub_49/add_2/i5|CI               EFX_ADD       0.024             0.515               2        (194,60)
sapphire/u_ddr3_top/u_phy_top/u_ddr_phy_if/u1_cmd_fifo/u_efx_fifo_top/xefx_fifo_ctl/sub_49/add_2/i5|CO               EFX_ADD       0.000             0.515               2        (194,60)
n69593                                                                                                               net           0.000             0.515               2        (194,60)
   Routing elements:
      Manhattan distance of X:0, Y:1
sapphire/u_ddr3_top/u_phy_top/u_ddr_phy_if/u1_cmd_fifo/u_efx_fifo_top/xefx_fifo_ctl/sub_49/add_2/i5__AUX_ADD_CO|CI   EFX_ADD       0.097             0.612               2        (194,61)
sapphire/u_ddr3_top/u_phy_top/u_ddr_phy_if/u1_cmd_fifo/u_efx_fifo_top/xefx_fifo_ctl/sub_49/add_2/i5__AUX_ADD_CO|O    EFX_ADD       0.000             0.612               2        (194,61)
sapphire/u_ddr3_top/u_phy_top/u_ddr_phy_if/u1_cmd_fifo/u_efx_fifo_top/xefx_fifo_ctl/sub_49/add_2/n10                 net           0.353             0.965               2        (194,61)
   Routing elements:
      Manhattan distance of X:0, Y:8
LUT__124428|in[3]                                                                                                    EFX_LUT4      0.061             1.026               2        (194,53)
LUT__124428|out                                                                                                      EFX_LUT4      0.000             1.026               2        (194,53)
n62345                                                                                                               net           0.102             1.128               2        (194,53)
   Routing elements:
      Manhattan distance of X:0, Y:1
LUT__124429|in[2]                                                                                                    EFX_LUT4      0.061             1.189               2        (194,54)
LUT__124429|out                                                                                                      EFX_LUT4      0.000             1.189               2        (194,54)
n62346                                                                                                               net           0.262             1.451               2        (194,54)
   Routing elements:
      Manhattan distance of X:1, Y:10
LUT__124430|in[2]                                                                                                    EFX_LUT4      0.061             1.512               2        (193,64)
LUT__124430|out                                                                                                      EFX_LUT4      0.000             1.512              18        (193,64)
sapphire/u_ddr3_top/u_phy_top/u_ddr_phy_if/u1_cmd_fifo/u_efx_fifo_top/rd_en_int                                      net           0.772             2.284              18        (193,64)
   Routing elements:
      Manhattan distance of X:3, Y:10
sapphire/u_ddr3_top/u_phy_top/u_ddr_phy_if/u1_cmd_fifo/u_efx_fifo_top/xefx_fifo_ctl/raddr_cntr_r[0]~FF|CE            EFX_FF        0.104             2.388              18        (190,74)

Capture Clock Path
                                                   name                                                     model name   delay (ns)  cumulative delay (ns) pins on net    location
====================================================================================================================================================================================
sdram_clk                                                                                                     input        0.000             0.000               0       (219,159)
sdram_clk                                                                                                     input        0.126             0.126             187       (219,159)
sdram_clk                                                                                                     net          2.137             2.263             187       (219,159)
   Routing elements:
      Manhattan distance of X:29, Y:85
sapphire/u_ddr3_top/u_phy_top/u_ddr_phy_if/u1_cmd_fifo/u_efx_fifo_top/xefx_fifo_ctl/raddr_cntr_r[0]~FF|CLK    EFX_FF       0.000             2.263             187       (190,74) 

################################################################################
Path Detail Report (rxc vs rxc)
################################################################################


++++ Path 1 ++++++++++++++++++++++++++++++++++++++++++++++++++++++++++++++++++++

Path Begin    : sapphire/u_asset_network/u_parser/sent[1]~FF|CLK                                               
Path End      : sapphire/u_asset_network/u_payload/u_vendor_fifo/u_efx_fifo_top/xefx_fifo_ram/ram__D$2|WDATA[2]
Launch Clock  : rxc (RISE)                                                                                     
Capture Clock : rxc (RISE)                                                                                     
Slack         : 1.597 (required time - arrival time)                                                           
Delay         : 6.148                                                                                          

Logic Level             :  9
Non-global nets on path : 10
Global nets on path     :  0

Launch Clock Path Delay        : 2.156
+ Clock To Q + Data Path Delay : 6.277
--------------------------------------
End-of-path arrival time       : 8.433

Constraint                     :  8.000
+ Capture Clock Path Delay     :  2.156
- Clock Uncertainty            :  0.126
---------------------------------------
End-of-path required time      : 10.030

Launch Clock Path
                      name                        model name   delay (ns)  cumulative delay (ns) pins on net    location
==========================================================================================================================
rxc                                                 input        0.000             0.000                0      (0,160)  
rxc                                                 input        0.126             0.126            11911      (0,160)  
rxc                                                 net          2.030             2.156            11911      (0,160)  
   Routing elements:
      Manhattan distance of X:137, Y:115
sapphire/u_asset_network/u_parser/sent[1]~FF|CLK    EFX_FF       0.000             2.156            11911      (137,275)

Data Path
                                             name                                                model name   delay (ns)  cumulative delay (ns) pins on net    location
=========================================================================================================================================================================
sapphire/u_asset_network/u_parser/sent[1]~FF|Q                                                   EFX_FF          0.130            0.130             3371      (137,275)
sapphire/u_asset_network/u_parser/sent[1]                                                        net             1.054            1.184             3371      (137,275)
   Routing elements:
      Manhattan distance of X:37, Y:81
LUT__121156|in[3]                                                                                EFX_LUT4        0.061            1.245             3371      (100,194)
LUT__121156|out                                                                                  EFX_LUT4        0.000            1.245                2      (100,194)
n59855                                                                                           net             0.173            1.418                2      (100,194)
   Routing elements:
      Manhattan distance of X:0, Y:7
LUT__121158|in[2]                                                                                EFX_LUT4        0.061            1.479                2      (100,201)
LUT__121158|out                                                                                  EFX_LUT4        0.000            1.479                2      (100,201)
n59857                                                                                           net             0.597            2.076                2      (100,201)
   Routing elements:
      Manhattan distance of X:7, Y:52
LUT__121159|in[3]                                                                                EFX_LUT4        0.063            2.139                2      (93,253) 
LUT__121159|out                                                                                  EFX_LUT4        0.000            2.139                2      (93,253) 
n59858                                                                                           net             0.262            2.401                2      (93,253) 
   Routing elements:
      Manhattan distance of X:0, Y:11
LUT__121166|in[0]                                                                                EFX_LUT4        0.063            2.464                2      (93,242) 
LUT__121166|out                                                                                  EFX_LUT4        0.000            2.464                2      (93,242) 
n59865                                                                                           net             0.749            3.213                2      (93,242) 
   Routing elements:
      Manhattan distance of X:32, Y:39
LUT__121167|in[3]                                                                                EFX_LUT4        0.061            3.274                2      (125,203)
LUT__121167|out                                                                                  EFX_LUT4        0.000            3.274                2      (125,203)
n59866                                                                                           net             0.570            3.844                2      (125,203)
   Routing elements:
      Manhattan distance of X:24, Y:2
LUT__121168|in[2]                                                                                EFX_LUT4        0.061            3.905                2      (149,201)
LUT__121168|out                                                                                  EFX_LUT4        0.000            3.905                2      (149,201)
n59867                                                                                           net             0.661            4.566                2      (149,201)
   Routing elements:
      Manhattan distance of X:18, Y:48
LUT__121169|in[0]                                                                                EFX_LUT4        0.061            4.627                2      (167,249)
LUT__121169|out                                                                                  EFX_LUT4        0.000            4.627                2      (167,249)
n59868                                                                                           net             0.427            5.054                2      (167,249)
   Routing elements:
      Manhattan distance of X:6, Y:6
LUT__121170|in[0]                                                                                EFX_LUT4        0.061            5.115                2      (161,255)
LUT__121170|out                                                                                  EFX_LUT4        0.000            5.115                2      (161,255)
n59869                                                                                           net             0.413            5.528                2      (161,255)
   Routing elements:
      Manhattan distance of X:28, Y:4
LUT__121592|in[0]                                                                                EFX_LUT4        0.063            5.591                2      (189,259)
LUT__121592|out                                                                                  EFX_LUT4        0.000            5.591                2      (189,259)
sapphire/u_asset_network/p_in[2]                                                                 net             0.687            6.278                2      (189,259)
   Routing elements:
      Manhattan distance of X:12, Y:57
sapphire/u_asset_network/u_payload/u_vendor_fifo/u_efx_fifo_top/xefx_fifo_ram/ram__D$2|WDATA[2]  EFX_RAM10      -0.001            6.277                2      (201,202)

Capture Clock Path
                                           name                                              model name   delay (ns)  cumulative delay (ns) pins on net    location
=====================================================================================================================================================================
rxc                                                                                          input          0.000             0.000                0      (0,160)  
rxc                                                                                          input          0.126             0.126            11911      (0,160)  
rxc                                                                                          net            2.030             2.156            11911      (0,160)  
   Routing elements:
      Manhattan distance of X:201, Y:42
sapphire/u_asset_network/u_payload/u_vendor_fifo/u_efx_fifo_top/xefx_fifo_ram/ram__D$2|WCLK  EFX_RAM10      0.000             2.156            11911      (201,202)

++++ Path 2 ++++++++++++++++++++++++++++++++++++++++++++++++++++++++++++++++++++

Path Begin    : sapphire/u_asset_network/u_parser/sent[1]~FF|CLK                                               
Path End      : sapphire/u_asset_network/u_payload/u_vendor_fifo/u_efx_fifo_top/xefx_fifo_ram/ram__D$2|WDATA[2]
Launch Clock  : rxc (RISE)                                                                                     
Capture Clock : rxc (RISE)                                                                                     
Slack         : 1.612 (required time - arrival time)                                                           
Delay         : 6.133                                                                                          

Logic Level             :  9
Non-global nets on path : 10
Global nets on path     :  0

Launch Clock Path Delay        : 2.156
+ Clock To Q + Data Path Delay : 6.262
--------------------------------------
End-of-path arrival time       : 8.418

Constraint                     :  8.000
+ Capture Clock Path Delay     :  2.156
- Clock Uncertainty            :  0.126
---------------------------------------
End-of-path required time      : 10.030

Launch Clock Path
                      name                        model name   delay (ns)  cumulative delay (ns) pins on net    location
==========================================================================================================================
rxc                                                 input        0.000             0.000                0      (0,160)  
rxc                                                 input        0.126             0.126            11911      (0,160)  
rxc                                                 net          2.030             2.156            11911      (0,160)  
   Routing elements:
      Manhattan distance of X:137, Y:115
sapphire/u_asset_network/u_parser/sent[1]~FF|CLK    EFX_FF       0.000             2.156            11911      (137,275)

Data Path
                                             name                                                model name   delay (ns)  cumulative delay (ns) pins on net    location
=========================================================================================================================================================================
sapphire/u_asset_network/u_parser/sent[1]~FF|Q                                                   EFX_FF          0.130            0.130             3371      (137,275)
sapphire/u_asset_network/u_parser/sent[1]                                                        net             0.878            1.008             3371      (137,275)
   Routing elements:
      Manhattan distance of X:54, Y:66
LUT__121163|in[2]                                                                                EFX_LUT4        0.061            1.069             3371      (83,209) 
LUT__121163|out                                                                                  EFX_LUT4        0.000            1.069                2      (83,209) 
n59862                                                                                           net             0.463            1.532                2      (83,209) 
   Routing elements:
      Manhattan distance of X:6, Y:6
LUT__121164|in[1]                                                                                EFX_LUT4        0.061            1.593                2      (77,215) 
LUT__121164|out                                                                                  EFX_LUT4        0.000            1.593                2      (77,215) 
n59863                                                                                           net             0.313            1.906                2      (77,215) 
   Routing elements:
      Manhattan distance of X:0, Y:23
LUT__121165|in[3]                                                                                EFX_LUT4        0.061            1.967                2      (77,238) 
LUT__121165|out                                                                                  EFX_LUT4        0.000            1.967                2      (77,238) 
n59864                                                                                           net             0.419            2.386                2      (77,238) 
   Routing elements:
      Manhattan distance of X:16, Y:4
LUT__121166|in[1]                                                                                EFX_LUT4        0.063            2.449                2      (93,242) 
LUT__121166|out                                                                                  EFX_LUT4        0.000            2.449                2      (93,242) 
n59865                                                                                           net             0.749            3.198                2      (93,242) 
   Routing elements:
      Manhattan distance of X:32, Y:39
LUT__121167|in[3]                                                                                EFX_LUT4        0.061            3.259                2      (125,203)
LUT__121167|out                                                                                  EFX_LUT4        0.000            3.259                2      (125,203)
n59866                                                                                           net             0.570            3.829                2      (125,203)
   Routing elements:
      Manhattan distance of X:24, Y:2
LUT__121168|in[2]                                                                                EFX_LUT4        0.061            3.890                2      (149,201)
LUT__121168|out                                                                                  EFX_LUT4        0.000            3.890                2      (149,201)
n59867                                                                                           net             0.661            4.551                2      (149,201)
   Routing elements:
      Manhattan distance of X:18, Y:48
LUT__121169|in[0]                                                                                EFX_LUT4        0.061            4.612                2      (167,249)
LUT__121169|out                                                                                  EFX_LUT4        0.000            4.612                2      (167,249)
n59868                                                                                           net             0.427            5.039                2      (167,249)
   Routing elements:
      Manhattan distance of X:6, Y:6
LUT__121170|in[0]                                                                                EFX_LUT4        0.061            5.100                2      (161,255)
LUT__121170|out                                                                                  EFX_LUT4        0.000            5.100                2      (161,255)
n59869                                                                                           net             0.413            5.513                2      (161,255)
   Routing elements:
      Manhattan distance of X:28, Y:4
LUT__121592|in[0]                                                                                EFX_LUT4        0.063            5.576                2      (189,259)
LUT__121592|out                                                                                  EFX_LUT4        0.000            5.576                2      (189,259)
sapphire/u_asset_network/p_in[2]                                                                 net             0.687            6.263                2      (189,259)
   Routing elements:
      Manhattan distance of X:12, Y:57
sapphire/u_asset_network/u_payload/u_vendor_fifo/u_efx_fifo_top/xefx_fifo_ram/ram__D$2|WDATA[2]  EFX_RAM10      -0.001            6.262                2      (201,202)

Capture Clock Path
                                           name                                              model name   delay (ns)  cumulative delay (ns) pins on net    location
=====================================================================================================================================================================
rxc                                                                                          input          0.000             0.000                0      (0,160)  
rxc                                                                                          input          0.126             0.126            11911      (0,160)  
rxc                                                                                          net            2.030             2.156            11911      (0,160)  
   Routing elements:
      Manhattan distance of X:201, Y:42
sapphire/u_asset_network/u_payload/u_vendor_fifo/u_efx_fifo_top/xefx_fifo_ram/ram__D$2|WCLK  EFX_RAM10      0.000             2.156            11911      (201,202)

++++ Path 3 ++++++++++++++++++++++++++++++++++++++++++++++++++++++++++++++++++++

Path Begin    : sapphire/u_asset_network/u_parser/sent[1]~FF|CLK                                               
Path End      : sapphire/u_asset_network/u_payload/u_vendor_fifo/u_efx_fifo_top/xefx_fifo_ram/ram__D$2|WDATA[2]
Launch Clock  : rxc (RISE)                                                                                     
Capture Clock : rxc (RISE)                                                                                     
Slack         : 1.621 (required time - arrival time)                                                           
Delay         : 6.124                                                                                          

Logic Level             :  9
Non-global nets on path : 10
Global nets on path     :  0

Launch Clock Path Delay        : 2.156
+ Clock To Q + Data Path Delay : 6.253
--------------------------------------
End-of-path arrival time       : 8.409

Constraint                     :  8.000
+ Capture Clock Path Delay     :  2.156
- Clock Uncertainty            :  0.126
---------------------------------------
End-of-path required time      : 10.030

Launch Clock Path
                      name                        model name   delay (ns)  cumulative delay (ns) pins on net    location
==========================================================================================================================
rxc                                                 input        0.000             0.000                0      (0,160)  
rxc                                                 input        0.126             0.126            11911      (0,160)  
rxc                                                 net          2.030             2.156            11911      (0,160)  
   Routing elements:
      Manhattan distance of X:137, Y:115
sapphire/u_asset_network/u_parser/sent[1]~FF|CLK    EFX_FF       0.000             2.156            11911      (137,275)

Data Path
                                             name                                                model name   delay (ns)  cumulative delay (ns) pins on net    location
=========================================================================================================================================================================
sapphire/u_asset_network/u_parser/sent[1]~FF|Q                                                   EFX_FF          0.130            0.130             3371      (137,275)
sapphire/u_asset_network/u_parser/sent[1]                                                        net             0.985            1.115             3371      (137,275)
   Routing elements:
      Manhattan distance of X:37, Y:73
LUT__121157|in[2]                                                                                EFX_LUT4        0.061            1.176             3371      (100,202)
LUT__121157|out                                                                                  EFX_LUT4        0.000            1.176                2      (100,202)
n59856                                                                                           net             0.218            1.394                2      (100,202)
   Routing elements:
      Manhattan distance of X:0, Y:1
LUT__121158|in[1]                                                                                EFX_LUT4        0.061            1.455                2      (100,201)
LUT__121158|out                                                                                  EFX_LUT4        0.000            1.455                2      (100,201)
n59857                                                                                           net             0.597            2.052                2      (100,201)
   Routing elements:
      Manhattan distance of X:7, Y:52
LUT__121159|in[3]                                                                                EFX_LUT4        0.063            2.115                2      (93,253) 
LUT__121159|out                                                                                  EFX_LUT4        0.000            2.115                2      (93,253) 
n59858                                                                                           net             0.262            2.377                2      (93,253) 
   Routing elements:
      Manhattan distance of X:0, Y:11
LUT__121166|in[0]                                                                                EFX_LUT4        0.063            2.440                2      (93,242) 
LUT__121166|out                                                                                  EFX_LUT4        0.000            2.440                2      (93,242) 
n59865                                                                                           net             0.749            3.189                2      (93,242) 
   Routing elements:
      Manhattan distance of X:32, Y:39
LUT__121167|in[3]                                                                                EFX_LUT4        0.061            3.250                2      (125,203)
LUT__121167|out                                                                                  EFX_LUT4        0.000            3.250                2      (125,203)
n59866                                                                                           net             0.570            3.820                2      (125,203)
   Routing elements:
      Manhattan distance of X:24, Y:2
LUT__121168|in[2]                                                                                EFX_LUT4        0.061            3.881                2      (149,201)
LUT__121168|out                                                                                  EFX_LUT4        0.000            3.881                2      (149,201)
n59867                                                                                           net             0.661            4.542                2      (149,201)
   Routing elements:
      Manhattan distance of X:18, Y:48
LUT__121169|in[0]                                                                                EFX_LUT4        0.061            4.603                2      (167,249)
LUT__121169|out                                                                                  EFX_LUT4        0.000            4.603                2      (167,249)
n59868                                                                                           net             0.427            5.030                2      (167,249)
   Routing elements:
      Manhattan distance of X:6, Y:6
LUT__121170|in[0]                                                                                EFX_LUT4        0.061            5.091                2      (161,255)
LUT__121170|out                                                                                  EFX_LUT4        0.000            5.091                2      (161,255)
n59869                                                                                           net             0.413            5.504                2      (161,255)
   Routing elements:
      Manhattan distance of X:28, Y:4
LUT__121592|in[0]                                                                                EFX_LUT4        0.063            5.567                2      (189,259)
LUT__121592|out                                                                                  EFX_LUT4        0.000            5.567                2      (189,259)
sapphire/u_asset_network/p_in[2]                                                                 net             0.687            6.254                2      (189,259)
   Routing elements:
      Manhattan distance of X:12, Y:57
sapphire/u_asset_network/u_payload/u_vendor_fifo/u_efx_fifo_top/xefx_fifo_ram/ram__D$2|WDATA[2]  EFX_RAM10      -0.001            6.253                2      (201,202)

Capture Clock Path
                                           name                                              model name   delay (ns)  cumulative delay (ns) pins on net    location
=====================================================================================================================================================================
rxc                                                                                          input          0.000             0.000                0      (0,160)  
rxc                                                                                          input          0.126             0.126            11911      (0,160)  
rxc                                                                                          net            2.030             2.156            11911      (0,160)  
   Routing elements:
      Manhattan distance of X:201, Y:42
sapphire/u_asset_network/u_payload/u_vendor_fifo/u_efx_fifo_top/xefx_fifo_ram/ram__D$2|WCLK  EFX_RAM10      0.000             2.156            11911      (201,202)

++++ Path 4 ++++++++++++++++++++++++++++++++++++++++++++++++++++++++++++++++++++

Path Begin    : sapphire/u_asset_network/u_parser/idle_cycles[8]~FF|CLK
Path End      : sapphire/u_asset_network/u_parser/packet[429][3]~FF|CE 
Launch Clock  : rxc (RISE)                                             
Capture Clock : rxc (RISE)                                             
Slack         : 1.682 (required time - arrival time)                   
Delay         : 5.958                                                  

Logic Level             :  9
Non-global nets on path : 10
Global nets on path     :  0

Launch Clock Path Delay        : 2.156
+ Clock To Q + Data Path Delay : 6.192
--------------------------------------
End-of-path arrival time       : 8.348

Constraint                     :  8.000
+ Capture Clock Path Delay     :  2.156
- Clock Uncertainty            :  0.126
---------------------------------------
End-of-path required time      : 10.030

Launch Clock Path
                         name                            model name   delay (ns)  cumulative delay (ns) pins on net    location
=================================================================================================================================
rxc                                                        input        0.000             0.000                0       (0,160) 
rxc                                                        input        0.126             0.126            11911       (0,160) 
rxc                                                        net          2.030             2.156            11911       (0,160) 
   Routing elements:
      Manhattan distance of X:22, Y:147
sapphire/u_asset_network/u_parser/idle_cycles[8]~FF|CLK    EFX_FF       0.000             2.156            11911       (22,307)

Data Path
                         name                           model name   delay (ns)  cumulative delay (ns) pins on net    location
================================================================================================================================
sapphire/u_asset_network/u_parser/idle_cycles[8]~FF|Q    EFX_FF        0.130             0.130               3       (22,307) 
sapphire/u_asset_network/u_parser/idle_cycles[8]         net           0.407             0.537               3       (22,307) 
   Routing elements:
      Manhattan distance of X:1, Y:5
LUT__111060|in[1]                                        EFX_LUT4      0.061             0.598               3       (23,312) 
LUT__111060|out                                          EFX_LUT4      0.000             0.598               3       (23,312) 
n52814                                                   net           0.235             0.833               3       (23,312) 
   Routing elements:
      Manhattan distance of X:0, Y:5
LUT__111061|in[3]                                        EFX_LUT4      0.061             0.894               3       (23,307) 
LUT__111061|out                                          EFX_LUT4      0.000             0.894               2       (23,307) 
n52815                                                   net           0.206             1.100               2       (23,307) 
   Routing elements:
      Manhattan distance of X:5, Y:5
LUT__111062|in[1]                                        EFX_LUT4      0.061             1.161               2       (28,302) 
LUT__111062|out                                          EFX_LUT4      0.000             1.161               5       (28,302) 
n52816                                                   net           0.439             1.600               5       (28,302) 
   Routing elements:
      Manhattan distance of X:6, Y:19
LUT__111257|in[0]                                        EFX_LUT4      0.061             1.661               5       (34,283) 
LUT__111257|out                                          EFX_LUT4      0.000             1.661              14       (34,283) 
n52996                                                   net           0.613             2.274              14       (34,283) 
   Routing elements:
      Manhattan distance of X:35, Y:12
LUT__111258|in[2]                                        EFX_LUT4      0.063             2.337              14       (69,271) 
LUT__111258|out                                          EFX_LUT4      0.000             2.337              90       (69,271) 
n52997                                                   net           0.837             3.174              90       (69,271) 
   Routing elements:
      Manhattan distance of X:76, Y:14
LUT__111505|in[0]                                        EFX_LUT4      0.061             3.235              90       (145,257)
LUT__111505|out                                          EFX_LUT4      0.000             3.235              16       (145,257)
n53130                                                   net           0.611             3.846              16       (145,257)
   Routing elements:
      Manhattan distance of X:18, Y:7
LUT__111506|in[0]                                        EFX_LUT4      0.061             3.907              16       (127,264)
LUT__111506|out                                          EFX_LUT4      0.000             3.907               4       (127,264)
n53131                                                   net           0.574             4.481               4       (127,264)
   Routing elements:
      Manhattan distance of X:9, Y:18
LUT__111507|in[0]                                        EFX_LUT4      0.061             4.542               4       (118,282)
LUT__111507|out                                          EFX_LUT4      0.000             4.542               4       (118,282)
n53132                                                   net           0.514             5.056               4       (118,282)
   Routing elements:
      Manhattan distance of X:40, Y:0
LUT__112466|in[0]                                        EFX_LUT4      0.063             5.119               4       (78,282) 
LUT__112466|out                                          EFX_LUT4      0.000             5.119               9       (78,282) 
sapphire/u_asset_network/u_parser/n153447                net           0.969             6.088               9       (78,282) 
   Routing elements:
      Manhattan distance of X:47, Y:2
sapphire/u_asset_network/u_parser/packet[429][3]~FF|CE   EFX_FF        0.104             6.192               9       (31,284) 

Capture Clock Path
                         name                            model name   delay (ns)  cumulative delay (ns) pins on net    location
=================================================================================================================================
rxc                                                        input        0.000             0.000                0       (0,160) 
rxc                                                        input        0.126             0.126            11911       (0,160) 
rxc                                                        net          2.030             2.156            11911       (0,160) 
   Routing elements:
      Manhattan distance of X:31, Y:124
sapphire/u_asset_network/u_parser/packet[429][3]~FF|CLK    EFX_FF       0.000             2.156            11911       (31,284)

++++ Path 5 ++++++++++++++++++++++++++++++++++++++++++++++++++++++++++++++++++++

Path Begin    : sapphire/u_asset_network/u_parser/idle_cycles[13]~FF|CLK
Path End      : sapphire/u_asset_network/u_parser/packet[429][3]~FF|CE  
Launch Clock  : rxc (RISE)                                              
Capture Clock : rxc (RISE)                                              
Slack         : 1.686 (required time - arrival time)                    
Delay         : 5.954                                                   

Logic Level             :  9
Non-global nets on path : 10
Global nets on path     :  0

Launch Clock Path Delay        : 2.156
+ Clock To Q + Data Path Delay : 6.188
--------------------------------------
End-of-path arrival time       : 8.344

Constraint                     :  8.000
+ Capture Clock Path Delay     :  2.156
- Clock Uncertainty            :  0.126
---------------------------------------
End-of-path required time      : 10.030

Launch Clock Path
                          name                            model name   delay (ns)  cumulative delay (ns) pins on net    location
==================================================================================================================================
rxc                                                         input        0.000             0.000                0       (0,160) 
rxc                                                         input        0.126             0.126            11911       (0,160) 
rxc                                                         net          2.030             2.156            11911       (0,160) 
   Routing elements:
      Manhattan distance of X:25, Y:158
sapphire/u_asset_network/u_parser/idle_cycles[13]~FF|CLK    EFX_FF       0.000             2.156            11911       (25,318)

Data Path
                         name                           model name   delay (ns)  cumulative delay (ns) pins on net    location
================================================================================================================================
sapphire/u_asset_network/u_parser/idle_cycles[13]~FF|Q   EFX_FF        0.130             0.130               3       (25,318) 
sapphire/u_asset_network/u_parser/idle_cycles[13]        net           0.330             0.460               3       (25,318) 
   Routing elements:
      Manhattan distance of X:4, Y:1
LUT__111057|in[0]                                        EFX_LUT4      0.063             0.523               3       (21,319) 
LUT__111057|out                                          EFX_LUT4      0.000             0.523               3       (21,319) 
n52811                                                   net           0.229             0.752               3       (21,319) 
   Routing elements:
      Manhattan distance of X:0, Y:7
LUT__111059|in[2]                                        EFX_LUT4      0.063             0.815               3       (21,312) 
LUT__111059|out                                          EFX_LUT4      0.000             0.815               2       (21,312) 
n52813                                                   net           0.281             1.096               2       (21,312) 
   Routing elements:
      Manhattan distance of X:7, Y:10
LUT__111062|in[0]                                        EFX_LUT4      0.061             1.157               2       (28,302) 
LUT__111062|out                                          EFX_LUT4      0.000             1.157               5       (28,302) 
n52816                                                   net           0.439             1.596               5       (28,302) 
   Routing elements:
      Manhattan distance of X:6, Y:19
LUT__111257|in[0]                                        EFX_LUT4      0.061             1.657               5       (34,283) 
LUT__111257|out                                          EFX_LUT4      0.000             1.657              14       (34,283) 
n52996                                                   net           0.613             2.270              14       (34,283) 
   Routing elements:
      Manhattan distance of X:35, Y:12
LUT__111258|in[2]                                        EFX_LUT4      0.063             2.333              14       (69,271) 
LUT__111258|out                                          EFX_LUT4      0.000             2.333              90       (69,271) 
n52997                                                   net           0.837             3.170              90       (69,271) 
   Routing elements:
      Manhattan distance of X:76, Y:14
LUT__111505|in[0]                                        EFX_LUT4      0.061             3.231              90       (145,257)
LUT__111505|out                                          EFX_LUT4      0.000             3.231              16       (145,257)
n53130                                                   net           0.611             3.842              16       (145,257)
   Routing elements:
      Manhattan distance of X:18, Y:7
LUT__111506|in[0]                                        EFX_LUT4      0.061             3.903              16       (127,264)
LUT__111506|out                                          EFX_LUT4      0.000             3.903               4       (127,264)
n53131                                                   net           0.574             4.477               4       (127,264)
   Routing elements:
      Manhattan distance of X:9, Y:18
LUT__111507|in[0]                                        EFX_LUT4      0.061             4.538               4       (118,282)
LUT__111507|out                                          EFX_LUT4      0.000             4.538               4       (118,282)
n53132                                                   net           0.514             5.052               4       (118,282)
   Routing elements:
      Manhattan distance of X:40, Y:0
LUT__112466|in[0]                                        EFX_LUT4      0.063             5.115               4       (78,282) 
LUT__112466|out                                          EFX_LUT4      0.000             5.115               9       (78,282) 
sapphire/u_asset_network/u_parser/n153447                net           0.969             6.084               9       (78,282) 
   Routing elements:
      Manhattan distance of X:47, Y:2
sapphire/u_asset_network/u_parser/packet[429][3]~FF|CE   EFX_FF        0.104             6.188               9       (31,284) 

Capture Clock Path
                         name                            model name   delay (ns)  cumulative delay (ns) pins on net    location
=================================================================================================================================
rxc                                                        input        0.000             0.000                0       (0,160) 
rxc                                                        input        0.126             0.126            11911       (0,160) 
rxc                                                        net          2.030             2.156            11911       (0,160) 
   Routing elements:
      Manhattan distance of X:31, Y:124
sapphire/u_asset_network/u_parser/packet[429][3]~FF|CLK    EFX_FF       0.000             2.156            11911       (31,284)

++++ Path 6 ++++++++++++++++++++++++++++++++++++++++++++++++++++++++++++++++++++

Path Begin    : sapphire/u_asset_network/u_parser/idle_cycles[14]~FF|CLK
Path End      : sapphire/u_asset_network/u_parser/packet[429][3]~FF|CE  
Launch Clock  : rxc (RISE)                                              
Capture Clock : rxc (RISE)                                              
Slack         : 1.687 (required time - arrival time)                    
Delay         : 5.953                                                   

Logic Level             :  9
Non-global nets on path : 10
Global nets on path     :  0

Launch Clock Path Delay        : 2.156
+ Clock To Q + Data Path Delay : 6.187
--------------------------------------
End-of-path arrival time       : 8.343

Constraint                     :  8.000
+ Capture Clock Path Delay     :  2.156
- Clock Uncertainty            :  0.126
---------------------------------------
End-of-path required time      : 10.030

Launch Clock Path
                          name                            model name   delay (ns)  cumulative delay (ns) pins on net    location
==================================================================================================================================
rxc                                                         input        0.000             0.000                0       (0,160) 
rxc                                                         input        0.126             0.126            11911       (0,160) 
rxc                                                         net          2.030             2.156            11911       (0,160) 
   Routing elements:
      Manhattan distance of X:26, Y:159
sapphire/u_asset_network/u_parser/idle_cycles[14]~FF|CLK    EFX_FF       0.000             2.156            11911       (26,319)

Data Path
                         name                           model name   delay (ns)  cumulative delay (ns) pins on net    location
================================================================================================================================
sapphire/u_asset_network/u_parser/idle_cycles[14]~FF|Q   EFX_FF        0.130             0.130               3       (26,319) 
sapphire/u_asset_network/u_parser/idle_cycles[14]        net           0.329             0.459               3       (26,319) 
   Routing elements:
      Manhattan distance of X:5, Y:0
LUT__111057|in[1]                                        EFX_LUT4      0.063             0.522               3       (21,319) 
LUT__111057|out                                          EFX_LUT4      0.000             0.522               3       (21,319) 
n52811                                                   net           0.229             0.751               3       (21,319) 
   Routing elements:
      Manhattan distance of X:0, Y:7
LUT__111059|in[2]                                        EFX_LUT4      0.063             0.814               3       (21,312) 
LUT__111059|out                                          EFX_LUT4      0.000             0.814               2       (21,312) 
n52813                                                   net           0.281             1.095               2       (21,312) 
   Routing elements:
      Manhattan distance of X:7, Y:10
LUT__111062|in[0]                                        EFX_LUT4      0.061             1.156               2       (28,302) 
LUT__111062|out                                          EFX_LUT4      0.000             1.156               5       (28,302) 
n52816                                                   net           0.439             1.595               5       (28,302) 
   Routing elements:
      Manhattan distance of X:6, Y:19
LUT__111257|in[0]                                        EFX_LUT4      0.061             1.656               5       (34,283) 
LUT__111257|out                                          EFX_LUT4      0.000             1.656              14       (34,283) 
n52996                                                   net           0.613             2.269              14       (34,283) 
   Routing elements:
      Manhattan distance of X:35, Y:12
LUT__111258|in[2]                                        EFX_LUT4      0.063             2.332              14       (69,271) 
LUT__111258|out                                          EFX_LUT4      0.000             2.332              90       (69,271) 
n52997                                                   net           0.837             3.169              90       (69,271) 
   Routing elements:
      Manhattan distance of X:76, Y:14
LUT__111505|in[0]                                        EFX_LUT4      0.061             3.230              90       (145,257)
LUT__111505|out                                          EFX_LUT4      0.000             3.230              16       (145,257)
n53130                                                   net           0.611             3.841              16       (145,257)
   Routing elements:
      Manhattan distance of X:18, Y:7
LUT__111506|in[0]                                        EFX_LUT4      0.061             3.902              16       (127,264)
LUT__111506|out                                          EFX_LUT4      0.000             3.902               4       (127,264)
n53131                                                   net           0.574             4.476               4       (127,264)
   Routing elements:
      Manhattan distance of X:9, Y:18
LUT__111507|in[0]                                        EFX_LUT4      0.061             4.537               4       (118,282)
LUT__111507|out                                          EFX_LUT4      0.000             4.537               4       (118,282)
n53132                                                   net           0.514             5.051               4       (118,282)
   Routing elements:
      Manhattan distance of X:40, Y:0
LUT__112466|in[0]                                        EFX_LUT4      0.063             5.114               4       (78,282) 
LUT__112466|out                                          EFX_LUT4      0.000             5.114               9       (78,282) 
sapphire/u_asset_network/u_parser/n153447                net           0.969             6.083               9       (78,282) 
   Routing elements:
      Manhattan distance of X:47, Y:2
sapphire/u_asset_network/u_parser/packet[429][3]~FF|CE   EFX_FF        0.104             6.187               9       (31,284) 

Capture Clock Path
                         name                            model name   delay (ns)  cumulative delay (ns) pins on net    location
=================================================================================================================================
rxc                                                        input        0.000             0.000                0       (0,160) 
rxc                                                        input        0.126             0.126            11911       (0,160) 
rxc                                                        net          2.030             2.156            11911       (0,160) 
   Routing elements:
      Manhattan distance of X:31, Y:124
sapphire/u_asset_network/u_parser/packet[429][3]~FF|CLK    EFX_FF       0.000             2.156            11911       (31,284)

++++ Path 7 ++++++++++++++++++++++++++++++++++++++++++++++++++++++++++++++++++++

Path Begin    : sapphire/u_asset_network/u_parser/received[8]~FF|CLK  
Path End      : sapphire/u_asset_network/u_parser/packet[429][3]~FF|CE
Launch Clock  : rxc (RISE)                                            
Capture Clock : rxc (RISE)                                            
Slack         : 1.702 (required time - arrival time)                  
Delay         : 5.938                                                 

Logic Level             : 8
Non-global nets on path : 9
Global nets on path     : 0

Launch Clock Path Delay        : 2.156
+ Clock To Q + Data Path Delay : 6.172
--------------------------------------
End-of-path arrival time       : 8.328

Constraint                     :  8.000
+ Capture Clock Path Delay     :  2.156
- Clock Uncertainty            :  0.126
---------------------------------------
End-of-path required time      : 10.030

Launch Clock Path
                        name                          model name   delay (ns)  cumulative delay (ns) pins on net    location
==============================================================================================================================
rxc                                                     input        0.000             0.000                0       (0,160) 
rxc                                                     input        0.126             0.126            11911       (0,160) 
rxc                                                     net          2.030             2.156            11911       (0,160) 
   Routing elements:
      Manhattan distance of X:83, Y:121
sapphire/u_asset_network/u_parser/received[8]~FF|CLK    EFX_FF       0.000             2.156            11911       (83,281)

Data Path
                         name                           model name   delay (ns)  cumulative delay (ns) pins on net    location
================================================================================================================================
sapphire/u_asset_network/u_parser/received[8]~FF|Q       EFX_FF        0.130             0.130              47       (83,281) 
sapphire/u_asset_network/u_parser/received[8]            net           0.556             0.686              47       (83,281) 
   Routing elements:
      Manhattan distance of X:8, Y:47
LUT__111254|in[1]                                        EFX_LUT4      0.061             0.747              47       (91,234) 
LUT__111254|out                                          EFX_LUT4      0.000             0.747              15       (91,234) 
n52993                                                   net           0.511             1.258              15       (91,234) 
   Routing elements:
      Manhattan distance of X:15, Y:16
LUT__111255|in[1]                                        EFX_LUT4      0.061             1.319              15       (76,250) 
LUT__111255|out                                          EFX_LUT4      0.000             1.319              10       (76,250) 
n52994                                                   net           0.452             1.771              10       (76,250) 
   Routing elements:
      Manhattan distance of X:1, Y:20
LUT__111256|in[1]                                        EFX_LUT4      0.063             1.834              10       (75,270) 
LUT__111256|out                                          EFX_LUT4      0.000             1.834               3       (75,270) 
n52995                                                   net           0.420             2.254               3       (75,270) 
   Routing elements:
      Manhattan distance of X:6, Y:1
LUT__111258|in[0]                                        EFX_LUT4      0.063             2.317               3       (69,271) 
LUT__111258|out                                          EFX_LUT4      0.000             2.317              90       (69,271) 
n52997                                                   net           0.837             3.154              90       (69,271) 
   Routing elements:
      Manhattan distance of X:76, Y:14
LUT__111505|in[0]                                        EFX_LUT4      0.061             3.215              90       (145,257)
LUT__111505|out                                          EFX_LUT4      0.000             3.215              16       (145,257)
n53130                                                   net           0.611             3.826              16       (145,257)
   Routing elements:
      Manhattan distance of X:18, Y:7
LUT__111506|in[0]                                        EFX_LUT4      0.061             3.887              16       (127,264)
LUT__111506|out                                          EFX_LUT4      0.000             3.887               4       (127,264)
n53131                                                   net           0.574             4.461               4       (127,264)
   Routing elements:
      Manhattan distance of X:9, Y:18
LUT__111507|in[0]                                        EFX_LUT4      0.061             4.522               4       (118,282)
LUT__111507|out                                          EFX_LUT4      0.000             4.522               4       (118,282)
n53132                                                   net           0.514             5.036               4       (118,282)
   Routing elements:
      Manhattan distance of X:40, Y:0
LUT__112466|in[0]                                        EFX_LUT4      0.063             5.099               4       (78,282) 
LUT__112466|out                                          EFX_LUT4      0.000             5.099               9       (78,282) 
sapphire/u_asset_network/u_parser/n153447                net           0.969             6.068               9       (78,282) 
   Routing elements:
      Manhattan distance of X:47, Y:2
sapphire/u_asset_network/u_parser/packet[429][3]~FF|CE   EFX_FF        0.104             6.172               9       (31,284) 

Capture Clock Path
                         name                            model name   delay (ns)  cumulative delay (ns) pins on net    location
=================================================================================================================================
rxc                                                        input        0.000             0.000                0       (0,160) 
rxc                                                        input        0.126             0.126            11911       (0,160) 
rxc                                                        net          2.030             2.156            11911       (0,160) 
   Routing elements:
      Manhattan distance of X:31, Y:124
sapphire/u_asset_network/u_parser/packet[429][3]~FF|CLK    EFX_FF       0.000             2.156            11911       (31,284)

++++ Path 8 ++++++++++++++++++++++++++++++++++++++++++++++++++++++++++++++++++++

Path Begin    : sapphire/u_asset_network/u_parser/idle_cycles[8]~FF|CLK
Path End      : sapphire/u_asset_network/u_parser/packet[167][1]~FF|CE 
Launch Clock  : rxc (RISE)                                             
Capture Clock : rxc (RISE)                                             
Slack         : 1.703 (required time - arrival time)                   
Delay         : 5.937                                                  

Logic Level             : 8
Non-global nets on path : 9
Global nets on path     : 0

Launch Clock Path Delay        : 2.156
+ Clock To Q + Data Path Delay : 6.171
--------------------------------------
End-of-path arrival time       : 8.327

Constraint                     :  8.000
+ Capture Clock Path Delay     :  2.156
- Clock Uncertainty            :  0.126
---------------------------------------
End-of-path required time      : 10.030

Launch Clock Path
                         name                            model name   delay (ns)  cumulative delay (ns) pins on net    location
=================================================================================================================================
rxc                                                        input        0.000             0.000                0       (0,160) 
rxc                                                        input        0.126             0.126            11911       (0,160) 
rxc                                                        net          2.030             2.156            11911       (0,160) 
   Routing elements:
      Manhattan distance of X:22, Y:147
sapphire/u_asset_network/u_parser/idle_cycles[8]~FF|CLK    EFX_FF       0.000             2.156            11911       (22,307)

Data Path
                         name                           model name   delay (ns)  cumulative delay (ns) pins on net    location
================================================================================================================================
sapphire/u_asset_network/u_parser/idle_cycles[8]~FF|Q    EFX_FF        0.130             0.130               3       (22,307) 
sapphire/u_asset_network/u_parser/idle_cycles[8]         net           0.407             0.537               3       (22,307) 
   Routing elements:
      Manhattan distance of X:1, Y:5
LUT__111060|in[1]                                        EFX_LUT4      0.061             0.598               3       (23,312) 
LUT__111060|out                                          EFX_LUT4      0.000             0.598               3       (23,312) 
n52814                                                   net           0.235             0.833               3       (23,312) 
   Routing elements:
      Manhattan distance of X:0, Y:5
LUT__111061|in[3]                                        EFX_LUT4      0.061             0.894               3       (23,307) 
LUT__111061|out                                          EFX_LUT4      0.000             0.894               2       (23,307) 
n52815                                                   net           0.206             1.100               2       (23,307) 
   Routing elements:
      Manhattan distance of X:5, Y:5
LUT__111062|in[1]                                        EFX_LUT4      0.061             1.161               2       (28,302) 
LUT__111062|out                                          EFX_LUT4      0.000             1.161               5       (28,302) 
n52816                                                   net           0.439             1.600               5       (28,302) 
   Routing elements:
      Manhattan distance of X:6, Y:19
LUT__111257|in[0]                                        EFX_LUT4      0.061             1.661               5       (34,283) 
LUT__111257|out                                          EFX_LUT4      0.000             1.661              14       (34,283) 
n52996                                                   net           0.613             2.274              14       (34,283) 
   Routing elements:
      Manhattan distance of X:35, Y:12
LUT__111258|in[2]                                        EFX_LUT4      0.063             2.337              14       (69,271) 
LUT__111258|out                                          EFX_LUT4      0.000             2.337              90       (69,271) 
n52997                                                   net           0.768             3.105              90       (69,271) 
   Routing elements:
      Manhattan distance of X:44, Y:9
LUT__111412|in[0]                                        EFX_LUT4      0.061             3.166              90       (113,280)
LUT__111412|out                                          EFX_LUT4      0.000             3.166              76       (113,280)
n53085                                                   net           0.606             3.772              76       (113,280)
   Routing elements:
      Manhattan distance of X:0, Y:24
LUT__112300|in[0]                                        EFX_LUT4      0.061             3.833              76       (113,256)
LUT__112300|out                                          EFX_LUT4      0.000             3.833               9       (113,256)
n53477                                                   net           0.934             4.767               9       (113,256)
   Routing elements:
      Manhattan distance of X:14, Y:22
LUT__112872|in[0]                                        EFX_LUT4      0.061             4.828               9       (127,278)
LUT__112872|out                                          EFX_LUT4      0.000             4.828               9       (127,278)
sapphire/u_asset_network/u_parser/n157639                net           1.239             6.067               9       (127,278)
   Routing elements:
      Manhattan distance of X:48, Y:11
sapphire/u_asset_network/u_parser/packet[167][1]~FF|CE   EFX_FF        0.104             6.171               9       (175,289)

Capture Clock Path
                         name                            model name   delay (ns)  cumulative delay (ns) pins on net    location
=================================================================================================================================
rxc                                                        input        0.000             0.000                0      (0,160)  
rxc                                                        input        0.126             0.126            11911      (0,160)  
rxc                                                        net          2.030             2.156            11911      (0,160)  
   Routing elements:
      Manhattan distance of X:175, Y:129
sapphire/u_asset_network/u_parser/packet[167][1]~FF|CLK    EFX_FF       0.000             2.156            11911      (175,289)

++++ Path 9 ++++++++++++++++++++++++++++++++++++++++++++++++++++++++++++++++++++

Path Begin    : sapphire/u_asset_network/u_parser/idle_cycles[13]~FF|CLK
Path End      : sapphire/u_asset_network/u_parser/packet[167][1]~FF|CE  
Launch Clock  : rxc (RISE)                                              
Capture Clock : rxc (RISE)                                              
Slack         : 1.707 (required time - arrival time)                    
Delay         : 5.933                                                   

Logic Level             : 8
Non-global nets on path : 9
Global nets on path     : 0

Launch Clock Path Delay        : 2.156
+ Clock To Q + Data Path Delay : 6.167
--------------------------------------
End-of-path arrival time       : 8.323

Constraint                     :  8.000
+ Capture Clock Path Delay     :  2.156
- Clock Uncertainty            :  0.126
---------------------------------------
End-of-path required time      : 10.030

Launch Clock Path
                          name                            model name   delay (ns)  cumulative delay (ns) pins on net    location
==================================================================================================================================
rxc                                                         input        0.000             0.000                0       (0,160) 
rxc                                                         input        0.126             0.126            11911       (0,160) 
rxc                                                         net          2.030             2.156            11911       (0,160) 
   Routing elements:
      Manhattan distance of X:25, Y:158
sapphire/u_asset_network/u_parser/idle_cycles[13]~FF|CLK    EFX_FF       0.000             2.156            11911       (25,318)

Data Path
                         name                           model name   delay (ns)  cumulative delay (ns) pins on net    location
================================================================================================================================
sapphire/u_asset_network/u_parser/idle_cycles[13]~FF|Q   EFX_FF        0.130             0.130               3       (25,318) 
sapphire/u_asset_network/u_parser/idle_cycles[13]        net           0.330             0.460               3       (25,318) 
   Routing elements:
      Manhattan distance of X:4, Y:1
LUT__111057|in[0]                                        EFX_LUT4      0.063             0.523               3       (21,319) 
LUT__111057|out                                          EFX_LUT4      0.000             0.523               3       (21,319) 
n52811                                                   net           0.229             0.752               3       (21,319) 
   Routing elements:
      Manhattan distance of X:0, Y:7
LUT__111059|in[2]                                        EFX_LUT4      0.063             0.815               3       (21,312) 
LUT__111059|out                                          EFX_LUT4      0.000             0.815               2       (21,312) 
n52813                                                   net           0.281             1.096               2       (21,312) 
   Routing elements:
      Manhattan distance of X:7, Y:10
LUT__111062|in[0]                                        EFX_LUT4      0.061             1.157               2       (28,302) 
LUT__111062|out                                          EFX_LUT4      0.000             1.157               5       (28,302) 
n52816                                                   net           0.439             1.596               5       (28,302) 
   Routing elements:
      Manhattan distance of X:6, Y:19
LUT__111257|in[0]                                        EFX_LUT4      0.061             1.657               5       (34,283) 
LUT__111257|out                                          EFX_LUT4      0.000             1.657              14       (34,283) 
n52996                                                   net           0.613             2.270              14       (34,283) 
   Routing elements:
      Manhattan distance of X:35, Y:12
LUT__111258|in[2]                                        EFX_LUT4      0.063             2.333              14       (69,271) 
LUT__111258|out                                          EFX_LUT4      0.000             2.333              90       (69,271) 
n52997                                                   net           0.768             3.101              90       (69,271) 
   Routing elements:
      Manhattan distance of X:44, Y:9
LUT__111412|in[0]                                        EFX_LUT4      0.061             3.162              90       (113,280)
LUT__111412|out                                          EFX_LUT4      0.000             3.162              76       (113,280)
n53085                                                   net           0.606             3.768              76       (113,280)
   Routing elements:
      Manhattan distance of X:0, Y:24
LUT__112300|in[0]                                        EFX_LUT4      0.061             3.829              76       (113,256)
LUT__112300|out                                          EFX_LUT4      0.000             3.829               9       (113,256)
n53477                                                   net           0.934             4.763               9       (113,256)
   Routing elements:
      Manhattan distance of X:14, Y:22
LUT__112872|in[0]                                        EFX_LUT4      0.061             4.824               9       (127,278)
LUT__112872|out                                          EFX_LUT4      0.000             4.824               9       (127,278)
sapphire/u_asset_network/u_parser/n157639                net           1.239             6.063               9       (127,278)
   Routing elements:
      Manhattan distance of X:48, Y:11
sapphire/u_asset_network/u_parser/packet[167][1]~FF|CE   EFX_FF        0.104             6.167               9       (175,289)

Capture Clock Path
                         name                            model name   delay (ns)  cumulative delay (ns) pins on net    location
=================================================================================================================================
rxc                                                        input        0.000             0.000                0      (0,160)  
rxc                                                        input        0.126             0.126            11911      (0,160)  
rxc                                                        net          2.030             2.156            11911      (0,160)  
   Routing elements:
      Manhattan distance of X:175, Y:129
sapphire/u_asset_network/u_parser/packet[167][1]~FF|CLK    EFX_FF       0.000             2.156            11911      (175,289)

++++ Path 10 +++++++++++++++++++++++++++++++++++++++++++++++++++++++++++++++++++

Path Begin    : sapphire/u_asset_network/u_parser/idle_cycles[14]~FF|CLK
Path End      : sapphire/u_asset_network/u_parser/packet[167][1]~FF|CE  
Launch Clock  : rxc (RISE)                                              
Capture Clock : rxc (RISE)                                              
Slack         : 1.708 (required time - arrival time)                    
Delay         : 5.932                                                   

Logic Level             : 8
Non-global nets on path : 9
Global nets on path     : 0

Launch Clock Path Delay        : 2.156
+ Clock To Q + Data Path Delay : 6.166
--------------------------------------
End-of-path arrival time       : 8.322

Constraint                     :  8.000
+ Capture Clock Path Delay     :  2.156
- Clock Uncertainty            :  0.126
---------------------------------------
End-of-path required time      : 10.030

Launch Clock Path
                          name                            model name   delay (ns)  cumulative delay (ns) pins on net    location
==================================================================================================================================
rxc                                                         input        0.000             0.000                0       (0,160) 
rxc                                                         input        0.126             0.126            11911       (0,160) 
rxc                                                         net          2.030             2.156            11911       (0,160) 
   Routing elements:
      Manhattan distance of X:26, Y:159
sapphire/u_asset_network/u_parser/idle_cycles[14]~FF|CLK    EFX_FF       0.000             2.156            11911       (26,319)

Data Path
                         name                           model name   delay (ns)  cumulative delay (ns) pins on net    location
================================================================================================================================
sapphire/u_asset_network/u_parser/idle_cycles[14]~FF|Q   EFX_FF        0.130             0.130               3       (26,319) 
sapphire/u_asset_network/u_parser/idle_cycles[14]        net           0.329             0.459               3       (26,319) 
   Routing elements:
      Manhattan distance of X:5, Y:0
LUT__111057|in[1]                                        EFX_LUT4      0.063             0.522               3       (21,319) 
LUT__111057|out                                          EFX_LUT4      0.000             0.522               3       (21,319) 
n52811                                                   net           0.229             0.751               3       (21,319) 
   Routing elements:
      Manhattan distance of X:0, Y:7
LUT__111059|in[2]                                        EFX_LUT4      0.063             0.814               3       (21,312) 
LUT__111059|out                                          EFX_LUT4      0.000             0.814               2       (21,312) 
n52813                                                   net           0.281             1.095               2       (21,312) 
   Routing elements:
      Manhattan distance of X:7, Y:10
LUT__111062|in[0]                                        EFX_LUT4      0.061             1.156               2       (28,302) 
LUT__111062|out                                          EFX_LUT4      0.000             1.156               5       (28,302) 
n52816                                                   net           0.439             1.595               5       (28,302) 
   Routing elements:
      Manhattan distance of X:6, Y:19
LUT__111257|in[0]                                        EFX_LUT4      0.061             1.656               5       (34,283) 
LUT__111257|out                                          EFX_LUT4      0.000             1.656              14       (34,283) 
n52996                                                   net           0.613             2.269              14       (34,283) 
   Routing elements:
      Manhattan distance of X:35, Y:12
LUT__111258|in[2]                                        EFX_LUT4      0.063             2.332              14       (69,271) 
LUT__111258|out                                          EFX_LUT4      0.000             2.332              90       (69,271) 
n52997                                                   net           0.768             3.100              90       (69,271) 
   Routing elements:
      Manhattan distance of X:44, Y:9
LUT__111412|in[0]                                        EFX_LUT4      0.061             3.161              90       (113,280)
LUT__111412|out                                          EFX_LUT4      0.000             3.161              76       (113,280)
n53085                                                   net           0.606             3.767              76       (113,280)
   Routing elements:
      Manhattan distance of X:0, Y:24
LUT__112300|in[0]                                        EFX_LUT4      0.061             3.828              76       (113,256)
LUT__112300|out                                          EFX_LUT4      0.000             3.828               9       (113,256)
n53477                                                   net           0.934             4.762               9       (113,256)
   Routing elements:
      Manhattan distance of X:14, Y:22
LUT__112872|in[0]                                        EFX_LUT4      0.061             4.823               9       (127,278)
LUT__112872|out                                          EFX_LUT4      0.000             4.823               9       (127,278)
sapphire/u_asset_network/u_parser/n157639                net           1.239             6.062               9       (127,278)
   Routing elements:
      Manhattan distance of X:48, Y:11
sapphire/u_asset_network/u_parser/packet[167][1]~FF|CE   EFX_FF        0.104             6.166               9       (175,289)

Capture Clock Path
                         name                            model name   delay (ns)  cumulative delay (ns) pins on net    location
=================================================================================================================================
rxc                                                        input        0.000             0.000                0      (0,160)  
rxc                                                        input        0.126             0.126            11911      (0,160)  
rxc                                                        net          2.030             2.156            11911      (0,160)  
   Routing elements:
      Manhattan distance of X:175, Y:129
sapphire/u_asset_network/u_parser/packet[167][1]~FF|CLK    EFX_FF       0.000             2.156            11911      (175,289)

################################################################################
Path Detail Report (rxc vs ge0_tx_clk)
################################################################################


++++ Path 1 ++++++++++++++++++++++++++++++++++++++++++++++++++++++++++++++++++++

Path Begin    : txd_lo_o[1]~FF|CLK                  
Path End      : txd_lo_o[1]                         
Launch Clock  : rxc (RISE)                          
Capture Clock : ge0_tx_clk (RISE)                   
Slack         : 0.554 (required time - arrival time)
Delay         : 0.893                               

Logic Level             : 0
Non-global nets on path : 1
Global nets on path     : 0

Launch Clock Path Delay        : 2.156
+ Clock To Q + Data Path Delay : 1.023
--------------------------------------
End-of-path arrival time       : 3.179

Constraint                     : 2.000
+ Capture Clock Path Delay     : 2.161
- Clock Uncertainty            : 0.126
- Output Delay                 : 0.302
--------------------------------------
End-of-path required time      : 3.733

Launch Clock Path
       name         model name   delay (ns)  cumulative delay (ns) pins on net    location
============================================================================================
rxc                   input        0.000             0.000                0       (0,160)
rxc                   input        0.126             0.126            11911       (0,160)
rxc                   net          2.030             2.156            11911       (0,160)
   Routing elements:
      Manhattan distance of X:3, Y:13
txd_lo_o[1]~FF|CLK    EFX_FF       0.000             2.156            11911       (3,173)

Data Path
      name        model name   delay (ns)  cumulative delay (ns) pins on net    location
==========================================================================================
txd_lo_o[1]~FF|Q    EFX_FF       0.130             0.130              2         (3,173)
txd_lo_o[1]         net          0.843             0.973              2         (3,173)
   Routing elements:
      Manhattan distance of X:3, Y:77
txd_lo_o[1]         output       0.050             1.023              2         (0,96) 
txd_lo_o[1]         output       0.000             1.023              0         (0,96) 

Capture Clock Path
         name           model name   delay (ns)  cumulative delay (ns) pins on net    location
================================================================================================
ge0_tx_clk                input        0.000             0.000              0         (112,0)
ge0_tx_clk                input        0.126             0.126              6         (112,0)
ge0_tx_clk                net          1.985             2.111              6         (112,0)
   Routing elements:
      Manhattan distance of X:112, Y:97
ge0_tx_clk~CLKOUT~1~97    output       0.050             2.161              6         (0,97) 
ge0_tx_clk~CLKOUT~1~97    output       0.000             2.161              0         (0,97) 

++++ Path 2 ++++++++++++++++++++++++++++++++++++++++++++++++++++++++++++++++++++

Path Begin    : tx_en_o_LO~FF|CLK                   
Path End      : tx_en_o_LO                          
Launch Clock  : rxc (RISE)                          
Capture Clock : ge0_tx_clk (RISE)                   
Slack         : 0.670 (required time - arrival time)
Delay         : 0.777                               

Logic Level             : 0
Non-global nets on path : 1
Global nets on path     : 0

Launch Clock Path Delay        : 2.156
+ Clock To Q + Data Path Delay : 0.907
--------------------------------------
End-of-path arrival time       : 3.063

Constraint                     : 2.000
+ Capture Clock Path Delay     : 2.161
- Clock Uncertainty            : 0.126
- Output Delay                 : 0.302
--------------------------------------
End-of-path required time      : 3.733

Launch Clock Path
      name         model name   delay (ns)  cumulative delay (ns) pins on net    location
===========================================================================================
rxc                  input        0.000             0.000                0       (0,160)
rxc                  input        0.126             0.126            11911       (0,160)
rxc                  net          2.030             2.156            11911       (0,160)
   Routing elements:
      Manhattan distance of X:4, Y:75
tx_en_o_LO~FF|CLK    EFX_FF       0.000             2.156            11911       (4,85) 

Data Path
     name        model name   delay (ns)  cumulative delay (ns) pins on net    location
=========================================================================================
tx_en_o_LO~FF|Q    EFX_FF       0.130             0.130              3          (4,85)
tx_en_o_LO         net          0.727             0.857              3          (4,85)
   Routing elements:
      Manhattan distance of X:4, Y:69
tx_en_o_LO         output       0.050             0.907              3          (0,16)
tx_en_o_LO         output       0.000             0.907              0          (0,16)

Capture Clock Path
         name           model name   delay (ns)  cumulative delay (ns) pins on net    location
================================================================================================
ge0_tx_clk                input        0.000             0.000              0         (112,0)
ge0_tx_clk                input        0.126             0.126              6         (112,0)
ge0_tx_clk                net          1.985             2.111              6         (112,0)
   Routing elements:
      Manhattan distance of X:112, Y:15
ge0_tx_clk~CLKOUT~1~15    output       0.050             2.161              6         (0,15) 
ge0_tx_clk~CLKOUT~1~15    output       0.000             2.161              0         (0,15) 

++++ Path 3 ++++++++++++++++++++++++++++++++++++++++++++++++++++++++++++++++++++

Path Begin    : tx_en_o_LO~FF|CLK                   
Path End      : tx_en_o_HI                          
Launch Clock  : rxc (RISE)                          
Capture Clock : ge0_tx_clk (RISE)                   
Slack         : 0.673 (required time - arrival time)
Delay         : 0.774                               

Logic Level             : 0
Non-global nets on path : 1
Global nets on path     : 0

Launch Clock Path Delay        : 2.156
+ Clock To Q + Data Path Delay : 0.904
--------------------------------------
End-of-path arrival time       : 3.060

Constraint                     : 2.000
+ Capture Clock Path Delay     : 2.161
- Clock Uncertainty            : 0.126
- Output Delay                 : 0.302
--------------------------------------
End-of-path required time      : 3.733

Launch Clock Path
      name         model name   delay (ns)  cumulative delay (ns) pins on net    location
===========================================================================================
rxc                  input        0.000             0.000                0       (0,160)
rxc                  input        0.126             0.126            11911       (0,160)
rxc                  net          2.030             2.156            11911       (0,160)
   Routing elements:
      Manhattan distance of X:4, Y:75
tx_en_o_LO~FF|CLK    EFX_FF       0.000             2.156            11911       (4,85) 

Data Path
     name        model name   delay (ns)  cumulative delay (ns) pins on net    location
=========================================================================================
tx_en_o_LO~FF|Q    EFX_FF       0.130             0.130              3          (4,85)
tx_en_o_LO         net          0.724             0.854              3          (4,85)
   Routing elements:
      Manhattan distance of X:4, Y:68
tx_en_o_HI         output       0.050             0.904              3          (0,17)
tx_en_o_HI         output       0.000             0.904              0          (0,17)

Capture Clock Path
         name           model name   delay (ns)  cumulative delay (ns) pins on net    location
================================================================================================
ge0_tx_clk                input        0.000             0.000              0         (112,0)
ge0_tx_clk                input        0.126             0.126              6         (112,0)
ge0_tx_clk                net          1.985             2.111              6         (112,0)
   Routing elements:
      Manhattan distance of X:112, Y:15
ge0_tx_clk~CLKOUT~1~15    output       0.050             2.161              6         (0,15) 
ge0_tx_clk~CLKOUT~1~15    output       0.000             2.161              0         (0,15) 

++++ Path 4 ++++++++++++++++++++++++++++++++++++++++++++++++++++++++++++++++++++

Path Begin    : txd_lo_o[0]~FF|CLK                  
Path End      : txd_lo_o[0]                         
Launch Clock  : rxc (RISE)                          
Capture Clock : ge0_tx_clk (RISE)                   
Slack         : 0.926 (required time - arrival time)
Delay         : 0.521                               

Logic Level             : 0
Non-global nets on path : 1
Global nets on path     : 0

Launch Clock Path Delay        : 2.156
+ Clock To Q + Data Path Delay : 0.651
--------------------------------------
End-of-path arrival time       : 2.807

Constraint                     : 2.000
+ Capture Clock Path Delay     : 2.161
- Clock Uncertainty            : 0.126
- Output Delay                 : 0.302
--------------------------------------
End-of-path required time      : 3.733

Launch Clock Path
       name         model name   delay (ns)  cumulative delay (ns) pins on net    location
============================================================================================
rxc                   input        0.000             0.000                0       (0,160)
rxc                   input        0.126             0.126            11911       (0,160)
rxc                   net          2.030             2.156            11911       (0,160)
   Routing elements:
      Manhattan distance of X:5, Y:31
txd_lo_o[0]~FF|CLK    EFX_FF       0.000             2.156            11911       (5,129)

Data Path
      name        model name   delay (ns)  cumulative delay (ns) pins on net    location
==========================================================================================
txd_lo_o[0]~FF|Q    EFX_FF       0.130             0.130              2         (5,129)
txd_lo_o[0]         net          0.471             0.601              2         (5,129)
   Routing elements:
      Manhattan distance of X:5, Y:17
txd_lo_o[0]         output       0.050             0.651              2         (0,112)
txd_lo_o[0]         output       0.000             0.651              0         (0,112)

Capture Clock Path
         name            model name   delay (ns)  cumulative delay (ns) pins on net    location
=================================================================================================
ge0_tx_clk                 input        0.000             0.000              0         (112,0)
ge0_tx_clk                 input        0.126             0.126              6         (112,0)
ge0_tx_clk                 net          1.985             2.111              6         (112,0)
   Routing elements:
      Manhattan distance of X:112, Y:114
ge0_tx_clk~CLKOUT~1~114    output       0.050             2.161              6         (0,114)
ge0_tx_clk~CLKOUT~1~114    output       0.000             2.161              0         (0,114)

++++ Path 5 ++++++++++++++++++++++++++++++++++++++++++++++++++++++++++++++++++++

Path Begin    : txd_hi_o[0]~FF|CLK                  
Path End      : txd_hi_o[0]                         
Launch Clock  : rxc (RISE)                          
Capture Clock : ge0_tx_clk (RISE)                   
Slack         : 0.963 (required time - arrival time)
Delay         : 0.484                               

Logic Level             : 0
Non-global nets on path : 1
Global nets on path     : 0

Launch Clock Path Delay        : 2.156
+ Clock To Q + Data Path Delay : 0.614
--------------------------------------
End-of-path arrival time       : 2.770

Constraint                     : 2.000
+ Capture Clock Path Delay     : 2.161
- Clock Uncertainty            : 0.126
- Output Delay                 : 0.302
--------------------------------------
End-of-path required time      : 3.733

Launch Clock Path
       name         model name   delay (ns)  cumulative delay (ns) pins on net    location
============================================================================================
rxc                   input        0.000             0.000                0       (0,160)
rxc                   input        0.126             0.126            11911       (0,160)
rxc                   net          2.030             2.156            11911       (0,160)
   Routing elements:
      Manhattan distance of X:2, Y:44
txd_hi_o[0]~FF|CLK    EFX_FF       0.000             2.156            11911       (2,116)

Data Path
      name        model name   delay (ns)  cumulative delay (ns) pins on net    location
==========================================================================================
txd_hi_o[0]~FF|Q    EFX_FF       0.130             0.130              2         (2,116)
txd_hi_o[0]         net          0.434             0.564              2         (2,116)
   Routing elements:
      Manhattan distance of X:2, Y:4
txd_hi_o[0]         output       0.050             0.614              2         (0,112)
txd_hi_o[0]         output       0.000             0.614              0         (0,112)

Capture Clock Path
         name            model name   delay (ns)  cumulative delay (ns) pins on net    location
=================================================================================================
ge0_tx_clk                 input        0.000             0.000              0         (112,0)
ge0_tx_clk                 input        0.126             0.126              6         (112,0)
ge0_tx_clk                 net          1.985             2.111              6         (112,0)
   Routing elements:
      Manhattan distance of X:112, Y:114
ge0_tx_clk~CLKOUT~1~114    output       0.050             2.161              6         (0,114)
ge0_tx_clk~CLKOUT~1~114    output       0.000             2.161              0         (0,114)

++++ Path 6 ++++++++++++++++++++++++++++++++++++++++++++++++++++++++++++++++++++

Path Begin    : txd_hi_o[1]~FF|CLK                  
Path End      : txd_hi_o[1]                         
Launch Clock  : rxc (RISE)                          
Capture Clock : ge0_tx_clk (RISE)                   
Slack         : 1.165 (required time - arrival time)
Delay         : 0.282                               

Logic Level             : 0
Non-global nets on path : 1
Global nets on path     : 0

Launch Clock Path Delay        : 2.156
+ Clock To Q + Data Path Delay : 0.412
--------------------------------------
End-of-path arrival time       : 2.568

Constraint                     : 2.000
+ Capture Clock Path Delay     : 2.161
- Clock Uncertainty            : 0.126
- Output Delay                 : 0.302
--------------------------------------
End-of-path required time      : 3.733

Launch Clock Path
       name         model name   delay (ns)  cumulative delay (ns) pins on net    location
============================================================================================
rxc                   input        0.000             0.000                0       (0,160)
rxc                   input        0.126             0.126            11911       (0,160)
rxc                   net          2.030             2.156            11911       (0,160)
   Routing elements:
      Manhattan distance of X:2, Y:64
txd_hi_o[1]~FF|CLK    EFX_FF       0.000             2.156            11911       (2,96) 

Data Path
      name        model name   delay (ns)  cumulative delay (ns) pins on net    location
==========================================================================================
txd_hi_o[1]~FF|Q    EFX_FF       0.130             0.130              2          (2,96)
txd_hi_o[1]         net          0.232             0.362              2          (2,96)
   Routing elements:
      Manhattan distance of X:2, Y:0
txd_hi_o[1]         output       0.050             0.412              2          (0,96)
txd_hi_o[1]         output       0.000             0.412              0          (0,96)

Capture Clock Path
         name           model name   delay (ns)  cumulative delay (ns) pins on net    location
================================================================================================
ge0_tx_clk                input        0.000             0.000              0         (112,0)
ge0_tx_clk                input        0.126             0.126              6         (112,0)
ge0_tx_clk                net          1.985             2.111              6         (112,0)
   Routing elements:
      Manhattan distance of X:112, Y:97
ge0_tx_clk~CLKOUT~1~97    output       0.050             2.161              6         (0,97) 
ge0_tx_clk~CLKOUT~1~97    output       0.000             2.161              0         (0,97) 

################################################################################
Path Detail Report (core_clk vs core_clk)
################################################################################


++++ Path 1 ++++++++++++++++++++++++++++++++++++++++++++++++++++++++++++++++++++

Path Begin    : sapphire/u_efinix_2d_gpu/render/queue/queue/ram_ext/Memory__D$f12|RCLK
Path End      : sapphire/u_efinix_2d_gpu/render/headError[1]~FF_rt_27|D               
Launch Clock  : core_clk (RISE)                                                       
Capture Clock : core_clk (RISE)                                                       
Slack         : 2.104 (required time - arrival time)                                  
Delay         : 6.406                                                                 

Logic Level             : 23
Non-global nets on path : 24
Global nets on path     :  0

Launch Clock Path Delay        : 2.104
+ Clock To Q + Data Path Delay : 7.770
--------------------------------------
End-of-path arrival time       : 9.874

Constraint                     : 10.000
+ Capture Clock Path Delay     :  2.104
- Clock Uncertainty            :  0.126
---------------------------------------
End-of-path required time      : 11.978

Launch Clock Path
                                 name                                   model name   delay (ns)  cumulative delay (ns) pins on net    location
================================================================================================================================================
core_clk                                                                input          0.000             0.000                0      (0,162)  
core_clk                                                                input          0.126             0.126            15353      (0,162)  
core_clk                                                                net            1.978             2.104            15353      (0,162)  
   Routing elements:
      Manhattan distance of X:117, Y:20
sapphire/u_efinix_2d_gpu/render/queue/queue/ram_ext/Memory__D$f12|RCLK  EFX_RAM10      0.000             2.104            15353      (117,142)

Data Path
                                   name                                     model name   delay (ns)  cumulative delay (ns) pins on net    location
====================================================================================================================================================
sapphire/u_efinix_2d_gpu/render/queue/queue/ram_ext/Memory__D$f12|RDATA[4]  EFX_RAM10      1.361             1.361              2        (117,142)
n1183                                                                       net            0.205             1.566              2        (117,142)
   Routing elements:
      Manhattan distance of X:8, Y:14
LUT__135476|in[1]                                                           EFX_LUT4       0.061             1.627              2        (109,156)
LUT__135476|out                                                             EFX_LUT4       0.000             1.627              5        (109,156)
n1184                                                                       net            0.266             1.893              5        (109,156)
   Routing elements:
      Manhattan distance of X:5, Y:0
LUT__135477|in[2]                                                           EFX_LUT4       0.063             1.956              5        (114,156)
LUT__135477|out                                                             EFX_LUT4       0.000             1.956              5        (114,156)
n68007                                                                      net            0.149             2.105              5        (114,156)
   Routing elements:
      Manhattan distance of X:2, Y:0
LUT__135478|in[2]                                                           EFX_LUT4       0.061             2.166              5        (116,156)
LUT__135478|out                                                             EFX_LUT4       0.000             2.166              4        (116,156)
n68008                                                                      net            0.061             2.227              4        (116,156)
   Routing elements:
      Manhattan distance of X:0, Y:1
LUT__137035|in[1]                                                           EFX_LUT4       0.061             2.288              4        (116,155)
LUT__137035|out                                                             EFX_LUT4       0.000             2.288              3        (116,155)
n68743                                                                      net            0.130             2.418              3        (116,155)
   Routing elements:
      Manhattan distance of X:3, Y:0
LUT__137037|in[1]                                                           EFX_LUT4       0.061             2.479              3        (119,155)
LUT__137037|out                                                             EFX_LUT4       0.000             2.479              4        (119,155)
n68744                                                                      net            0.240             2.719              4        (119,155)
   Routing elements:
      Manhattan distance of X:5, Y:1
LUT__137040|in[2]                                                           EFX_LUT4       0.061             2.780              4        (124,156)
LUT__137040|out                                                             EFX_LUT4       0.000             2.780              5        (124,156)
sapphire/u_efinix_2d_gpu/render/validator/n2774                             net            0.259             3.039              5        (124,156)
   Routing elements:
      Manhattan distance of X:1, Y:14
sapphire/u_efinix_2d_gpu/render/validator/mult_136_pp_0x0|A[14]             EFX_DSP48      1.312             4.351              5        (123,142)
sapphire/u_efinix_2d_gpu/render/validator/mult_136_pp_0x0|O[0]              EFX_DSP48      0.000             4.351              2        (123,142)
sapphire/u_efinix_2d_gpu/render/validator/n1372                             net            0.434             4.785              2        (123,142)
   Routing elements:
      Manhattan distance of X:1, Y:3
sapphire/u_efinix_2d_gpu/render/validator/add_137/i1|I1                     EFX_ADD        0.057             4.842              2        (122,139)
sapphire/u_efinix_2d_gpu/render/validator/add_137/i1|CO                     EFX_ADD        0.000             4.842              2        (122,139)
sapphire/u_efinix_2d_gpu/render/validator/add_137/n2                        net            0.000             4.842              2        (122,139)
   Routing elements:
      Manhattan distance of X:0, Y:1
sapphire/u_efinix_2d_gpu/render/validator/add_137/i2|CI                     EFX_ADD        0.024             4.866              2        (122,140)
sapphire/u_efinix_2d_gpu/render/validator/add_137/i2|CO                     EFX_ADD        0.000             4.866              2        (122,140)
sapphire/u_efinix_2d_gpu/render/validator/add_137/n4                        net            0.000             4.866              2        (122,140)
   Routing elements:
      Manhattan distance of X:0, Y:1
sapphire/u_efinix_2d_gpu/render/validator/add_137/i3|CI                     EFX_ADD        0.024             4.890              2        (122,141)
sapphire/u_efinix_2d_gpu/render/validator/add_137/i3|CO                     EFX_ADD        0.000             4.890              2        (122,141)
sapphire/u_efinix_2d_gpu/render/validator/add_137/n6                        net            0.000             4.890              2        (122,141)
   Routing elements:
      Manhattan distance of X:0, Y:1
sapphire/u_efinix_2d_gpu/render/validator/add_137/i4|CI                     EFX_ADD        0.024             4.914              2        (122,142)
sapphire/u_efinix_2d_gpu/render/validator/add_137/i4|CO                     EFX_ADD        0.000             4.914              2        (122,142)
sapphire/u_efinix_2d_gpu/render/validator/add_137/n8                        net            0.000             4.914              2        (122,142)
   Routing elements:
      Manhattan distance of X:0, Y:1
sapphire/u_efinix_2d_gpu/render/validator/add_137/i5|CI                     EFX_ADD        0.024             4.938              2        (122,143)
sapphire/u_efinix_2d_gpu/render/validator/add_137/i5|CO                     EFX_ADD        0.000             4.938              2        (122,143)
sapphire/u_efinix_2d_gpu/render/validator/add_137/n10                       net            0.000             4.938              2        (122,143)
   Routing elements:
      Manhattan distance of X:0, Y:1
sapphire/u_efinix_2d_gpu/render/validator/add_137/i6|CI                     EFX_ADD        0.024             4.962              2        (122,144)
sapphire/u_efinix_2d_gpu/render/validator/add_137/i6|CO                     EFX_ADD        0.000             4.962              2        (122,144)
sapphire/u_efinix_2d_gpu/render/validator/add_137/n12                       net            0.000             4.962              2        (122,144)
   Routing elements:
      Manhattan distance of X:0, Y:1
sapphire/u_efinix_2d_gpu/render/validator/add_137/i7|CI                     EFX_ADD        0.024             4.986              2        (122,145)
sapphire/u_efinix_2d_gpu/render/validator/add_137/i7|CO                     EFX_ADD        0.000             4.986              2        (122,145)
sapphire/u_efinix_2d_gpu/render/validator/add_137/n14                       net            0.000             4.986              2        (122,145)
   Routing elements:
      Manhattan distance of X:0, Y:1
sapphire/u_efinix_2d_gpu/render/validator/add_137/i8|CI                     EFX_ADD        0.024             5.010              2        (122,146)
sapphire/u_efinix_2d_gpu/render/validator/add_137/i8|CO                     EFX_ADD        0.000             5.010              2        (122,146)
sapphire/u_efinix_2d_gpu/render/validator/add_137/n16                       net            0.000             5.010              2        (122,146)
   Routing elements:
      Manhattan distance of X:0, Y:1
sapphire/u_efinix_2d_gpu/render/validator/add_137/i9|CI                     EFX_ADD        0.024             5.034              2        (122,147)
sapphire/u_efinix_2d_gpu/render/validator/add_137/i9|CO                     EFX_ADD        0.000             5.034              2        (122,147)
sapphire/u_efinix_2d_gpu/render/validator/add_137/n18                       net            0.000             5.034              2        (122,147)
   Routing elements:
      Manhattan distance of X:0, Y:1
sapphire/u_efinix_2d_gpu/render/validator/add_137/i10|CI                    EFX_ADD        0.097             5.131              2        (122,148)
sapphire/u_efinix_2d_gpu/render/validator/add_137/i10|O                     EFX_ADD        0.000             5.131              6        (122,148)
sapphire/u_efinix_2d_gpu/render/validator/_dstEnd_T_5[9]                    net            0.485             5.616              6        (122,148)
   Routing elements:
      Manhattan distance of X:14, Y:4
LUT__137842|in[2]                                                           EFX_LUT4       0.061             5.677              6        (136,144)
LUT__137842|out                                                             EFX_LUT4       0.000             5.677              2        (136,144)
n69063                                                                      net            0.216             5.893              2        (136,144)
   Routing elements:
      Manhattan distance of X:6, Y:0
LUT__137843|in[3]                                                           EFX_LUT4       0.061             5.954              2        (130,144)
LUT__137843|out                                                             EFX_LUT4       0.000             5.954              2        (130,144)
n69064                                                                      net            0.517             6.471              2        (130,144)
   Routing elements:
      Manhattan distance of X:13, Y:9
LUT__137844|in[0]                                                           EFX_LUT4       0.061             6.532              2        (143,153)
LUT__137844|out                                                             EFX_LUT4       0.000             6.532              2        (143,153)
n69065                                                                      net            0.194             6.726              2        (143,153)
   Routing elements:
      Manhattan distance of X:0, Y:5
LUT__137848|in[2]                                                           EFX_LUT4       0.061             6.787              2        (143,148)
LUT__137848|out                                                             EFX_LUT4       0.000             6.787              2        (143,148)
n69069                                                                      net            0.562             7.349              2        (143,148)
   Routing elements:
      Manhattan distance of X:12, Y:24
LUT__137860|in[0]                                                           EFX_LUT4       0.061             7.410              2        (131,172)
LUT__137860|out                                                             EFX_LUT4       0.000             7.410              2        (131,172)
n69081                                                                      net            0.294             7.704              2        (131,172)
   Routing elements:
      Manhattan distance of X:10, Y:5
LUT__137905|in[1]                                                           EFX_LUT4       0.063             7.767              2        (141,167)
LUT__137905|out                                                             EFX_LUT4       0.000             7.767              2        (141,167)
n69126                                                                      net            0.000             7.767              2        (141,167)
sapphire/u_efinix_2d_gpu/render/headError[1]~FF_rt_27|D                     EFX_FF         0.003             7.770              2        (141,167)

Capture Clock Path
                          name                             model name   delay (ns)  cumulative delay (ns) pins on net    location
===================================================================================================================================
core_clk                                                     input        0.000             0.000                0      (0,162)  
core_clk                                                     input        0.126             0.126            15353      (0,162)  
core_clk                                                     net          1.978             2.104            15353      (0,162)  
   Routing elements:
      Manhattan distance of X:141, Y:5
sapphire/u_efinix_2d_gpu/render/headError[1]~FF_rt_27|CLK    EFX_FF       0.000             2.104            15353      (141,167)

++++ Path 2 ++++++++++++++++++++++++++++++++++++++++++++++++++++++++++++++++++++

Path Begin    : sapphire/u_efinix_2d_gpu/render/queue/queue/ram_ext/Memory__D$f12|RCLK
Path End      : sapphire/u_efinix_2d_gpu/render/headError[1]~FF_rt_27|D               
Launch Clock  : core_clk (RISE)                                                       
Capture Clock : core_clk (RISE)                                                       
Slack         : 2.117 (required time - arrival time)                                  
Delay         : 6.393                                                                 

Logic Level             : 23
Non-global nets on path : 24
Global nets on path     :  0

Launch Clock Path Delay        : 2.104
+ Clock To Q + Data Path Delay : 7.757
--------------------------------------
End-of-path arrival time       : 9.861

Constraint                     : 10.000
+ Capture Clock Path Delay     :  2.104
- Clock Uncertainty            :  0.126
---------------------------------------
End-of-path required time      : 11.978

Launch Clock Path
                                 name                                   model name   delay (ns)  cumulative delay (ns) pins on net    location
================================================================================================================================================
core_clk                                                                input          0.000             0.000                0      (0,162)  
core_clk                                                                input          0.126             0.126            15353      (0,162)  
core_clk                                                                net            1.978             2.104            15353      (0,162)  
   Routing elements:
      Manhattan distance of X:117, Y:20
sapphire/u_efinix_2d_gpu/render/queue/queue/ram_ext/Memory__D$f12|RCLK  EFX_RAM10      0.000             2.104            15353      (117,142)

Data Path
                                   name                                     model name   delay (ns)  cumulative delay (ns) pins on net    location
====================================================================================================================================================
sapphire/u_efinix_2d_gpu/render/queue/queue/ram_ext/Memory__D$f12|RDATA[4]  EFX_RAM10      1.361             1.361              2        (117,142)
n1183                                                                       net            0.205             1.566              2        (117,142)
   Routing elements:
      Manhattan distance of X:8, Y:14
LUT__135476|in[1]                                                           EFX_LUT4       0.061             1.627              2        (109,156)
LUT__135476|out                                                             EFX_LUT4       0.000             1.627              5        (109,156)
n1184                                                                       net            0.266             1.893              5        (109,156)
   Routing elements:
      Manhattan distance of X:5, Y:0
LUT__135477|in[2]                                                           EFX_LUT4       0.063             1.956              5        (114,156)
LUT__135477|out                                                             EFX_LUT4       0.000             1.956              5        (114,156)
n68007                                                                      net            0.149             2.105              5        (114,156)
   Routing elements:
      Manhattan distance of X:2, Y:0
LUT__135478|in[2]                                                           EFX_LUT4       0.061             2.166              5        (116,156)
LUT__135478|out                                                             EFX_LUT4       0.000             2.166              4        (116,156)
n68008                                                                      net            0.061             2.227              4        (116,156)
   Routing elements:
      Manhattan distance of X:0, Y:1
LUT__137035|in[1]                                                           EFX_LUT4       0.061             2.288              4        (116,155)
LUT__137035|out                                                             EFX_LUT4       0.000             2.288              3        (116,155)
n68743                                                                      net            0.130             2.418              3        (116,155)
   Routing elements:
      Manhattan distance of X:3, Y:0
LUT__137037|in[1]                                                           EFX_LUT4       0.061             2.479              3        (119,155)
LUT__137037|out                                                             EFX_LUT4       0.000             2.479              4        (119,155)
n68744                                                                      net            0.227             2.706              4        (119,155)
   Routing elements:
      Manhattan distance of X:5, Y:0
LUT__137039|in[1]                                                           EFX_LUT4       0.061             2.767              4        (124,155)
LUT__137039|out                                                             EFX_LUT4       0.000             2.767              5        (124,155)
sapphire/u_efinix_2d_gpu/render/validator/n2769                             net            0.259             3.026              5        (124,155)
   Routing elements:
      Manhattan distance of X:1, Y:13
sapphire/u_efinix_2d_gpu/render/validator/mult_136_pp_0x0|A[13]             EFX_DSP48      1.312             4.338              5        (123,142)
sapphire/u_efinix_2d_gpu/render/validator/mult_136_pp_0x0|O[0]              EFX_DSP48      0.000             4.338              2        (123,142)
sapphire/u_efinix_2d_gpu/render/validator/n1372                             net            0.434             4.772              2        (123,142)
   Routing elements:
      Manhattan distance of X:1, Y:3
sapphire/u_efinix_2d_gpu/render/validator/add_137/i1|I1                     EFX_ADD        0.057             4.829              2        (122,139)
sapphire/u_efinix_2d_gpu/render/validator/add_137/i1|CO                     EFX_ADD        0.000             4.829              2        (122,139)
sapphire/u_efinix_2d_gpu/render/validator/add_137/n2                        net            0.000             4.829              2        (122,139)
   Routing elements:
      Manhattan distance of X:0, Y:1
sapphire/u_efinix_2d_gpu/render/validator/add_137/i2|CI                     EFX_ADD        0.024             4.853              2        (122,140)
sapphire/u_efinix_2d_gpu/render/validator/add_137/i2|CO                     EFX_ADD        0.000             4.853              2        (122,140)
sapphire/u_efinix_2d_gpu/render/validator/add_137/n4                        net            0.000             4.853              2        (122,140)
   Routing elements:
      Manhattan distance of X:0, Y:1
sapphire/u_efinix_2d_gpu/render/validator/add_137/i3|CI                     EFX_ADD        0.024             4.877              2        (122,141)
sapphire/u_efinix_2d_gpu/render/validator/add_137/i3|CO                     EFX_ADD        0.000             4.877              2        (122,141)
sapphire/u_efinix_2d_gpu/render/validator/add_137/n6                        net            0.000             4.877              2        (122,141)
   Routing elements:
      Manhattan distance of X:0, Y:1
sapphire/u_efinix_2d_gpu/render/validator/add_137/i4|CI                     EFX_ADD        0.024             4.901              2        (122,142)
sapphire/u_efinix_2d_gpu/render/validator/add_137/i4|CO                     EFX_ADD        0.000             4.901              2        (122,142)
sapphire/u_efinix_2d_gpu/render/validator/add_137/n8                        net            0.000             4.901              2        (122,142)
   Routing elements:
      Manhattan distance of X:0, Y:1
sapphire/u_efinix_2d_gpu/render/validator/add_137/i5|CI                     EFX_ADD        0.024             4.925              2        (122,143)
sapphire/u_efinix_2d_gpu/render/validator/add_137/i5|CO                     EFX_ADD        0.000             4.925              2        (122,143)
sapphire/u_efinix_2d_gpu/render/validator/add_137/n10                       net            0.000             4.925              2        (122,143)
   Routing elements:
      Manhattan distance of X:0, Y:1
sapphire/u_efinix_2d_gpu/render/validator/add_137/i6|CI                     EFX_ADD        0.024             4.949              2        (122,144)
sapphire/u_efinix_2d_gpu/render/validator/add_137/i6|CO                     EFX_ADD        0.000             4.949              2        (122,144)
sapphire/u_efinix_2d_gpu/render/validator/add_137/n12                       net            0.000             4.949              2        (122,144)
   Routing elements:
      Manhattan distance of X:0, Y:1
sapphire/u_efinix_2d_gpu/render/validator/add_137/i7|CI                     EFX_ADD        0.024             4.973              2        (122,145)
sapphire/u_efinix_2d_gpu/render/validator/add_137/i7|CO                     EFX_ADD        0.000             4.973              2        (122,145)
sapphire/u_efinix_2d_gpu/render/validator/add_137/n14                       net            0.000             4.973              2        (122,145)
   Routing elements:
      Manhattan distance of X:0, Y:1
sapphire/u_efinix_2d_gpu/render/validator/add_137/i8|CI                     EFX_ADD        0.024             4.997              2        (122,146)
sapphire/u_efinix_2d_gpu/render/validator/add_137/i8|CO                     EFX_ADD        0.000             4.997              2        (122,146)
sapphire/u_efinix_2d_gpu/render/validator/add_137/n16                       net            0.000             4.997              2        (122,146)
   Routing elements:
      Manhattan distance of X:0, Y:1
sapphire/u_efinix_2d_gpu/render/validator/add_137/i9|CI                     EFX_ADD        0.024             5.021              2        (122,147)
sapphire/u_efinix_2d_gpu/render/validator/add_137/i9|CO                     EFX_ADD        0.000             5.021              2        (122,147)
sapphire/u_efinix_2d_gpu/render/validator/add_137/n18                       net            0.000             5.021              2        (122,147)
   Routing elements:
      Manhattan distance of X:0, Y:1
sapphire/u_efinix_2d_gpu/render/validator/add_137/i10|CI                    EFX_ADD        0.097             5.118              2        (122,148)
sapphire/u_efinix_2d_gpu/render/validator/add_137/i10|O                     EFX_ADD        0.000             5.118              6        (122,148)
sapphire/u_efinix_2d_gpu/render/validator/_dstEnd_T_5[9]                    net            0.485             5.603              6        (122,148)
   Routing elements:
      Manhattan distance of X:14, Y:4
LUT__137842|in[2]                                                           EFX_LUT4       0.061             5.664              6        (136,144)
LUT__137842|out                                                             EFX_LUT4       0.000             5.664              2        (136,144)
n69063                                                                      net            0.216             5.880              2        (136,144)
   Routing elements:
      Manhattan distance of X:6, Y:0
LUT__137843|in[3]                                                           EFX_LUT4       0.061             5.941              2        (130,144)
LUT__137843|out                                                             EFX_LUT4       0.000             5.941              2        (130,144)
n69064                                                                      net            0.517             6.458              2        (130,144)
   Routing elements:
      Manhattan distance of X:13, Y:9
LUT__137844|in[0]                                                           EFX_LUT4       0.061             6.519              2        (143,153)
LUT__137844|out                                                             EFX_LUT4       0.000             6.519              2        (143,153)
n69065                                                                      net            0.194             6.713              2        (143,153)
   Routing elements:
      Manhattan distance of X:0, Y:5
LUT__137848|in[2]                                                           EFX_LUT4       0.061             6.774              2        (143,148)
LUT__137848|out                                                             EFX_LUT4       0.000             6.774              2        (143,148)
n69069                                                                      net            0.562             7.336              2        (143,148)
   Routing elements:
      Manhattan distance of X:12, Y:24
LUT__137860|in[0]                                                           EFX_LUT4       0.061             7.397              2        (131,172)
LUT__137860|out                                                             EFX_LUT4       0.000             7.397              2        (131,172)
n69081                                                                      net            0.294             7.691              2        (131,172)
   Routing elements:
      Manhattan distance of X:10, Y:5
LUT__137905|in[1]                                                           EFX_LUT4       0.063             7.754              2        (141,167)
LUT__137905|out                                                             EFX_LUT4       0.000             7.754              2        (141,167)
n69126                                                                      net            0.000             7.754              2        (141,167)
sapphire/u_efinix_2d_gpu/render/headError[1]~FF_rt_27|D                     EFX_FF         0.003             7.757              2        (141,167)

Capture Clock Path
                          name                             model name   delay (ns)  cumulative delay (ns) pins on net    location
===================================================================================================================================
core_clk                                                     input        0.000             0.000                0      (0,162)  
core_clk                                                     input        0.126             0.126            15353      (0,162)  
core_clk                                                     net          1.978             2.104            15353      (0,162)  
   Routing elements:
      Manhattan distance of X:141, Y:5
sapphire/u_efinix_2d_gpu/render/headError[1]~FF_rt_27|CLK    EFX_FF       0.000             2.104            15353      (141,167)

++++ Path 3 ++++++++++++++++++++++++++++++++++++++++++++++++++++++++++++++++++++

Path Begin    : sapphire/u_efinix_2d_gpu/render/queue/queue/ram_ext/Memory__D$c12|RCLK
Path End      : sapphire/u_efinix_2d_gpu/render/headError[1]~FF_rt_27|D               
Launch Clock  : core_clk (RISE)                                                       
Capture Clock : core_clk (RISE)                                                       
Slack         : 2.120 (required time - arrival time)                                  
Delay         : 6.390                                                                 

Logic Level             : 19
Non-global nets on path : 20
Global nets on path     :  0

Launch Clock Path Delay        : 2.104
+ Clock To Q + Data Path Delay : 7.754
--------------------------------------
End-of-path arrival time       : 9.858

Constraint                     : 10.000
+ Capture Clock Path Delay     :  2.104
- Clock Uncertainty            :  0.126
---------------------------------------
End-of-path required time      : 11.978

Launch Clock Path
                                 name                                   model name   delay (ns)  cumulative delay (ns) pins on net    location
================================================================================================================================================
core_clk                                                                input          0.000             0.000                0      (0,162)  
core_clk                                                                input          0.126             0.126            15353      (0,162)  
core_clk                                                                net            1.978             2.104            15353      (0,162)  
   Routing elements:
      Manhattan distance of X:102, Y:20
sapphire/u_efinix_2d_gpu/render/queue/queue/ram_ext/Memory__D$c12|RCLK  EFX_RAM10      0.000             2.104            15353      (102,142)

Data Path
                                   name                                     model name   delay (ns)  cumulative delay (ns) pins on net    location
====================================================================================================================================================
sapphire/u_efinix_2d_gpu/render/queue/queue/ram_ext/Memory__D$c12|RDATA[7]  EFX_RAM10      1.361             1.361              2        (102,142)
n1381                                                                       net            0.403             1.764              2        (102,142)
   Routing elements:
      Manhattan distance of X:3, Y:9
LUT__135582|in[3]                                                           EFX_LUT4       0.063             1.827              2        (105,151)
LUT__135582|out                                                             EFX_LUT4       0.000             1.827              3        (105,151)
n68082                                                                      net            0.481             2.308              3        (105,151)
   Routing elements:
      Manhattan distance of X:10, Y:7
LUT__135584|in[0]                                                           EFX_LUT4       0.061             2.369              3        (115,144)
LUT__135584|out                                                             EFX_LUT4       0.000             2.369              5        (115,144)
n1382                                                                       net            0.649             3.018              5        (115,144)
   Routing elements:
      Manhattan distance of X:8, Y:2
sapphire/u_efinix_2d_gpu/render/validator/mult_136_pp_0x0|B[11]             EFX_DSP48      1.317             4.335              5        (123,142)
sapphire/u_efinix_2d_gpu/render/validator/mult_136_pp_0x0|O[0]              EFX_DSP48      0.000             4.335              2        (123,142)
sapphire/u_efinix_2d_gpu/render/validator/n1372                             net            0.434             4.769              2        (123,142)
   Routing elements:
      Manhattan distance of X:1, Y:3
sapphire/u_efinix_2d_gpu/render/validator/add_137/i1|I1                     EFX_ADD        0.057             4.826              2        (122,139)
sapphire/u_efinix_2d_gpu/render/validator/add_137/i1|CO                     EFX_ADD        0.000             4.826              2        (122,139)
sapphire/u_efinix_2d_gpu/render/validator/add_137/n2                        net            0.000             4.826              2        (122,139)
   Routing elements:
      Manhattan distance of X:0, Y:1
sapphire/u_efinix_2d_gpu/render/validator/add_137/i2|CI                     EFX_ADD        0.024             4.850              2        (122,140)
sapphire/u_efinix_2d_gpu/render/validator/add_137/i2|CO                     EFX_ADD        0.000             4.850              2        (122,140)
sapphire/u_efinix_2d_gpu/render/validator/add_137/n4                        net            0.000             4.850              2        (122,140)
   Routing elements:
      Manhattan distance of X:0, Y:1
sapphire/u_efinix_2d_gpu/render/validator/add_137/i3|CI                     EFX_ADD        0.024             4.874              2        (122,141)
sapphire/u_efinix_2d_gpu/render/validator/add_137/i3|CO                     EFX_ADD        0.000             4.874              2        (122,141)
sapphire/u_efinix_2d_gpu/render/validator/add_137/n6                        net            0.000             4.874              2        (122,141)
   Routing elements:
      Manhattan distance of X:0, Y:1
sapphire/u_efinix_2d_gpu/render/validator/add_137/i4|CI                     EFX_ADD        0.024             4.898              2        (122,142)
sapphire/u_efinix_2d_gpu/render/validator/add_137/i4|CO                     EFX_ADD        0.000             4.898              2        (122,142)
sapphire/u_efinix_2d_gpu/render/validator/add_137/n8                        net            0.000             4.898              2        (122,142)
   Routing elements:
      Manhattan distance of X:0, Y:1
sapphire/u_efinix_2d_gpu/render/validator/add_137/i5|CI                     EFX_ADD        0.024             4.922              2        (122,143)
sapphire/u_efinix_2d_gpu/render/validator/add_137/i5|CO                     EFX_ADD        0.000             4.922              2        (122,143)
sapphire/u_efinix_2d_gpu/render/validator/add_137/n10                       net            0.000             4.922              2        (122,143)
   Routing elements:
      Manhattan distance of X:0, Y:1
sapphire/u_efinix_2d_gpu/render/validator/add_137/i6|CI                     EFX_ADD        0.024             4.946              2        (122,144)
sapphire/u_efinix_2d_gpu/render/validator/add_137/i6|CO                     EFX_ADD        0.000             4.946              2        (122,144)
sapphire/u_efinix_2d_gpu/render/validator/add_137/n12                       net            0.000             4.946              2        (122,144)
   Routing elements:
      Manhattan distance of X:0, Y:1
sapphire/u_efinix_2d_gpu/render/validator/add_137/i7|CI                     EFX_ADD        0.024             4.970              2        (122,145)
sapphire/u_efinix_2d_gpu/render/validator/add_137/i7|CO                     EFX_ADD        0.000             4.970              2        (122,145)
sapphire/u_efinix_2d_gpu/render/validator/add_137/n14                       net            0.000             4.970              2        (122,145)
   Routing elements:
      Manhattan distance of X:0, Y:1
sapphire/u_efinix_2d_gpu/render/validator/add_137/i8|CI                     EFX_ADD        0.024             4.994              2        (122,146)
sapphire/u_efinix_2d_gpu/render/validator/add_137/i8|CO                     EFX_ADD        0.000             4.994              2        (122,146)
sapphire/u_efinix_2d_gpu/render/validator/add_137/n16                       net            0.000             4.994              2        (122,146)
   Routing elements:
      Manhattan distance of X:0, Y:1
sapphire/u_efinix_2d_gpu/render/validator/add_137/i9|CI                     EFX_ADD        0.024             5.018              2        (122,147)
sapphire/u_efinix_2d_gpu/render/validator/add_137/i9|CO                     EFX_ADD        0.000             5.018              2        (122,147)
sapphire/u_efinix_2d_gpu/render/validator/add_137/n18                       net            0.000             5.018              2        (122,147)
   Routing elements:
      Manhattan distance of X:0, Y:1
sapphire/u_efinix_2d_gpu/render/validator/add_137/i10|CI                    EFX_ADD        0.097             5.115              2        (122,148)
sapphire/u_efinix_2d_gpu/render/validator/add_137/i10|O                     EFX_ADD        0.000             5.115              6        (122,148)
sapphire/u_efinix_2d_gpu/render/validator/_dstEnd_T_5[9]                    net            0.485             5.600              6        (122,148)
   Routing elements:
      Manhattan distance of X:14, Y:4
LUT__137842|in[2]                                                           EFX_LUT4       0.061             5.661              6        (136,144)
LUT__137842|out                                                             EFX_LUT4       0.000             5.661              2        (136,144)
n69063                                                                      net            0.216             5.877              2        (136,144)
   Routing elements:
      Manhattan distance of X:6, Y:0
LUT__137843|in[3]                                                           EFX_LUT4       0.061             5.938              2        (130,144)
LUT__137843|out                                                             EFX_LUT4       0.000             5.938              2        (130,144)
n69064                                                                      net            0.517             6.455              2        (130,144)
   Routing elements:
      Manhattan distance of X:13, Y:9
LUT__137844|in[0]                                                           EFX_LUT4       0.061             6.516              2        (143,153)
LUT__137844|out                                                             EFX_LUT4       0.000             6.516              2        (143,153)
n69065                                                                      net            0.194             6.710              2        (143,153)
   Routing elements:
      Manhattan distance of X:0, Y:5
LUT__137848|in[2]                                                           EFX_LUT4       0.061             6.771              2        (143,148)
LUT__137848|out                                                             EFX_LUT4       0.000             6.771              2        (143,148)
n69069                                                                      net            0.562             7.333              2        (143,148)
   Routing elements:
      Manhattan distance of X:12, Y:24
LUT__137860|in[0]                                                           EFX_LUT4       0.061             7.394              2        (131,172)
LUT__137860|out                                                             EFX_LUT4       0.000             7.394              2        (131,172)
n69081                                                                      net            0.294             7.688              2        (131,172)
   Routing elements:
      Manhattan distance of X:10, Y:5
LUT__137905|in[1]                                                           EFX_LUT4       0.063             7.751              2        (141,167)
LUT__137905|out                                                             EFX_LUT4       0.000             7.751              2        (141,167)
n69126                                                                      net            0.000             7.751              2        (141,167)
sapphire/u_efinix_2d_gpu/render/headError[1]~FF_rt_27|D                     EFX_FF         0.003             7.754              2        (141,167)

Capture Clock Path
                          name                             model name   delay (ns)  cumulative delay (ns) pins on net    location
===================================================================================================================================
core_clk                                                     input        0.000             0.000                0      (0,162)  
core_clk                                                     input        0.126             0.126            15353      (0,162)  
core_clk                                                     net          1.978             2.104            15353      (0,162)  
   Routing elements:
      Manhattan distance of X:141, Y:5
sapphire/u_efinix_2d_gpu/render/headError[1]~FF_rt_27|CLK    EFX_FF       0.000             2.104            15353      (141,167)

++++ Path 4 ++++++++++++++++++++++++++++++++++++++++++++++++++++++++++++++++++++

Path Begin    : sapphire/u_efinix_2d_gpu/render/queue/queue/ram_ext/Memory__D$f12|RCLK
Path End      : sapphire/u_efinix_2d_gpu/render/headError[1]~FF_rt_27|D               
Launch Clock  : core_clk (RISE)                                                       
Capture Clock : core_clk (RISE)                                                       
Slack         : 2.128 (required time - arrival time)                                  
Delay         : 6.382                                                                 

Logic Level             : 22
Non-global nets on path : 23
Global nets on path     :  0

Launch Clock Path Delay        : 2.104
+ Clock To Q + Data Path Delay : 7.746
--------------------------------------
End-of-path arrival time       : 9.850

Constraint                     : 10.000
+ Capture Clock Path Delay     :  2.104
- Clock Uncertainty            :  0.126
---------------------------------------
End-of-path required time      : 11.978

Launch Clock Path
                                 name                                   model name   delay (ns)  cumulative delay (ns) pins on net    location
================================================================================================================================================
core_clk                                                                input          0.000             0.000                0      (0,162)  
core_clk                                                                input          0.126             0.126            15353      (0,162)  
core_clk                                                                net            1.978             2.104            15353      (0,162)  
   Routing elements:
      Manhattan distance of X:117, Y:20
sapphire/u_efinix_2d_gpu/render/queue/queue/ram_ext/Memory__D$f12|RCLK  EFX_RAM10      0.000             2.104            15353      (117,142)

Data Path
                                   name                                     model name   delay (ns)  cumulative delay (ns) pins on net    location
====================================================================================================================================================
sapphire/u_efinix_2d_gpu/render/queue/queue/ram_ext/Memory__D$f12|RDATA[4]  EFX_RAM10      1.361             1.361              2        (117,142)
n1183                                                                       net            0.205             1.566              2        (117,142)
   Routing elements:
      Manhattan distance of X:8, Y:14
LUT__135476|in[1]                                                           EFX_LUT4       0.061             1.627              2        (109,156)
LUT__135476|out                                                             EFX_LUT4       0.000             1.627              5        (109,156)
n1184                                                                       net            0.266             1.893              5        (109,156)
   Routing elements:
      Manhattan distance of X:5, Y:0
LUT__135477|in[2]                                                           EFX_LUT4       0.063             1.956              5        (114,156)
LUT__135477|out                                                             EFX_LUT4       0.000             1.956              5        (114,156)
n68007                                                                      net            0.149             2.105              5        (114,156)
   Routing elements:
      Manhattan distance of X:2, Y:0
LUT__135478|in[2]                                                           EFX_LUT4       0.061             2.166              5        (116,156)
LUT__135478|out                                                             EFX_LUT4       0.000             2.166              4        (116,156)
n68008                                                                      net            0.061             2.227              4        (116,156)
   Routing elements:
      Manhattan distance of X:0, Y:1
LUT__137035|in[1]                                                           EFX_LUT4       0.061             2.288              4        (116,155)
LUT__137035|out                                                             EFX_LUT4       0.000             2.288              3        (116,155)
n68743                                                                      net            0.130             2.418              3        (116,155)
   Routing elements:
      Manhattan distance of X:3, Y:0
LUT__137037|in[1]                                                           EFX_LUT4       0.061             2.479              3        (119,155)
LUT__137037|out                                                             EFX_LUT4       0.000             2.479              4        (119,155)
n68744                                                                      net            0.240             2.719              4        (119,155)
   Routing elements:
      Manhattan distance of X:5, Y:1
LUT__137040|in[2]                                                           EFX_LUT4       0.061             2.780              4        (124,156)
LUT__137040|out                                                             EFX_LUT4       0.000             2.780              5        (124,156)
sapphire/u_efinix_2d_gpu/render/validator/n2774                             net            0.259             3.039              5        (124,156)
   Routing elements:
      Manhattan distance of X:1, Y:14
sapphire/u_efinix_2d_gpu/render/validator/mult_136_pp_0x0|A[14]             EFX_DSP48      1.312             4.351              5        (123,142)
sapphire/u_efinix_2d_gpu/render/validator/mult_136_pp_0x0|O[1]              EFX_DSP48      0.000             4.351              2        (123,142)
sapphire/u_efinix_2d_gpu/render/validator/n1371                             net            0.434             4.785              2        (123,142)
   Routing elements:
      Manhattan distance of X:1, Y:2
sapphire/u_efinix_2d_gpu/render/validator/add_137/i2|I1                     EFX_ADD        0.057             4.842              2        (122,140)
sapphire/u_efinix_2d_gpu/render/validator/add_137/i2|CO                     EFX_ADD        0.000             4.842              2        (122,140)
sapphire/u_efinix_2d_gpu/render/validator/add_137/n4                        net            0.000             4.842              2        (122,140)
   Routing elements:
      Manhattan distance of X:0, Y:1
sapphire/u_efinix_2d_gpu/render/validator/add_137/i3|CI                     EFX_ADD        0.024             4.866              2        (122,141)
sapphire/u_efinix_2d_gpu/render/validator/add_137/i3|CO                     EFX_ADD        0.000             4.866              2        (122,141)
sapphire/u_efinix_2d_gpu/render/validator/add_137/n6                        net            0.000             4.866              2        (122,141)
   Routing elements:
      Manhattan distance of X:0, Y:1
sapphire/u_efinix_2d_gpu/render/validator/add_137/i4|CI                     EFX_ADD        0.024             4.890              2        (122,142)
sapphire/u_efinix_2d_gpu/render/validator/add_137/i4|CO                     EFX_ADD        0.000             4.890              2        (122,142)
sapphire/u_efinix_2d_gpu/render/validator/add_137/n8                        net            0.000             4.890              2        (122,142)
   Routing elements:
      Manhattan distance of X:0, Y:1
sapphire/u_efinix_2d_gpu/render/validator/add_137/i5|CI                     EFX_ADD        0.024             4.914              2        (122,143)
sapphire/u_efinix_2d_gpu/render/validator/add_137/i5|CO                     EFX_ADD        0.000             4.914              2        (122,143)
sapphire/u_efinix_2d_gpu/render/validator/add_137/n10                       net            0.000             4.914              2        (122,143)
   Routing elements:
      Manhattan distance of X:0, Y:1
sapphire/u_efinix_2d_gpu/render/validator/add_137/i6|CI                     EFX_ADD        0.024             4.938              2        (122,144)
sapphire/u_efinix_2d_gpu/render/validator/add_137/i6|CO                     EFX_ADD        0.000             4.938              2        (122,144)
sapphire/u_efinix_2d_gpu/render/validator/add_137/n12                       net            0.000             4.938              2        (122,144)
   Routing elements:
      Manhattan distance of X:0, Y:1
sapphire/u_efinix_2d_gpu/render/validator/add_137/i7|CI                     EFX_ADD        0.024             4.962              2        (122,145)
sapphire/u_efinix_2d_gpu/render/validator/add_137/i7|CO                     EFX_ADD        0.000             4.962              2        (122,145)
sapphire/u_efinix_2d_gpu/render/validator/add_137/n14                       net            0.000             4.962              2        (122,145)
   Routing elements:
      Manhattan distance of X:0, Y:1
sapphire/u_efinix_2d_gpu/render/validator/add_137/i8|CI                     EFX_ADD        0.024             4.986              2        (122,146)
sapphire/u_efinix_2d_gpu/render/validator/add_137/i8|CO                     EFX_ADD        0.000             4.986              2        (122,146)
sapphire/u_efinix_2d_gpu/render/validator/add_137/n16                       net            0.000             4.986              2        (122,146)
   Routing elements:
      Manhattan distance of X:0, Y:1
sapphire/u_efinix_2d_gpu/render/validator/add_137/i9|CI                     EFX_ADD        0.024             5.010              2        (122,147)
sapphire/u_efinix_2d_gpu/render/validator/add_137/i9|CO                     EFX_ADD        0.000             5.010              2        (122,147)
sapphire/u_efinix_2d_gpu/render/validator/add_137/n18                       net            0.000             5.010              2        (122,147)
   Routing elements:
      Manhattan distance of X:0, Y:1
sapphire/u_efinix_2d_gpu/render/validator/add_137/i10|CI                    EFX_ADD        0.097             5.107              2        (122,148)
sapphire/u_efinix_2d_gpu/render/validator/add_137/i10|O                     EFX_ADD        0.000             5.107              6        (122,148)
sapphire/u_efinix_2d_gpu/render/validator/_dstEnd_T_5[9]                    net            0.485             5.592              6        (122,148)
   Routing elements:
      Manhattan distance of X:14, Y:4
LUT__137842|in[2]                                                           EFX_LUT4       0.061             5.653              6        (136,144)
LUT__137842|out                                                             EFX_LUT4       0.000             5.653              2        (136,144)
n69063                                                                      net            0.216             5.869              2        (136,144)
   Routing elements:
      Manhattan distance of X:6, Y:0
LUT__137843|in[3]                                                           EFX_LUT4       0.061             5.930              2        (130,144)
LUT__137843|out                                                             EFX_LUT4       0.000             5.930              2        (130,144)
n69064                                                                      net            0.517             6.447              2        (130,144)
   Routing elements:
      Manhattan distance of X:13, Y:9
LUT__137844|in[0]                                                           EFX_LUT4       0.061             6.508              2        (143,153)
LUT__137844|out                                                             EFX_LUT4       0.000             6.508              2        (143,153)
n69065                                                                      net            0.194             6.702              2        (143,153)
   Routing elements:
      Manhattan distance of X:0, Y:5
LUT__137848|in[2]                                                           EFX_LUT4       0.061             6.763              2        (143,148)
LUT__137848|out                                                             EFX_LUT4       0.000             6.763              2        (143,148)
n69069                                                                      net            0.562             7.325              2        (143,148)
   Routing elements:
      Manhattan distance of X:12, Y:24
LUT__137860|in[0]                                                           EFX_LUT4       0.061             7.386              2        (131,172)
LUT__137860|out                                                             EFX_LUT4       0.000             7.386              2        (131,172)
n69081                                                                      net            0.294             7.680              2        (131,172)
   Routing elements:
      Manhattan distance of X:10, Y:5
LUT__137905|in[1]                                                           EFX_LUT4       0.063             7.743              2        (141,167)
LUT__137905|out                                                             EFX_LUT4       0.000             7.743              2        (141,167)
n69126                                                                      net            0.000             7.743              2        (141,167)
sapphire/u_efinix_2d_gpu/render/headError[1]~FF_rt_27|D                     EFX_FF         0.003             7.746              2        (141,167)

Capture Clock Path
                          name                             model name   delay (ns)  cumulative delay (ns) pins on net    location
===================================================================================================================================
core_clk                                                     input        0.000             0.000                0      (0,162)  
core_clk                                                     input        0.126             0.126            15353      (0,162)  
core_clk                                                     net          1.978             2.104            15353      (0,162)  
   Routing elements:
      Manhattan distance of X:141, Y:5
sapphire/u_efinix_2d_gpu/render/headError[1]~FF_rt_27|CLK    EFX_FF       0.000             2.104            15353      (141,167)

++++ Path 5 ++++++++++++++++++++++++++++++++++++++++++++++++++++++++++++++++++++

Path Begin    : sapphire/u_efinix_2d_gpu/render/queue/queue/ram_ext/Memory__D$f12|RCLK
Path End      : sapphire/u_efinix_2d_gpu/render/headError[1]~FF_rt_27|D               
Launch Clock  : core_clk (RISE)                                                       
Capture Clock : core_clk (RISE)                                                       
Slack         : 2.141 (required time - arrival time)                                  
Delay         : 6.369                                                                 

Logic Level             : 22
Non-global nets on path : 23
Global nets on path     :  0

Launch Clock Path Delay        : 2.104
+ Clock To Q + Data Path Delay : 7.733
--------------------------------------
End-of-path arrival time       : 9.837

Constraint                     : 10.000
+ Capture Clock Path Delay     :  2.104
- Clock Uncertainty            :  0.126
---------------------------------------
End-of-path required time      : 11.978

Launch Clock Path
                                 name                                   model name   delay (ns)  cumulative delay (ns) pins on net    location
================================================================================================================================================
core_clk                                                                input          0.000             0.000                0      (0,162)  
core_clk                                                                input          0.126             0.126            15353      (0,162)  
core_clk                                                                net            1.978             2.104            15353      (0,162)  
   Routing elements:
      Manhattan distance of X:117, Y:20
sapphire/u_efinix_2d_gpu/render/queue/queue/ram_ext/Memory__D$f12|RCLK  EFX_RAM10      0.000             2.104            15353      (117,142)

Data Path
                                   name                                     model name   delay (ns)  cumulative delay (ns) pins on net    location
====================================================================================================================================================
sapphire/u_efinix_2d_gpu/render/queue/queue/ram_ext/Memory__D$f12|RDATA[4]  EFX_RAM10      1.361             1.361              2        (117,142)
n1183                                                                       net            0.205             1.566              2        (117,142)
   Routing elements:
      Manhattan distance of X:8, Y:14
LUT__135476|in[1]                                                           EFX_LUT4       0.061             1.627              2        (109,156)
LUT__135476|out                                                             EFX_LUT4       0.000             1.627              5        (109,156)
n1184                                                                       net            0.266             1.893              5        (109,156)
   Routing elements:
      Manhattan distance of X:5, Y:0
LUT__135477|in[2]                                                           EFX_LUT4       0.063             1.956              5        (114,156)
LUT__135477|out                                                             EFX_LUT4       0.000             1.956              5        (114,156)
n68007                                                                      net            0.149             2.105              5        (114,156)
   Routing elements:
      Manhattan distance of X:2, Y:0
LUT__135478|in[2]                                                           EFX_LUT4       0.061             2.166              5        (116,156)
LUT__135478|out                                                             EFX_LUT4       0.000             2.166              4        (116,156)
n68008                                                                      net            0.061             2.227              4        (116,156)
   Routing elements:
      Manhattan distance of X:0, Y:1
LUT__137035|in[1]                                                           EFX_LUT4       0.061             2.288              4        (116,155)
LUT__137035|out                                                             EFX_LUT4       0.000             2.288              3        (116,155)
n68743                                                                      net            0.130             2.418              3        (116,155)
   Routing elements:
      Manhattan distance of X:3, Y:0
LUT__137037|in[1]                                                           EFX_LUT4       0.061             2.479              3        (119,155)
LUT__137037|out                                                             EFX_LUT4       0.000             2.479              4        (119,155)
n68744                                                                      net            0.227             2.706              4        (119,155)
   Routing elements:
      Manhattan distance of X:5, Y:0
LUT__137039|in[1]                                                           EFX_LUT4       0.061             2.767              4        (124,155)
LUT__137039|out                                                             EFX_LUT4       0.000             2.767              5        (124,155)
sapphire/u_efinix_2d_gpu/render/validator/n2769                             net            0.259             3.026              5        (124,155)
   Routing elements:
      Manhattan distance of X:1, Y:13
sapphire/u_efinix_2d_gpu/render/validator/mult_136_pp_0x0|A[13]             EFX_DSP48      1.312             4.338              5        (123,142)
sapphire/u_efinix_2d_gpu/render/validator/mult_136_pp_0x0|O[1]              EFX_DSP48      0.000             4.338              2        (123,142)
sapphire/u_efinix_2d_gpu/render/validator/n1371                             net            0.434             4.772              2        (123,142)
   Routing elements:
      Manhattan distance of X:1, Y:2
sapphire/u_efinix_2d_gpu/render/validator/add_137/i2|I1                     EFX_ADD        0.057             4.829              2        (122,140)
sapphire/u_efinix_2d_gpu/render/validator/add_137/i2|CO                     EFX_ADD        0.000             4.829              2        (122,140)
sapphire/u_efinix_2d_gpu/render/validator/add_137/n4                        net            0.000             4.829              2        (122,140)
   Routing elements:
      Manhattan distance of X:0, Y:1
sapphire/u_efinix_2d_gpu/render/validator/add_137/i3|CI                     EFX_ADD        0.024             4.853              2        (122,141)
sapphire/u_efinix_2d_gpu/render/validator/add_137/i3|CO                     EFX_ADD        0.000             4.853              2        (122,141)
sapphire/u_efinix_2d_gpu/render/validator/add_137/n6                        net            0.000             4.853              2        (122,141)
   Routing elements:
      Manhattan distance of X:0, Y:1
sapphire/u_efinix_2d_gpu/render/validator/add_137/i4|CI                     EFX_ADD        0.024             4.877              2        (122,142)
sapphire/u_efinix_2d_gpu/render/validator/add_137/i4|CO                     EFX_ADD        0.000             4.877              2        (122,142)
sapphire/u_efinix_2d_gpu/render/validator/add_137/n8                        net            0.000             4.877              2        (122,142)
   Routing elements:
      Manhattan distance of X:0, Y:1
sapphire/u_efinix_2d_gpu/render/validator/add_137/i5|CI                     EFX_ADD        0.024             4.901              2        (122,143)
sapphire/u_efinix_2d_gpu/render/validator/add_137/i5|CO                     EFX_ADD        0.000             4.901              2        (122,143)
sapphire/u_efinix_2d_gpu/render/validator/add_137/n10                       net            0.000             4.901              2        (122,143)
   Routing elements:
      Manhattan distance of X:0, Y:1
sapphire/u_efinix_2d_gpu/render/validator/add_137/i6|CI                     EFX_ADD        0.024             4.925              2        (122,144)
sapphire/u_efinix_2d_gpu/render/validator/add_137/i6|CO                     EFX_ADD        0.000             4.925              2        (122,144)
sapphire/u_efinix_2d_gpu/render/validator/add_137/n12                       net            0.000             4.925              2        (122,144)
   Routing elements:
      Manhattan distance of X:0, Y:1
sapphire/u_efinix_2d_gpu/render/validator/add_137/i7|CI                     EFX_ADD        0.024             4.949              2        (122,145)
sapphire/u_efinix_2d_gpu/render/validator/add_137/i7|CO                     EFX_ADD        0.000             4.949              2        (122,145)
sapphire/u_efinix_2d_gpu/render/validator/add_137/n14                       net            0.000             4.949              2        (122,145)
   Routing elements:
      Manhattan distance of X:0, Y:1
sapphire/u_efinix_2d_gpu/render/validator/add_137/i8|CI                     EFX_ADD        0.024             4.973              2        (122,146)
sapphire/u_efinix_2d_gpu/render/validator/add_137/i8|CO                     EFX_ADD        0.000             4.973              2        (122,146)
sapphire/u_efinix_2d_gpu/render/validator/add_137/n16                       net            0.000             4.973              2        (122,146)
   Routing elements:
      Manhattan distance of X:0, Y:1
sapphire/u_efinix_2d_gpu/render/validator/add_137/i9|CI                     EFX_ADD        0.024             4.997              2        (122,147)
sapphire/u_efinix_2d_gpu/render/validator/add_137/i9|CO                     EFX_ADD        0.000             4.997              2        (122,147)
sapphire/u_efinix_2d_gpu/render/validator/add_137/n18                       net            0.000             4.997              2        (122,147)
   Routing elements:
      Manhattan distance of X:0, Y:1
sapphire/u_efinix_2d_gpu/render/validator/add_137/i10|CI                    EFX_ADD        0.097             5.094              2        (122,148)
sapphire/u_efinix_2d_gpu/render/validator/add_137/i10|O                     EFX_ADD        0.000             5.094              6        (122,148)
sapphire/u_efinix_2d_gpu/render/validator/_dstEnd_T_5[9]                    net            0.485             5.579              6        (122,148)
   Routing elements:
      Manhattan distance of X:14, Y:4
LUT__137842|in[2]                                                           EFX_LUT4       0.061             5.640              6        (136,144)
LUT__137842|out                                                             EFX_LUT4       0.000             5.640              2        (136,144)
n69063                                                                      net            0.216             5.856              2        (136,144)
   Routing elements:
      Manhattan distance of X:6, Y:0
LUT__137843|in[3]                                                           EFX_LUT4       0.061             5.917              2        (130,144)
LUT__137843|out                                                             EFX_LUT4       0.000             5.917              2        (130,144)
n69064                                                                      net            0.517             6.434              2        (130,144)
   Routing elements:
      Manhattan distance of X:13, Y:9
LUT__137844|in[0]                                                           EFX_LUT4       0.061             6.495              2        (143,153)
LUT__137844|out                                                             EFX_LUT4       0.000             6.495              2        (143,153)
n69065                                                                      net            0.194             6.689              2        (143,153)
   Routing elements:
      Manhattan distance of X:0, Y:5
LUT__137848|in[2]                                                           EFX_LUT4       0.061             6.750              2        (143,148)
LUT__137848|out                                                             EFX_LUT4       0.000             6.750              2        (143,148)
n69069                                                                      net            0.562             7.312              2        (143,148)
   Routing elements:
      Manhattan distance of X:12, Y:24
LUT__137860|in[0]                                                           EFX_LUT4       0.061             7.373              2        (131,172)
LUT__137860|out                                                             EFX_LUT4       0.000             7.373              2        (131,172)
n69081                                                                      net            0.294             7.667              2        (131,172)
   Routing elements:
      Manhattan distance of X:10, Y:5
LUT__137905|in[1]                                                           EFX_LUT4       0.063             7.730              2        (141,167)
LUT__137905|out                                                             EFX_LUT4       0.000             7.730              2        (141,167)
n69126                                                                      net            0.000             7.730              2        (141,167)
sapphire/u_efinix_2d_gpu/render/headError[1]~FF_rt_27|D                     EFX_FF         0.003             7.733              2        (141,167)

Capture Clock Path
                          name                             model name   delay (ns)  cumulative delay (ns) pins on net    location
===================================================================================================================================
core_clk                                                     input        0.000             0.000                0      (0,162)  
core_clk                                                     input        0.126             0.126            15353      (0,162)  
core_clk                                                     net          1.978             2.104            15353      (0,162)  
   Routing elements:
      Manhattan distance of X:141, Y:5
sapphire/u_efinix_2d_gpu/render/headError[1]~FF_rt_27|CLK    EFX_FF       0.000             2.104            15353      (141,167)

++++ Path 6 ++++++++++++++++++++++++++++++++++++++++++++++++++++++++++++++++++++

Path Begin    : sapphire/u_efinix_2d_gpu/render/queue/queue/ram_ext/Memory__D$c12|RCLK
Path End      : sapphire/u_efinix_2d_gpu/render/headError[1]~FF_rt_27|D               
Launch Clock  : core_clk (RISE)                                                       
Capture Clock : core_clk (RISE)                                                       
Slack         : 2.144 (required time - arrival time)                                  
Delay         : 6.366                                                                 

Logic Level             : 18
Non-global nets on path : 19
Global nets on path     :  0

Launch Clock Path Delay        : 2.104
+ Clock To Q + Data Path Delay : 7.730
--------------------------------------
End-of-path arrival time       : 9.834

Constraint                     : 10.000
+ Capture Clock Path Delay     :  2.104
- Clock Uncertainty            :  0.126
---------------------------------------
End-of-path required time      : 11.978

Launch Clock Path
                                 name                                   model name   delay (ns)  cumulative delay (ns) pins on net    location
================================================================================================================================================
core_clk                                                                input          0.000             0.000                0      (0,162)  
core_clk                                                                input          0.126             0.126            15353      (0,162)  
core_clk                                                                net            1.978             2.104            15353      (0,162)  
   Routing elements:
      Manhattan distance of X:102, Y:20
sapphire/u_efinix_2d_gpu/render/queue/queue/ram_ext/Memory__D$c12|RCLK  EFX_RAM10      0.000             2.104            15353      (102,142)

Data Path
                                   name                                     model name   delay (ns)  cumulative delay (ns) pins on net    location
====================================================================================================================================================
sapphire/u_efinix_2d_gpu/render/queue/queue/ram_ext/Memory__D$c12|RDATA[7]  EFX_RAM10      1.361             1.361              2        (102,142)
n1381                                                                       net            0.403             1.764              2        (102,142)
   Routing elements:
      Manhattan distance of X:3, Y:9
LUT__135582|in[3]                                                           EFX_LUT4       0.063             1.827              2        (105,151)
LUT__135582|out                                                             EFX_LUT4       0.000             1.827              3        (105,151)
n68082                                                                      net            0.481             2.308              3        (105,151)
   Routing elements:
      Manhattan distance of X:10, Y:7
LUT__135584|in[0]                                                           EFX_LUT4       0.061             2.369              3        (115,144)
LUT__135584|out                                                             EFX_LUT4       0.000             2.369              5        (115,144)
n1382                                                                       net            0.649             3.018              5        (115,144)
   Routing elements:
      Manhattan distance of X:8, Y:2
sapphire/u_efinix_2d_gpu/render/validator/mult_136_pp_0x0|B[11]             EFX_DSP48      1.317             4.335              5        (123,142)
sapphire/u_efinix_2d_gpu/render/validator/mult_136_pp_0x0|O[1]              EFX_DSP48      0.000             4.335              2        (123,142)
sapphire/u_efinix_2d_gpu/render/validator/n1371                             net            0.434             4.769              2        (123,142)
   Routing elements:
      Manhattan distance of X:1, Y:2
sapphire/u_efinix_2d_gpu/render/validator/add_137/i2|I1                     EFX_ADD        0.057             4.826              2        (122,140)
sapphire/u_efinix_2d_gpu/render/validator/add_137/i2|CO                     EFX_ADD        0.000             4.826              2        (122,140)
sapphire/u_efinix_2d_gpu/render/validator/add_137/n4                        net            0.000             4.826              2        (122,140)
   Routing elements:
      Manhattan distance of X:0, Y:1
sapphire/u_efinix_2d_gpu/render/validator/add_137/i3|CI                     EFX_ADD        0.024             4.850              2        (122,141)
sapphire/u_efinix_2d_gpu/render/validator/add_137/i3|CO                     EFX_ADD        0.000             4.850              2        (122,141)
sapphire/u_efinix_2d_gpu/render/validator/add_137/n6                        net            0.000             4.850              2        (122,141)
   Routing elements:
      Manhattan distance of X:0, Y:1
sapphire/u_efinix_2d_gpu/render/validator/add_137/i4|CI                     EFX_ADD        0.024             4.874              2        (122,142)
sapphire/u_efinix_2d_gpu/render/validator/add_137/i4|CO                     EFX_ADD        0.000             4.874              2        (122,142)
sapphire/u_efinix_2d_gpu/render/validator/add_137/n8                        net            0.000             4.874              2        (122,142)
   Routing elements:
      Manhattan distance of X:0, Y:1
sapphire/u_efinix_2d_gpu/render/validator/add_137/i5|CI                     EFX_ADD        0.024             4.898              2        (122,143)
sapphire/u_efinix_2d_gpu/render/validator/add_137/i5|CO                     EFX_ADD        0.000             4.898              2        (122,143)
sapphire/u_efinix_2d_gpu/render/validator/add_137/n10                       net            0.000             4.898              2        (122,143)
   Routing elements:
      Manhattan distance of X:0, Y:1
sapphire/u_efinix_2d_gpu/render/validator/add_137/i6|CI                     EFX_ADD        0.024             4.922              2        (122,144)
sapphire/u_efinix_2d_gpu/render/validator/add_137/i6|CO                     EFX_ADD        0.000             4.922              2        (122,144)
sapphire/u_efinix_2d_gpu/render/validator/add_137/n12                       net            0.000             4.922              2        (122,144)
   Routing elements:
      Manhattan distance of X:0, Y:1
sapphire/u_efinix_2d_gpu/render/validator/add_137/i7|CI                     EFX_ADD        0.024             4.946              2        (122,145)
sapphire/u_efinix_2d_gpu/render/validator/add_137/i7|CO                     EFX_ADD        0.000             4.946              2        (122,145)
sapphire/u_efinix_2d_gpu/render/validator/add_137/n14                       net            0.000             4.946              2        (122,145)
   Routing elements:
      Manhattan distance of X:0, Y:1
sapphire/u_efinix_2d_gpu/render/validator/add_137/i8|CI                     EFX_ADD        0.024             4.970              2        (122,146)
sapphire/u_efinix_2d_gpu/render/validator/add_137/i8|CO                     EFX_ADD        0.000             4.970              2        (122,146)
sapphire/u_efinix_2d_gpu/render/validator/add_137/n16                       net            0.000             4.970              2        (122,146)
   Routing elements:
      Manhattan distance of X:0, Y:1
sapphire/u_efinix_2d_gpu/render/validator/add_137/i9|CI                     EFX_ADD        0.024             4.994              2        (122,147)
sapphire/u_efinix_2d_gpu/render/validator/add_137/i9|CO                     EFX_ADD        0.000             4.994              2        (122,147)
sapphire/u_efinix_2d_gpu/render/validator/add_137/n18                       net            0.000             4.994              2        (122,147)
   Routing elements:
      Manhattan distance of X:0, Y:1
sapphire/u_efinix_2d_gpu/render/validator/add_137/i10|CI                    EFX_ADD        0.097             5.091              2        (122,148)
sapphire/u_efinix_2d_gpu/render/validator/add_137/i10|O                     EFX_ADD        0.000             5.091              6        (122,148)
sapphire/u_efinix_2d_gpu/render/validator/_dstEnd_T_5[9]                    net            0.485             5.576              6        (122,148)
   Routing elements:
      Manhattan distance of X:14, Y:4
LUT__137842|in[2]                                                           EFX_LUT4       0.061             5.637              6        (136,144)
LUT__137842|out                                                             EFX_LUT4       0.000             5.637              2        (136,144)
n69063                                                                      net            0.216             5.853              2        (136,144)
   Routing elements:
      Manhattan distance of X:6, Y:0
LUT__137843|in[3]                                                           EFX_LUT4       0.061             5.914              2        (130,144)
LUT__137843|out                                                             EFX_LUT4       0.000             5.914              2        (130,144)
n69064                                                                      net            0.517             6.431              2        (130,144)
   Routing elements:
      Manhattan distance of X:13, Y:9
LUT__137844|in[0]                                                           EFX_LUT4       0.061             6.492              2        (143,153)
LUT__137844|out                                                             EFX_LUT4       0.000             6.492              2        (143,153)
n69065                                                                      net            0.194             6.686              2        (143,153)
   Routing elements:
      Manhattan distance of X:0, Y:5
LUT__137848|in[2]                                                           EFX_LUT4       0.061             6.747              2        (143,148)
LUT__137848|out                                                             EFX_LUT4       0.000             6.747              2        (143,148)
n69069                                                                      net            0.562             7.309              2        (143,148)
   Routing elements:
      Manhattan distance of X:12, Y:24
LUT__137860|in[0]                                                           EFX_LUT4       0.061             7.370              2        (131,172)
LUT__137860|out                                                             EFX_LUT4       0.000             7.370              2        (131,172)
n69081                                                                      net            0.294             7.664              2        (131,172)
   Routing elements:
      Manhattan distance of X:10, Y:5
LUT__137905|in[1]                                                           EFX_LUT4       0.063             7.727              2        (141,167)
LUT__137905|out                                                             EFX_LUT4       0.000             7.727              2        (141,167)
n69126                                                                      net            0.000             7.727              2        (141,167)
sapphire/u_efinix_2d_gpu/render/headError[1]~FF_rt_27|D                     EFX_FF         0.003             7.730              2        (141,167)

Capture Clock Path
                          name                             model name   delay (ns)  cumulative delay (ns) pins on net    location
===================================================================================================================================
core_clk                                                     input        0.000             0.000                0      (0,162)  
core_clk                                                     input        0.126             0.126            15353      (0,162)  
core_clk                                                     net          1.978             2.104            15353      (0,162)  
   Routing elements:
      Manhattan distance of X:141, Y:5
sapphire/u_efinix_2d_gpu/render/headError[1]~FF_rt_27|CLK    EFX_FF       0.000             2.104            15353      (141,167)

++++ Path 7 ++++++++++++++++++++++++++++++++++++++++++++++++++++++++++++++++++++

Path Begin    : sapphire/u_efinix_2d_gpu/render/queue/queue/ram_ext/Memory__D$f12|RCLK
Path End      : sapphire/u_efinix_2d_gpu/render/headError[1]~FF_rt_27|D               
Launch Clock  : core_clk (RISE)                                                       
Capture Clock : core_clk (RISE)                                                       
Slack         : 2.146 (required time - arrival time)                                  
Delay         : 6.364                                                                 

Logic Level             : 28
Non-global nets on path : 29
Global nets on path     :  0

Launch Clock Path Delay        : 2.104
+ Clock To Q + Data Path Delay : 7.728
--------------------------------------
End-of-path arrival time       : 9.832

Constraint                     : 10.000
+ Capture Clock Path Delay     :  2.104
- Clock Uncertainty            :  0.126
---------------------------------------
End-of-path required time      : 11.978

Launch Clock Path
                                 name                                   model name   delay (ns)  cumulative delay (ns) pins on net    location
================================================================================================================================================
core_clk                                                                input          0.000             0.000                0      (0,162)  
core_clk                                                                input          0.126             0.126            15353      (0,162)  
core_clk                                                                net            1.978             2.104            15353      (0,162)  
   Routing elements:
      Manhattan distance of X:117, Y:20
sapphire/u_efinix_2d_gpu/render/queue/queue/ram_ext/Memory__D$f12|RCLK  EFX_RAM10      0.000             2.104            15353      (117,142)

Data Path
                                   name                                     model name   delay (ns)  cumulative delay (ns) pins on net    location
====================================================================================================================================================
sapphire/u_efinix_2d_gpu/render/queue/queue/ram_ext/Memory__D$f12|RDATA[4]  EFX_RAM10      1.361             1.361              2        (117,142)
n1183                                                                       net            0.205             1.566              2        (117,142)
   Routing elements:
      Manhattan distance of X:8, Y:14
LUT__135476|in[1]                                                           EFX_LUT4       0.061             1.627              2        (109,156)
LUT__135476|out                                                             EFX_LUT4       0.000             1.627              5        (109,156)
n1184                                                                       net            0.266             1.893              5        (109,156)
   Routing elements:
      Manhattan distance of X:5, Y:0
LUT__135477|in[2]                                                           EFX_LUT4       0.063             1.956              5        (114,156)
LUT__135477|out                                                             EFX_LUT4       0.000             1.956              5        (114,156)
n68007                                                                      net            0.149             2.105              5        (114,156)
   Routing elements:
      Manhattan distance of X:2, Y:0
LUT__135478|in[2]                                                           EFX_LUT4       0.061             2.166              5        (116,156)
LUT__135478|out                                                             EFX_LUT4       0.000             2.166              4        (116,156)
n68008                                                                      net            0.061             2.227              4        (116,156)
   Routing elements:
      Manhattan distance of X:0, Y:1
LUT__137035|in[1]                                                           EFX_LUT4       0.061             2.288              4        (116,155)
LUT__137035|out                                                             EFX_LUT4       0.000             2.288              3        (116,155)
n68743                                                                      net            0.130             2.418              3        (116,155)
   Routing elements:
      Manhattan distance of X:3, Y:0
LUT__137037|in[1]                                                           EFX_LUT4       0.061             2.479              3        (119,155)
LUT__137037|out                                                             EFX_LUT4       0.000             2.479              4        (119,155)
n68744                                                                      net            0.240             2.719              4        (119,155)
   Routing elements:
      Manhattan distance of X:5, Y:1
LUT__137040|in[2]                                                           EFX_LUT4       0.061             2.780              4        (124,156)
LUT__137040|out                                                             EFX_LUT4       0.000             2.780              5        (124,156)
sapphire/u_efinix_2d_gpu/render/validator/n2774                             net            0.259             3.039              5        (124,156)
   Routing elements:
      Manhattan distance of X:1, Y:14
sapphire/u_efinix_2d_gpu/render/validator/mult_136_pp_0x0|A[14]             EFX_DSP48      1.312             4.351              5        (123,142)
sapphire/u_efinix_2d_gpu/render/validator/mult_136_pp_0x0|O[0]              EFX_DSP48      0.000             4.351              2        (123,142)
sapphire/u_efinix_2d_gpu/render/validator/n1372                             net            0.434             4.785              2        (123,142)
   Routing elements:
      Manhattan distance of X:1, Y:3
sapphire/u_efinix_2d_gpu/render/validator/add_137/i1|I1                     EFX_ADD        0.057             4.842              2        (122,139)
sapphire/u_efinix_2d_gpu/render/validator/add_137/i1|CO                     EFX_ADD        0.000             4.842              2        (122,139)
sapphire/u_efinix_2d_gpu/render/validator/add_137/n2                        net            0.000             4.842              2        (122,139)
   Routing elements:
      Manhattan distance of X:0, Y:1
sapphire/u_efinix_2d_gpu/render/validator/add_137/i2|CI                     EFX_ADD        0.024             4.866              2        (122,140)
sapphire/u_efinix_2d_gpu/render/validator/add_137/i2|CO                     EFX_ADD        0.000             4.866              2        (122,140)
sapphire/u_efinix_2d_gpu/render/validator/add_137/n4                        net            0.000             4.866              2        (122,140)
   Routing elements:
      Manhattan distance of X:0, Y:1
sapphire/u_efinix_2d_gpu/render/validator/add_137/i3|CI                     EFX_ADD        0.024             4.890              2        (122,141)
sapphire/u_efinix_2d_gpu/render/validator/add_137/i3|CO                     EFX_ADD        0.000             4.890              2        (122,141)
sapphire/u_efinix_2d_gpu/render/validator/add_137/n6                        net            0.000             4.890              2        (122,141)
   Routing elements:
      Manhattan distance of X:0, Y:1
sapphire/u_efinix_2d_gpu/render/validator/add_137/i4|CI                     EFX_ADD        0.024             4.914              2        (122,142)
sapphire/u_efinix_2d_gpu/render/validator/add_137/i4|CO                     EFX_ADD        0.000             4.914              2        (122,142)
sapphire/u_efinix_2d_gpu/render/validator/add_137/n8                        net            0.000             4.914              2        (122,142)
   Routing elements:
      Manhattan distance of X:0, Y:1
sapphire/u_efinix_2d_gpu/render/validator/add_137/i5|CI                     EFX_ADD        0.024             4.938              2        (122,143)
sapphire/u_efinix_2d_gpu/render/validator/add_137/i5|CO                     EFX_ADD        0.000             4.938              2        (122,143)
sapphire/u_efinix_2d_gpu/render/validator/add_137/n10                       net            0.000             4.938              2        (122,143)
   Routing elements:
      Manhattan distance of X:0, Y:1
sapphire/u_efinix_2d_gpu/render/validator/add_137/i6|CI                     EFX_ADD        0.024             4.962              2        (122,144)
sapphire/u_efinix_2d_gpu/render/validator/add_137/i6|CO                     EFX_ADD        0.000             4.962              2        (122,144)
sapphire/u_efinix_2d_gpu/render/validator/add_137/n12                       net            0.000             4.962              2        (122,144)
   Routing elements:
      Manhattan distance of X:0, Y:1
sapphire/u_efinix_2d_gpu/render/validator/add_137/i7|CI                     EFX_ADD        0.024             4.986              2        (122,145)
sapphire/u_efinix_2d_gpu/render/validator/add_137/i7|CO                     EFX_ADD        0.000             4.986              2        (122,145)
sapphire/u_efinix_2d_gpu/render/validator/add_137/n14                       net            0.000             4.986              2        (122,145)
   Routing elements:
      Manhattan distance of X:0, Y:1
sapphire/u_efinix_2d_gpu/render/validator/add_137/i8|CI                     EFX_ADD        0.024             5.010              2        (122,146)
sapphire/u_efinix_2d_gpu/render/validator/add_137/i8|CO                     EFX_ADD        0.000             5.010              2        (122,146)
sapphire/u_efinix_2d_gpu/render/validator/add_137/n16                       net            0.000             5.010              2        (122,146)
   Routing elements:
      Manhattan distance of X:0, Y:1
sapphire/u_efinix_2d_gpu/render/validator/add_137/i9|CI                     EFX_ADD        0.024             5.034              2        (122,147)
sapphire/u_efinix_2d_gpu/render/validator/add_137/i9|CO                     EFX_ADD        0.000             5.034              2        (122,147)
sapphire/u_efinix_2d_gpu/render/validator/add_137/n18                       net            0.000             5.034              2        (122,147)
   Routing elements:
      Manhattan distance of X:0, Y:1
sapphire/u_efinix_2d_gpu/render/validator/add_137/i10|CI                    EFX_ADD        0.024             5.058              2        (122,148)
sapphire/u_efinix_2d_gpu/render/validator/add_137/i10|CO                    EFX_ADD        0.000             5.058              2        (122,148)
sapphire/u_efinix_2d_gpu/render/validator/add_137/n20                       net            0.000             5.058              2        (122,148)
   Routing elements:
      Manhattan distance of X:0, Y:1
sapphire/u_efinix_2d_gpu/render/validator/add_137/i11|CI                    EFX_ADD        0.024             5.082              2        (122,149)
sapphire/u_efinix_2d_gpu/render/validator/add_137/i11|CO                    EFX_ADD        0.000             5.082              2        (122,149)
sapphire/u_efinix_2d_gpu/render/validator/add_137/n22                       net            0.000             5.082              2        (122,149)
   Routing elements:
      Manhattan distance of X:0, Y:1
sapphire/u_efinix_2d_gpu/render/validator/add_137/i12|CI                    EFX_ADD        0.024             5.106              2        (122,150)
sapphire/u_efinix_2d_gpu/render/validator/add_137/i12|CO                    EFX_ADD        0.000             5.106              2        (122,150)
sapphire/u_efinix_2d_gpu/render/validator/add_137/n24                       net            0.000             5.106              2        (122,150)
   Routing elements:
      Manhattan distance of X:0, Y:1
sapphire/u_efinix_2d_gpu/render/validator/add_137/i13|CI                    EFX_ADD        0.024             5.130              2        (122,151)
sapphire/u_efinix_2d_gpu/render/validator/add_137/i13|CO                    EFX_ADD        0.000             5.130              2        (122,151)
sapphire/u_efinix_2d_gpu/render/validator/add_137/n26                       net            0.000             5.130              2        (122,151)
   Routing elements:
      Manhattan distance of X:0, Y:1
sapphire/u_efinix_2d_gpu/render/validator/add_137/i14|CI                    EFX_ADD        0.024             5.154              2        (122,152)
sapphire/u_efinix_2d_gpu/render/validator/add_137/i14|CO                    EFX_ADD        0.000             5.154              2        (122,152)
sapphire/u_efinix_2d_gpu/render/validator/add_137/n28                       net            0.000             5.154              2        (122,152)
   Routing elements:
      Manhattan distance of X:0, Y:1
sapphire/u_efinix_2d_gpu/render/validator/add_137/i15|CI                    EFX_ADD        0.097             5.251              2        (122,153)
sapphire/u_efinix_2d_gpu/render/validator/add_137/i15|O                     EFX_ADD        0.000             5.251              7        (122,153)
sapphire/u_efinix_2d_gpu/render/validator/_dstEnd_T_5[14]                   net            0.524             5.775              7        (122,153)
   Routing elements:
      Manhattan distance of X:12, Y:3
LUT__137821|in[3]                                                           EFX_LUT4       0.061             5.836              7        (134,156)
LUT__137821|out                                                             EFX_LUT4       0.000             5.836              2        (134,156)
n69042                                                                      net            0.179             6.015              2        (134,156)
   Routing elements:
      Manhattan distance of X:0, Y:2
LUT__137822|in[1]                                                           EFX_LUT4       0.061             6.076              2        (134,154)
LUT__137822|out                                                             EFX_LUT4       0.000             6.076              4        (134,154)
n69043                                                                      net            0.353             6.429              4        (134,154)
   Routing elements:
      Manhattan distance of X:9, Y:1
LUT__137844|in[3]                                                           EFX_LUT4       0.061             6.490              4        (143,153)
LUT__137844|out                                                             EFX_LUT4       0.000             6.490              2        (143,153)
n69065                                                                      net            0.194             6.684              2        (143,153)
   Routing elements:
      Manhattan distance of X:0, Y:5
LUT__137848|in[2]                                                           EFX_LUT4       0.061             6.745              2        (143,148)
LUT__137848|out                                                             EFX_LUT4       0.000             6.745              2        (143,148)
n69069                                                                      net            0.562             7.307              2        (143,148)
   Routing elements:
      Manhattan distance of X:12, Y:24
LUT__137860|in[0]                                                           EFX_LUT4       0.061             7.368              2        (131,172)
LUT__137860|out                                                             EFX_LUT4       0.000             7.368              2        (131,172)
n69081                                                                      net            0.294             7.662              2        (131,172)
   Routing elements:
      Manhattan distance of X:10, Y:5
LUT__137905|in[1]                                                           EFX_LUT4       0.063             7.725              2        (141,167)
LUT__137905|out                                                             EFX_LUT4       0.000             7.725              2        (141,167)
n69126                                                                      net            0.000             7.725              2        (141,167)
sapphire/u_efinix_2d_gpu/render/headError[1]~FF_rt_27|D                     EFX_FF         0.003             7.728              2        (141,167)

Capture Clock Path
                          name                             model name   delay (ns)  cumulative delay (ns) pins on net    location
===================================================================================================================================
core_clk                                                     input        0.000             0.000                0      (0,162)  
core_clk                                                     input        0.126             0.126            15353      (0,162)  
core_clk                                                     net          1.978             2.104            15353      (0,162)  
   Routing elements:
      Manhattan distance of X:141, Y:5
sapphire/u_efinix_2d_gpu/render/headError[1]~FF_rt_27|CLK    EFX_FF       0.000             2.104            15353      (141,167)

++++ Path 8 ++++++++++++++++++++++++++++++++++++++++++++++++++++++++++++++++++++

Path Begin    : sapphire/u_efinix_2d_gpu/render/queue/queue/ram_ext/Memory__D$f12|RCLK
Path End      : sapphire/u_efinix_2d_gpu/render/headError[1]~FF_rt_27|D               
Launch Clock  : core_clk (RISE)                                                       
Capture Clock : core_clk (RISE)                                                       
Slack         : 2.152 (required time - arrival time)                                  
Delay         : 6.358                                                                 

Logic Level             : 21
Non-global nets on path : 22
Global nets on path     :  0

Launch Clock Path Delay        : 2.104
+ Clock To Q + Data Path Delay : 7.722
--------------------------------------
End-of-path arrival time       : 9.826

Constraint                     : 10.000
+ Capture Clock Path Delay     :  2.104
- Clock Uncertainty            :  0.126
---------------------------------------
End-of-path required time      : 11.978

Launch Clock Path
                                 name                                   model name   delay (ns)  cumulative delay (ns) pins on net    location
================================================================================================================================================
core_clk                                                                input          0.000             0.000                0      (0,162)  
core_clk                                                                input          0.126             0.126            15353      (0,162)  
core_clk                                                                net            1.978             2.104            15353      (0,162)  
   Routing elements:
      Manhattan distance of X:117, Y:20
sapphire/u_efinix_2d_gpu/render/queue/queue/ram_ext/Memory__D$f12|RCLK  EFX_RAM10      0.000             2.104            15353      (117,142)

Data Path
                                   name                                     model name   delay (ns)  cumulative delay (ns) pins on net    location
====================================================================================================================================================
sapphire/u_efinix_2d_gpu/render/queue/queue/ram_ext/Memory__D$f12|RDATA[4]  EFX_RAM10      1.361             1.361              2        (117,142)
n1183                                                                       net            0.205             1.566              2        (117,142)
   Routing elements:
      Manhattan distance of X:8, Y:14
LUT__135476|in[1]                                                           EFX_LUT4       0.061             1.627              2        (109,156)
LUT__135476|out                                                             EFX_LUT4       0.000             1.627              5        (109,156)
n1184                                                                       net            0.266             1.893              5        (109,156)
   Routing elements:
      Manhattan distance of X:5, Y:0
LUT__135477|in[2]                                                           EFX_LUT4       0.063             1.956              5        (114,156)
LUT__135477|out                                                             EFX_LUT4       0.000             1.956              5        (114,156)
n68007                                                                      net            0.149             2.105              5        (114,156)
   Routing elements:
      Manhattan distance of X:2, Y:0
LUT__135478|in[2]                                                           EFX_LUT4       0.061             2.166              5        (116,156)
LUT__135478|out                                                             EFX_LUT4       0.000             2.166              4        (116,156)
n68008                                                                      net            0.061             2.227              4        (116,156)
   Routing elements:
      Manhattan distance of X:0, Y:1
LUT__137035|in[1]                                                           EFX_LUT4       0.061             2.288              4        (116,155)
LUT__137035|out                                                             EFX_LUT4       0.000             2.288              3        (116,155)
n68743                                                                      net            0.130             2.418              3        (116,155)
   Routing elements:
      Manhattan distance of X:3, Y:0
LUT__137037|in[1]                                                           EFX_LUT4       0.061             2.479              3        (119,155)
LUT__137037|out                                                             EFX_LUT4       0.000             2.479              4        (119,155)
n68744                                                                      net            0.240             2.719              4        (119,155)
   Routing elements:
      Manhattan distance of X:5, Y:1
LUT__137040|in[2]                                                           EFX_LUT4       0.061             2.780              4        (124,156)
LUT__137040|out                                                             EFX_LUT4       0.000             2.780              5        (124,156)
sapphire/u_efinix_2d_gpu/render/validator/n2774                             net            0.259             3.039              5        (124,156)
   Routing elements:
      Manhattan distance of X:1, Y:14
sapphire/u_efinix_2d_gpu/render/validator/mult_136_pp_0x0|A[14]             EFX_DSP48      1.312             4.351              5        (123,142)
sapphire/u_efinix_2d_gpu/render/validator/mult_136_pp_0x0|O[2]              EFX_DSP48      0.000             4.351              2        (123,142)
sapphire/u_efinix_2d_gpu/render/validator/n1370                             net            0.434             4.785              2        (123,142)
   Routing elements:
      Manhattan distance of X:1, Y:1
sapphire/u_efinix_2d_gpu/render/validator/add_137/i3|I1                     EFX_ADD        0.057             4.842              2        (122,141)
sapphire/u_efinix_2d_gpu/render/validator/add_137/i3|CO                     EFX_ADD        0.000             4.842              2        (122,141)
sapphire/u_efinix_2d_gpu/render/validator/add_137/n6                        net            0.000             4.842              2        (122,141)
   Routing elements:
      Manhattan distance of X:0, Y:1
sapphire/u_efinix_2d_gpu/render/validator/add_137/i4|CI                     EFX_ADD        0.024             4.866              2        (122,142)
sapphire/u_efinix_2d_gpu/render/validator/add_137/i4|CO                     EFX_ADD        0.000             4.866              2        (122,142)
sapphire/u_efinix_2d_gpu/render/validator/add_137/n8                        net            0.000             4.866              2        (122,142)
   Routing elements:
      Manhattan distance of X:0, Y:1
sapphire/u_efinix_2d_gpu/render/validator/add_137/i5|CI                     EFX_ADD        0.024             4.890              2        (122,143)
sapphire/u_efinix_2d_gpu/render/validator/add_137/i5|CO                     EFX_ADD        0.000             4.890              2        (122,143)
sapphire/u_efinix_2d_gpu/render/validator/add_137/n10                       net            0.000             4.890              2        (122,143)
   Routing elements:
      Manhattan distance of X:0, Y:1
sapphire/u_efinix_2d_gpu/render/validator/add_137/i6|CI                     EFX_ADD        0.024             4.914              2        (122,144)
sapphire/u_efinix_2d_gpu/render/validator/add_137/i6|CO                     EFX_ADD        0.000             4.914              2        (122,144)
sapphire/u_efinix_2d_gpu/render/validator/add_137/n12                       net            0.000             4.914              2        (122,144)
   Routing elements:
      Manhattan distance of X:0, Y:1
sapphire/u_efinix_2d_gpu/render/validator/add_137/i7|CI                     EFX_ADD        0.024             4.938              2        (122,145)
sapphire/u_efinix_2d_gpu/render/validator/add_137/i7|CO                     EFX_ADD        0.000             4.938              2        (122,145)
sapphire/u_efinix_2d_gpu/render/validator/add_137/n14                       net            0.000             4.938              2        (122,145)
   Routing elements:
      Manhattan distance of X:0, Y:1
sapphire/u_efinix_2d_gpu/render/validator/add_137/i8|CI                     EFX_ADD        0.024             4.962              2        (122,146)
sapphire/u_efinix_2d_gpu/render/validator/add_137/i8|CO                     EFX_ADD        0.000             4.962              2        (122,146)
sapphire/u_efinix_2d_gpu/render/validator/add_137/n16                       net            0.000             4.962              2        (122,146)
   Routing elements:
      Manhattan distance of X:0, Y:1
sapphire/u_efinix_2d_gpu/render/validator/add_137/i9|CI                     EFX_ADD        0.024             4.986              2        (122,147)
sapphire/u_efinix_2d_gpu/render/validator/add_137/i9|CO                     EFX_ADD        0.000             4.986              2        (122,147)
sapphire/u_efinix_2d_gpu/render/validator/add_137/n18                       net            0.000             4.986              2        (122,147)
   Routing elements:
      Manhattan distance of X:0, Y:1
sapphire/u_efinix_2d_gpu/render/validator/add_137/i10|CI                    EFX_ADD        0.097             5.083              2        (122,148)
sapphire/u_efinix_2d_gpu/render/validator/add_137/i10|O                     EFX_ADD        0.000             5.083              6        (122,148)
sapphire/u_efinix_2d_gpu/render/validator/_dstEnd_T_5[9]                    net            0.485             5.568              6        (122,148)
   Routing elements:
      Manhattan distance of X:14, Y:4
LUT__137842|in[2]                                                           EFX_LUT4       0.061             5.629              6        (136,144)
LUT__137842|out                                                             EFX_LUT4       0.000             5.629              2        (136,144)
n69063                                                                      net            0.216             5.845              2        (136,144)
   Routing elements:
      Manhattan distance of X:6, Y:0
LUT__137843|in[3]                                                           EFX_LUT4       0.061             5.906              2        (130,144)
LUT__137843|out                                                             EFX_LUT4       0.000             5.906              2        (130,144)
n69064                                                                      net            0.517             6.423              2        (130,144)
   Routing elements:
      Manhattan distance of X:13, Y:9
LUT__137844|in[0]                                                           EFX_LUT4       0.061             6.484              2        (143,153)
LUT__137844|out                                                             EFX_LUT4       0.000             6.484              2        (143,153)
n69065                                                                      net            0.194             6.678              2        (143,153)
   Routing elements:
      Manhattan distance of X:0, Y:5
LUT__137848|in[2]                                                           EFX_LUT4       0.061             6.739              2        (143,148)
LUT__137848|out                                                             EFX_LUT4       0.000             6.739              2        (143,148)
n69069                                                                      net            0.562             7.301              2        (143,148)
   Routing elements:
      Manhattan distance of X:12, Y:24
LUT__137860|in[0]                                                           EFX_LUT4       0.061             7.362              2        (131,172)
LUT__137860|out                                                             EFX_LUT4       0.000             7.362              2        (131,172)
n69081                                                                      net            0.294             7.656              2        (131,172)
   Routing elements:
      Manhattan distance of X:10, Y:5
LUT__137905|in[1]                                                           EFX_LUT4       0.063             7.719              2        (141,167)
LUT__137905|out                                                             EFX_LUT4       0.000             7.719              2        (141,167)
n69126                                                                      net            0.000             7.719              2        (141,167)
sapphire/u_efinix_2d_gpu/render/headError[1]~FF_rt_27|D                     EFX_FF         0.003             7.722              2        (141,167)

Capture Clock Path
                          name                             model name   delay (ns)  cumulative delay (ns) pins on net    location
===================================================================================================================================
core_clk                                                     input        0.000             0.000                0      (0,162)  
core_clk                                                     input        0.126             0.126            15353      (0,162)  
core_clk                                                     net          1.978             2.104            15353      (0,162)  
   Routing elements:
      Manhattan distance of X:141, Y:5
sapphire/u_efinix_2d_gpu/render/headError[1]~FF_rt_27|CLK    EFX_FF       0.000             2.104            15353      (141,167)

++++ Path 9 ++++++++++++++++++++++++++++++++++++++++++++++++++++++++++++++++++++

Path Begin    : sapphire/u_efinix_2d_gpu/render/queue/queue/ram_ext/Memory__D$f12|RCLK
Path End      : sapphire/u_efinix_2d_gpu/render/headError[1]~FF_rt_27|D               
Launch Clock  : core_clk (RISE)                                                       
Capture Clock : core_clk (RISE)                                                       
Slack         : 2.159 (required time - arrival time)                                  
Delay         : 6.351                                                                 

Logic Level             : 28
Non-global nets on path : 29
Global nets on path     :  0

Launch Clock Path Delay        : 2.104
+ Clock To Q + Data Path Delay : 7.715
--------------------------------------
End-of-path arrival time       : 9.819

Constraint                     : 10.000
+ Capture Clock Path Delay     :  2.104
- Clock Uncertainty            :  0.126
---------------------------------------
End-of-path required time      : 11.978

Launch Clock Path
                                 name                                   model name   delay (ns)  cumulative delay (ns) pins on net    location
================================================================================================================================================
core_clk                                                                input          0.000             0.000                0      (0,162)  
core_clk                                                                input          0.126             0.126            15353      (0,162)  
core_clk                                                                net            1.978             2.104            15353      (0,162)  
   Routing elements:
      Manhattan distance of X:117, Y:20
sapphire/u_efinix_2d_gpu/render/queue/queue/ram_ext/Memory__D$f12|RCLK  EFX_RAM10      0.000             2.104            15353      (117,142)

Data Path
                                   name                                     model name   delay (ns)  cumulative delay (ns) pins on net    location
====================================================================================================================================================
sapphire/u_efinix_2d_gpu/render/queue/queue/ram_ext/Memory__D$f12|RDATA[4]  EFX_RAM10      1.361             1.361              2        (117,142)
n1183                                                                       net            0.205             1.566              2        (117,142)
   Routing elements:
      Manhattan distance of X:8, Y:14
LUT__135476|in[1]                                                           EFX_LUT4       0.061             1.627              2        (109,156)
LUT__135476|out                                                             EFX_LUT4       0.000             1.627              5        (109,156)
n1184                                                                       net            0.266             1.893              5        (109,156)
   Routing elements:
      Manhattan distance of X:5, Y:0
LUT__135477|in[2]                                                           EFX_LUT4       0.063             1.956              5        (114,156)
LUT__135477|out                                                             EFX_LUT4       0.000             1.956              5        (114,156)
n68007                                                                      net            0.149             2.105              5        (114,156)
   Routing elements:
      Manhattan distance of X:2, Y:0
LUT__135478|in[2]                                                           EFX_LUT4       0.061             2.166              5        (116,156)
LUT__135478|out                                                             EFX_LUT4       0.000             2.166              4        (116,156)
n68008                                                                      net            0.061             2.227              4        (116,156)
   Routing elements:
      Manhattan distance of X:0, Y:1
LUT__137035|in[1]                                                           EFX_LUT4       0.061             2.288              4        (116,155)
LUT__137035|out                                                             EFX_LUT4       0.000             2.288              3        (116,155)
n68743                                                                      net            0.130             2.418              3        (116,155)
   Routing elements:
      Manhattan distance of X:3, Y:0
LUT__137037|in[1]                                                           EFX_LUT4       0.061             2.479              3        (119,155)
LUT__137037|out                                                             EFX_LUT4       0.000             2.479              4        (119,155)
n68744                                                                      net            0.227             2.706              4        (119,155)
   Routing elements:
      Manhattan distance of X:5, Y:0
LUT__137039|in[1]                                                           EFX_LUT4       0.061             2.767              4        (124,155)
LUT__137039|out                                                             EFX_LUT4       0.000             2.767              5        (124,155)
sapphire/u_efinix_2d_gpu/render/validator/n2769                             net            0.259             3.026              5        (124,155)
   Routing elements:
      Manhattan distance of X:1, Y:13
sapphire/u_efinix_2d_gpu/render/validator/mult_136_pp_0x0|A[13]             EFX_DSP48      1.312             4.338              5        (123,142)
sapphire/u_efinix_2d_gpu/render/validator/mult_136_pp_0x0|O[0]              EFX_DSP48      0.000             4.338              2        (123,142)
sapphire/u_efinix_2d_gpu/render/validator/n1372                             net            0.434             4.772              2        (123,142)
   Routing elements:
      Manhattan distance of X:1, Y:3
sapphire/u_efinix_2d_gpu/render/validator/add_137/i1|I1                     EFX_ADD        0.057             4.829              2        (122,139)
sapphire/u_efinix_2d_gpu/render/validator/add_137/i1|CO                     EFX_ADD        0.000             4.829              2        (122,139)
sapphire/u_efinix_2d_gpu/render/validator/add_137/n2                        net            0.000             4.829              2        (122,139)
   Routing elements:
      Manhattan distance of X:0, Y:1
sapphire/u_efinix_2d_gpu/render/validator/add_137/i2|CI                     EFX_ADD        0.024             4.853              2        (122,140)
sapphire/u_efinix_2d_gpu/render/validator/add_137/i2|CO                     EFX_ADD        0.000             4.853              2        (122,140)
sapphire/u_efinix_2d_gpu/render/validator/add_137/n4                        net            0.000             4.853              2        (122,140)
   Routing elements:
      Manhattan distance of X:0, Y:1
sapphire/u_efinix_2d_gpu/render/validator/add_137/i3|CI                     EFX_ADD        0.024             4.877              2        (122,141)
sapphire/u_efinix_2d_gpu/render/validator/add_137/i3|CO                     EFX_ADD        0.000             4.877              2        (122,141)
sapphire/u_efinix_2d_gpu/render/validator/add_137/n6                        net            0.000             4.877              2        (122,141)
   Routing elements:
      Manhattan distance of X:0, Y:1
sapphire/u_efinix_2d_gpu/render/validator/add_137/i4|CI                     EFX_ADD        0.024             4.901              2        (122,142)
sapphire/u_efinix_2d_gpu/render/validator/add_137/i4|CO                     EFX_ADD        0.000             4.901              2        (122,142)
sapphire/u_efinix_2d_gpu/render/validator/add_137/n8                        net            0.000             4.901              2        (122,142)
   Routing elements:
      Manhattan distance of X:0, Y:1
sapphire/u_efinix_2d_gpu/render/validator/add_137/i5|CI                     EFX_ADD        0.024             4.925              2        (122,143)
sapphire/u_efinix_2d_gpu/render/validator/add_137/i5|CO                     EFX_ADD        0.000             4.925              2        (122,143)
sapphire/u_efinix_2d_gpu/render/validator/add_137/n10                       net            0.000             4.925              2        (122,143)
   Routing elements:
      Manhattan distance of X:0, Y:1
sapphire/u_efinix_2d_gpu/render/validator/add_137/i6|CI                     EFX_ADD        0.024             4.949              2        (122,144)
sapphire/u_efinix_2d_gpu/render/validator/add_137/i6|CO                     EFX_ADD        0.000             4.949              2        (122,144)
sapphire/u_efinix_2d_gpu/render/validator/add_137/n12                       net            0.000             4.949              2        (122,144)
   Routing elements:
      Manhattan distance of X:0, Y:1
sapphire/u_efinix_2d_gpu/render/validator/add_137/i7|CI                     EFX_ADD        0.024             4.973              2        (122,145)
sapphire/u_efinix_2d_gpu/render/validator/add_137/i7|CO                     EFX_ADD        0.000             4.973              2        (122,145)
sapphire/u_efinix_2d_gpu/render/validator/add_137/n14                       net            0.000             4.973              2        (122,145)
   Routing elements:
      Manhattan distance of X:0, Y:1
sapphire/u_efinix_2d_gpu/render/validator/add_137/i8|CI                     EFX_ADD        0.024             4.997              2        (122,146)
sapphire/u_efinix_2d_gpu/render/validator/add_137/i8|CO                     EFX_ADD        0.000             4.997              2        (122,146)
sapphire/u_efinix_2d_gpu/render/validator/add_137/n16                       net            0.000             4.997              2        (122,146)
   Routing elements:
      Manhattan distance of X:0, Y:1
sapphire/u_efinix_2d_gpu/render/validator/add_137/i9|CI                     EFX_ADD        0.024             5.021              2        (122,147)
sapphire/u_efinix_2d_gpu/render/validator/add_137/i9|CO                     EFX_ADD        0.000             5.021              2        (122,147)
sapphire/u_efinix_2d_gpu/render/validator/add_137/n18                       net            0.000             5.021              2        (122,147)
   Routing elements:
      Manhattan distance of X:0, Y:1
sapphire/u_efinix_2d_gpu/render/validator/add_137/i10|CI                    EFX_ADD        0.024             5.045              2        (122,148)
sapphire/u_efinix_2d_gpu/render/validator/add_137/i10|CO                    EFX_ADD        0.000             5.045              2        (122,148)
sapphire/u_efinix_2d_gpu/render/validator/add_137/n20                       net            0.000             5.045              2        (122,148)
   Routing elements:
      Manhattan distance of X:0, Y:1
sapphire/u_efinix_2d_gpu/render/validator/add_137/i11|CI                    EFX_ADD        0.024             5.069              2        (122,149)
sapphire/u_efinix_2d_gpu/render/validator/add_137/i11|CO                    EFX_ADD        0.000             5.069              2        (122,149)
sapphire/u_efinix_2d_gpu/render/validator/add_137/n22                       net            0.000             5.069              2        (122,149)
   Routing elements:
      Manhattan distance of X:0, Y:1
sapphire/u_efinix_2d_gpu/render/validator/add_137/i12|CI                    EFX_ADD        0.024             5.093              2        (122,150)
sapphire/u_efinix_2d_gpu/render/validator/add_137/i12|CO                    EFX_ADD        0.000             5.093              2        (122,150)
sapphire/u_efinix_2d_gpu/render/validator/add_137/n24                       net            0.000             5.093              2        (122,150)
   Routing elements:
      Manhattan distance of X:0, Y:1
sapphire/u_efinix_2d_gpu/render/validator/add_137/i13|CI                    EFX_ADD        0.024             5.117              2        (122,151)
sapphire/u_efinix_2d_gpu/render/validator/add_137/i13|CO                    EFX_ADD        0.000             5.117              2        (122,151)
sapphire/u_efinix_2d_gpu/render/validator/add_137/n26                       net            0.000             5.117              2        (122,151)
   Routing elements:
      Manhattan distance of X:0, Y:1
sapphire/u_efinix_2d_gpu/render/validator/add_137/i14|CI                    EFX_ADD        0.024             5.141              2        (122,152)
sapphire/u_efinix_2d_gpu/render/validator/add_137/i14|CO                    EFX_ADD        0.000             5.141              2        (122,152)
sapphire/u_efinix_2d_gpu/render/validator/add_137/n28                       net            0.000             5.141              2        (122,152)
   Routing elements:
      Manhattan distance of X:0, Y:1
sapphire/u_efinix_2d_gpu/render/validator/add_137/i15|CI                    EFX_ADD        0.097             5.238              2        (122,153)
sapphire/u_efinix_2d_gpu/render/validator/add_137/i15|O                     EFX_ADD        0.000             5.238              7        (122,153)
sapphire/u_efinix_2d_gpu/render/validator/_dstEnd_T_5[14]                   net            0.524             5.762              7        (122,153)
   Routing elements:
      Manhattan distance of X:12, Y:3
LUT__137821|in[3]                                                           EFX_LUT4       0.061             5.823              7        (134,156)
LUT__137821|out                                                             EFX_LUT4       0.000             5.823              2        (134,156)
n69042                                                                      net            0.179             6.002              2        (134,156)
   Routing elements:
      Manhattan distance of X:0, Y:2
LUT__137822|in[1]                                                           EFX_LUT4       0.061             6.063              2        (134,154)
LUT__137822|out                                                             EFX_LUT4       0.000             6.063              4        (134,154)
n69043                                                                      net            0.353             6.416              4        (134,154)
   Routing elements:
      Manhattan distance of X:9, Y:1
LUT__137844|in[3]                                                           EFX_LUT4       0.061             6.477              4        (143,153)
LUT__137844|out                                                             EFX_LUT4       0.000             6.477              2        (143,153)
n69065                                                                      net            0.194             6.671              2        (143,153)
   Routing elements:
      Manhattan distance of X:0, Y:5
LUT__137848|in[2]                                                           EFX_LUT4       0.061             6.732              2        (143,148)
LUT__137848|out                                                             EFX_LUT4       0.000             6.732              2        (143,148)
n69069                                                                      net            0.562             7.294              2        (143,148)
   Routing elements:
      Manhattan distance of X:12, Y:24
LUT__137860|in[0]                                                           EFX_LUT4       0.061             7.355              2        (131,172)
LUT__137860|out                                                             EFX_LUT4       0.000             7.355              2        (131,172)
n69081                                                                      net            0.294             7.649              2        (131,172)
   Routing elements:
      Manhattan distance of X:10, Y:5
LUT__137905|in[1]                                                           EFX_LUT4       0.063             7.712              2        (141,167)
LUT__137905|out                                                             EFX_LUT4       0.000             7.712              2        (141,167)
n69126                                                                      net            0.000             7.712              2        (141,167)
sapphire/u_efinix_2d_gpu/render/headError[1]~FF_rt_27|D                     EFX_FF         0.003             7.715              2        (141,167)

Capture Clock Path
                          name                             model name   delay (ns)  cumulative delay (ns) pins on net    location
===================================================================================================================================
core_clk                                                     input        0.000             0.000                0      (0,162)  
core_clk                                                     input        0.126             0.126            15353      (0,162)  
core_clk                                                     net          1.978             2.104            15353      (0,162)  
   Routing elements:
      Manhattan distance of X:141, Y:5
sapphire/u_efinix_2d_gpu/render/headError[1]~FF_rt_27|CLK    EFX_FF       0.000             2.104            15353      (141,167)

++++ Path 10 +++++++++++++++++++++++++++++++++++++++++++++++++++++++++++++++++++

Path Begin    : sapphire/u_efinix_2d_gpu/render/queue/queue/ram_ext/Memory__D$c12|RCLK
Path End      : sapphire/u_efinix_2d_gpu/render/headError[1]~FF_rt_27|D               
Launch Clock  : core_clk (RISE)                                                       
Capture Clock : core_clk (RISE)                                                       
Slack         : 2.162 (required time - arrival time)                                  
Delay         : 6.348                                                                 

Logic Level             : 24
Non-global nets on path : 25
Global nets on path     :  0

Launch Clock Path Delay        : 2.104
+ Clock To Q + Data Path Delay : 7.712
--------------------------------------
End-of-path arrival time       : 9.816

Constraint                     : 10.000
+ Capture Clock Path Delay     :  2.104
- Clock Uncertainty            :  0.126
---------------------------------------
End-of-path required time      : 11.978

Launch Clock Path
                                 name                                   model name   delay (ns)  cumulative delay (ns) pins on net    location
================================================================================================================================================
core_clk                                                                input          0.000             0.000                0      (0,162)  
core_clk                                                                input          0.126             0.126            15353      (0,162)  
core_clk                                                                net            1.978             2.104            15353      (0,162)  
   Routing elements:
      Manhattan distance of X:102, Y:20
sapphire/u_efinix_2d_gpu/render/queue/queue/ram_ext/Memory__D$c12|RCLK  EFX_RAM10      0.000             2.104            15353      (102,142)

Data Path
                                   name                                     model name   delay (ns)  cumulative delay (ns) pins on net    location
====================================================================================================================================================
sapphire/u_efinix_2d_gpu/render/queue/queue/ram_ext/Memory__D$c12|RDATA[7]  EFX_RAM10      1.361             1.361              2        (102,142)
n1381                                                                       net            0.403             1.764              2        (102,142)
   Routing elements:
      Manhattan distance of X:3, Y:9
LUT__135582|in[3]                                                           EFX_LUT4       0.063             1.827              2        (105,151)
LUT__135582|out                                                             EFX_LUT4       0.000             1.827              3        (105,151)
n68082                                                                      net            0.481             2.308              3        (105,151)
   Routing elements:
      Manhattan distance of X:10, Y:7
LUT__135584|in[0]                                                           EFX_LUT4       0.061             2.369              3        (115,144)
LUT__135584|out                                                             EFX_LUT4       0.000             2.369              5        (115,144)
n1382                                                                       net            0.649             3.018              5        (115,144)
   Routing elements:
      Manhattan distance of X:8, Y:2
sapphire/u_efinix_2d_gpu/render/validator/mult_136_pp_0x0|B[11]             EFX_DSP48      1.317             4.335              5        (123,142)
sapphire/u_efinix_2d_gpu/render/validator/mult_136_pp_0x0|O[0]              EFX_DSP48      0.000             4.335              2        (123,142)
sapphire/u_efinix_2d_gpu/render/validator/n1372                             net            0.434             4.769              2        (123,142)
   Routing elements:
      Manhattan distance of X:1, Y:3
sapphire/u_efinix_2d_gpu/render/validator/add_137/i1|I1                     EFX_ADD        0.057             4.826              2        (122,139)
sapphire/u_efinix_2d_gpu/render/validator/add_137/i1|CO                     EFX_ADD        0.000             4.826              2        (122,139)
sapphire/u_efinix_2d_gpu/render/validator/add_137/n2                        net            0.000             4.826              2        (122,139)
   Routing elements:
      Manhattan distance of X:0, Y:1
sapphire/u_efinix_2d_gpu/render/validator/add_137/i2|CI                     EFX_ADD        0.024             4.850              2        (122,140)
sapphire/u_efinix_2d_gpu/render/validator/add_137/i2|CO                     EFX_ADD        0.000             4.850              2        (122,140)
sapphire/u_efinix_2d_gpu/render/validator/add_137/n4                        net            0.000             4.850              2        (122,140)
   Routing elements:
      Manhattan distance of X:0, Y:1
sapphire/u_efinix_2d_gpu/render/validator/add_137/i3|CI                     EFX_ADD        0.024             4.874              2        (122,141)
sapphire/u_efinix_2d_gpu/render/validator/add_137/i3|CO                     EFX_ADD        0.000             4.874              2        (122,141)
sapphire/u_efinix_2d_gpu/render/validator/add_137/n6                        net            0.000             4.874              2        (122,141)
   Routing elements:
      Manhattan distance of X:0, Y:1
sapphire/u_efinix_2d_gpu/render/validator/add_137/i4|CI                     EFX_ADD        0.024             4.898              2        (122,142)
sapphire/u_efinix_2d_gpu/render/validator/add_137/i4|CO                     EFX_ADD        0.000             4.898              2        (122,142)
sapphire/u_efinix_2d_gpu/render/validator/add_137/n8                        net            0.000             4.898              2        (122,142)
   Routing elements:
      Manhattan distance of X:0, Y:1
sapphire/u_efinix_2d_gpu/render/validator/add_137/i5|CI                     EFX_ADD        0.024             4.922              2        (122,143)
sapphire/u_efinix_2d_gpu/render/validator/add_137/i5|CO                     EFX_ADD        0.000             4.922              2        (122,143)
sapphire/u_efinix_2d_gpu/render/validator/add_137/n10                       net            0.000             4.922              2        (122,143)
   Routing elements:
      Manhattan distance of X:0, Y:1
sapphire/u_efinix_2d_gpu/render/validator/add_137/i6|CI                     EFX_ADD        0.024             4.946              2        (122,144)
sapphire/u_efinix_2d_gpu/render/validator/add_137/i6|CO                     EFX_ADD        0.000             4.946              2        (122,144)
sapphire/u_efinix_2d_gpu/render/validator/add_137/n12                       net            0.000             4.946              2        (122,144)
   Routing elements:
      Manhattan distance of X:0, Y:1
sapphire/u_efinix_2d_gpu/render/validator/add_137/i7|CI                     EFX_ADD        0.024             4.970              2        (122,145)
sapphire/u_efinix_2d_gpu/render/validator/add_137/i7|CO                     EFX_ADD        0.000             4.970              2        (122,145)
sapphire/u_efinix_2d_gpu/render/validator/add_137/n14                       net            0.000             4.970              2        (122,145)
   Routing elements:
      Manhattan distance of X:0, Y:1
sapphire/u_efinix_2d_gpu/render/validator/add_137/i8|CI                     EFX_ADD        0.024             4.994              2        (122,146)
sapphire/u_efinix_2d_gpu/render/validator/add_137/i8|CO                     EFX_ADD        0.000             4.994              2        (122,146)
sapphire/u_efinix_2d_gpu/render/validator/add_137/n16                       net            0.000             4.994              2        (122,146)
   Routing elements:
      Manhattan distance of X:0, Y:1
sapphire/u_efinix_2d_gpu/render/validator/add_137/i9|CI                     EFX_ADD        0.024             5.018              2        (122,147)
sapphire/u_efinix_2d_gpu/render/validator/add_137/i9|CO                     EFX_ADD        0.000             5.018              2        (122,147)
sapphire/u_efinix_2d_gpu/render/validator/add_137/n18                       net            0.000             5.018              2        (122,147)
   Routing elements:
      Manhattan distance of X:0, Y:1
sapphire/u_efinix_2d_gpu/render/validator/add_137/i10|CI                    EFX_ADD        0.024             5.042              2        (122,148)
sapphire/u_efinix_2d_gpu/render/validator/add_137/i10|CO                    EFX_ADD        0.000             5.042              2        (122,148)
sapphire/u_efinix_2d_gpu/render/validator/add_137/n20                       net            0.000             5.042              2        (122,148)
   Routing elements:
      Manhattan distance of X:0, Y:1
sapphire/u_efinix_2d_gpu/render/validator/add_137/i11|CI                    EFX_ADD        0.024             5.066              2        (122,149)
sapphire/u_efinix_2d_gpu/render/validator/add_137/i11|CO                    EFX_ADD        0.000             5.066              2        (122,149)
sapphire/u_efinix_2d_gpu/render/validator/add_137/n22                       net            0.000             5.066              2        (122,149)
   Routing elements:
      Manhattan distance of X:0, Y:1
sapphire/u_efinix_2d_gpu/render/validator/add_137/i12|CI                    EFX_ADD        0.024             5.090              2        (122,150)
sapphire/u_efinix_2d_gpu/render/validator/add_137/i12|CO                    EFX_ADD        0.000             5.090              2        (122,150)
sapphire/u_efinix_2d_gpu/render/validator/add_137/n24                       net            0.000             5.090              2        (122,150)
   Routing elements:
      Manhattan distance of X:0, Y:1
sapphire/u_efinix_2d_gpu/render/validator/add_137/i13|CI                    EFX_ADD        0.024             5.114              2        (122,151)
sapphire/u_efinix_2d_gpu/render/validator/add_137/i13|CO                    EFX_ADD        0.000             5.114              2        (122,151)
sapphire/u_efinix_2d_gpu/render/validator/add_137/n26                       net            0.000             5.114              2        (122,151)
   Routing elements:
      Manhattan distance of X:0, Y:1
sapphire/u_efinix_2d_gpu/render/validator/add_137/i14|CI                    EFX_ADD        0.024             5.138              2        (122,152)
sapphire/u_efinix_2d_gpu/render/validator/add_137/i14|CO                    EFX_ADD        0.000             5.138              2        (122,152)
sapphire/u_efinix_2d_gpu/render/validator/add_137/n28                       net            0.000             5.138              2        (122,152)
   Routing elements:
      Manhattan distance of X:0, Y:1
sapphire/u_efinix_2d_gpu/render/validator/add_137/i15|CI                    EFX_ADD        0.097             5.235              2        (122,153)
sapphire/u_efinix_2d_gpu/render/validator/add_137/i15|O                     EFX_ADD        0.000             5.235              7        (122,153)
sapphire/u_efinix_2d_gpu/render/validator/_dstEnd_T_5[14]                   net            0.524             5.759              7        (122,153)
   Routing elements:
      Manhattan distance of X:12, Y:3
LUT__137821|in[3]                                                           EFX_LUT4       0.061             5.820              7        (134,156)
LUT__137821|out                                                             EFX_LUT4       0.000             5.820              2        (134,156)
n69042                                                                      net            0.179             5.999              2        (134,156)
   Routing elements:
      Manhattan distance of X:0, Y:2
LUT__137822|in[1]                                                           EFX_LUT4       0.061             6.060              2        (134,154)
LUT__137822|out                                                             EFX_LUT4       0.000             6.060              4        (134,154)
n69043                                                                      net            0.353             6.413              4        (134,154)
   Routing elements:
      Manhattan distance of X:9, Y:1
LUT__137844|in[3]                                                           EFX_LUT4       0.061             6.474              4        (143,153)
LUT__137844|out                                                             EFX_LUT4       0.000             6.474              2        (143,153)
n69065                                                                      net            0.194             6.668              2        (143,153)
   Routing elements:
      Manhattan distance of X:0, Y:5
LUT__137848|in[2]                                                           EFX_LUT4       0.061             6.729              2        (143,148)
LUT__137848|out                                                             EFX_LUT4       0.000             6.729              2        (143,148)
n69069                                                                      net            0.562             7.291              2        (143,148)
   Routing elements:
      Manhattan distance of X:12, Y:24
LUT__137860|in[0]                                                           EFX_LUT4       0.061             7.352              2        (131,172)
LUT__137860|out                                                             EFX_LUT4       0.000             7.352              2        (131,172)
n69081                                                                      net            0.294             7.646              2        (131,172)
   Routing elements:
      Manhattan distance of X:10, Y:5
LUT__137905|in[1]                                                           EFX_LUT4       0.063             7.709              2        (141,167)
LUT__137905|out                                                             EFX_LUT4       0.000             7.709              2        (141,167)
n69126                                                                      net            0.000             7.709              2        (141,167)
sapphire/u_efinix_2d_gpu/render/headError[1]~FF_rt_27|D                     EFX_FF         0.003             7.712              2        (141,167)

Capture Clock Path
                          name                             model name   delay (ns)  cumulative delay (ns) pins on net    location
===================================================================================================================================
core_clk                                                     input        0.000             0.000                0      (0,162)  
core_clk                                                     input        0.126             0.126            15353      (0,162)  
core_clk                                                     net          1.978             2.104            15353      (0,162)  
   Routing elements:
      Manhattan distance of X:141, Y:5
sapphire/u_efinix_2d_gpu/render/headError[1]~FF_rt_27|CLK    EFX_FF       0.000             2.104            15353      (141,167)

################################################################################
Path Detail Report (rx_cal_clk vs rx_cal_clk)
################################################################################


++++ Path 1 ++++++++++++++++++++++++++++++++++++++++++++++++++++++++++++++++++++

Path Begin    : sapphire/u_ddr3_top/u_phy_top/u_ddr_phy_if/ddr_dqs_in_lo_r2[1]~FF|CLK
Path End      : sapphire/u_ddr3_top/u_phy_top/u_ddr_phy_if/wr_data_cnt[0]~FF|SR      
Launch Clock  : rx_cal_clk (RISE)                                                    
Capture Clock : rx_cal_clk (RISE)                                                    
Slack         : 0.302 (required time - arrival time)                                 
Delay         : 1.838                                                                

Logic Level             : 4
Non-global nets on path : 5
Global nets on path     : 0

Launch Clock Path Delay        : 2.043
+ Clock To Q + Data Path Delay : 2.072
--------------------------------------
End-of-path arrival time       : 4.115

Constraint                     : 2.500
+ Capture Clock Path Delay     : 2.043
- Clock Uncertainty            : 0.126
--------------------------------------
End-of-path required time      : 4.417

Launch Clock Path
                                name                                   model name   delay (ns)  cumulative delay (ns) pins on net    location
===============================================================================================================================================
rx_cal_clk                                                               input        0.000             0.000               0       (219,163)
rx_cal_clk                                                               input        0.126             0.126             302       (219,163)
rx_cal_clk                                                               net          1.917             2.043             302       (219,163)
   Routing elements:
      Manhattan distance of X:69, Y:151
sapphire/u_ddr3_top/u_phy_top/u_ddr_phy_if/ddr_dqs_in_lo_r2[1]~FF|CLK    EFX_FF       0.000             2.043             302       (150,12) 

Data Path
                               name                                  model name   delay (ns)  cumulative delay (ns) pins on net    location
=============================================================================================================================================
sapphire/u_ddr3_top/u_phy_top/u_ddr_phy_if/ddr_dqs_in_lo_r2[1]~FF|Q   EFX_FF        0.130             0.130               5        (150,12)
sapphire/u_ddr3_top/u_phy_top/u_ddr_phy_if/ddr_dqs_in_lo_r2[1]        net           0.176             0.306               5        (150,12)
   Routing elements:
      Manhattan distance of X:0, Y:5
LUT__124207|in[3]                                                     EFX_LUT4      0.063             0.369               5        (150,17)
LUT__124207|out                                                       EFX_LUT4      0.000             0.369               2        (150,17)
n62327                                                                net           0.218             0.587               2        (150,17)
   Routing elements:
      Manhattan distance of X:1, Y:0
LUT__124208|in[1]                                                     EFX_LUT4      0.061             0.648               2        (151,17)
LUT__124208|out                                                       EFX_LUT4      0.000             0.648               2        (151,17)
n62328                                                                net           0.415             1.063               2        (151,17)
   Routing elements:
      Manhattan distance of X:10, Y:24
LUT__124209|in[0]                                                     EFX_LUT4      0.061             1.124               2        (161,41)
LUT__124209|out                                                       EFX_LUT4      0.000             1.124             131        (161,41)
sapphire/u_ddr3_top/u_phy_top/u_ddr_phy_if/mpr_rd_en                  net           0.455             1.579             131        (161,41)
   Routing elements:
      Manhattan distance of X:48, Y:5
LUT__124387|in[1]                                                     EFX_LUT4      0.061             1.640             131        (113,46)
LUT__124387|out                                                       EFX_LUT4      0.000             1.640               3        (113,46)
sapphire/u_ddr3_top/u_phy_top/u_ddr_phy_if/n3993                      net           0.328             1.968               3        (113,46)
   Routing elements:
      Manhattan distance of X:0, Y:1
sapphire/u_ddr3_top/u_phy_top/u_ddr_phy_if/wr_data_cnt[0]~FF|SR       EFX_FF        0.104             2.072               3        (113,45)

Capture Clock Path
                              name                                model name   delay (ns)  cumulative delay (ns) pins on net    location
==========================================================================================================================================
rx_cal_clk                                                          input        0.000             0.000               0       (219,163)
rx_cal_clk                                                          input        0.126             0.126             302       (219,163)
rx_cal_clk                                                          net          1.917             2.043             302       (219,163)
   Routing elements:
      Manhattan distance of X:106, Y:118
sapphire/u_ddr3_top/u_phy_top/u_ddr_phy_if/wr_data_cnt[0]~FF|CLK    EFX_FF       0.000             2.043             302       (113,45) 

++++ Path 2 ++++++++++++++++++++++++++++++++++++++++++++++++++++++++++++++++++++

Path Begin    : sapphire/u_ddr3_top/u_phy_top/u_ddr_phy_if/ddr_dqs_in_lo_r2[1]~FF|CLK
Path End      : sapphire/u_ddr3_top/u_phy_top/u_ddr_phy_if/wr_data_cnt[1]~FF|SR      
Launch Clock  : rx_cal_clk (RISE)                                                    
Capture Clock : rx_cal_clk (RISE)                                                    
Slack         : 0.302 (required time - arrival time)                                 
Delay         : 1.838                                                                

Logic Level             : 4
Non-global nets on path : 5
Global nets on path     : 0

Launch Clock Path Delay        : 2.043
+ Clock To Q + Data Path Delay : 2.072
--------------------------------------
End-of-path arrival time       : 4.115

Constraint                     : 2.500
+ Capture Clock Path Delay     : 2.043
- Clock Uncertainty            : 0.126
--------------------------------------
End-of-path required time      : 4.417

Launch Clock Path
                                name                                   model name   delay (ns)  cumulative delay (ns) pins on net    location
===============================================================================================================================================
rx_cal_clk                                                               input        0.000             0.000               0       (219,163)
rx_cal_clk                                                               input        0.126             0.126             302       (219,163)
rx_cal_clk                                                               net          1.917             2.043             302       (219,163)
   Routing elements:
      Manhattan distance of X:69, Y:151
sapphire/u_ddr3_top/u_phy_top/u_ddr_phy_if/ddr_dqs_in_lo_r2[1]~FF|CLK    EFX_FF       0.000             2.043             302       (150,12) 

Data Path
                               name                                  model name   delay (ns)  cumulative delay (ns) pins on net    location
=============================================================================================================================================
sapphire/u_ddr3_top/u_phy_top/u_ddr_phy_if/ddr_dqs_in_lo_r2[1]~FF|Q   EFX_FF        0.130             0.130               5        (150,12)
sapphire/u_ddr3_top/u_phy_top/u_ddr_phy_if/ddr_dqs_in_lo_r2[1]        net           0.176             0.306               5        (150,12)
   Routing elements:
      Manhattan distance of X:0, Y:5
LUT__124207|in[3]                                                     EFX_LUT4      0.063             0.369               5        (150,17)
LUT__124207|out                                                       EFX_LUT4      0.000             0.369               2        (150,17)
n62327                                                                net           0.218             0.587               2        (150,17)
   Routing elements:
      Manhattan distance of X:1, Y:0
LUT__124208|in[1]                                                     EFX_LUT4      0.061             0.648               2        (151,17)
LUT__124208|out                                                       EFX_LUT4      0.000             0.648               2        (151,17)
n62328                                                                net           0.415             1.063               2        (151,17)
   Routing elements:
      Manhattan distance of X:10, Y:24
LUT__124209|in[0]                                                     EFX_LUT4      0.061             1.124               2        (161,41)
LUT__124209|out                                                       EFX_LUT4      0.000             1.124             131        (161,41)
sapphire/u_ddr3_top/u_phy_top/u_ddr_phy_if/mpr_rd_en                  net           0.455             1.579             131        (161,41)
   Routing elements:
      Manhattan distance of X:48, Y:5
LUT__124387|in[1]                                                     EFX_LUT4      0.061             1.640             131        (113,46)
LUT__124387|out                                                       EFX_LUT4      0.000             1.640               3        (113,46)
sapphire/u_ddr3_top/u_phy_top/u_ddr_phy_if/n3993                      net           0.328             1.968               3        (113,46)
   Routing elements:
      Manhattan distance of X:0, Y:1
sapphire/u_ddr3_top/u_phy_top/u_ddr_phy_if/wr_data_cnt[1]~FF|SR       EFX_FF        0.104             2.072               3        (113,47)

Capture Clock Path
                              name                                model name   delay (ns)  cumulative delay (ns) pins on net    location
==========================================================================================================================================
rx_cal_clk                                                          input        0.000             0.000               0       (219,163)
rx_cal_clk                                                          input        0.126             0.126             302       (219,163)
rx_cal_clk                                                          net          1.917             2.043             302       (219,163)
   Routing elements:
      Manhattan distance of X:106, Y:116
sapphire/u_ddr3_top/u_phy_top/u_ddr_phy_if/wr_data_cnt[1]~FF|CLK    EFX_FF       0.000             2.043             302       (113,47) 

++++ Path 3 ++++++++++++++++++++++++++++++++++++++++++++++++++++++++++++++++++++

Path Begin    : sapphire/u_ddr3_top/u_phy_top/u_ddr_phy_if/ddr_dqs_in_lo_r2[0]~FF|CLK
Path End      : sapphire/u_ddr3_top/u_phy_top/u_ddr_phy_if/wr_data_cnt[0]~FF|SR      
Launch Clock  : rx_cal_clk (RISE)                                                    
Capture Clock : rx_cal_clk (RISE)                                                    
Slack         : 0.338 (required time - arrival time)                                 
Delay         : 1.802                                                                

Logic Level             : 4
Non-global nets on path : 5
Global nets on path     : 0

Launch Clock Path Delay        : 2.043
+ Clock To Q + Data Path Delay : 2.036
--------------------------------------
End-of-path arrival time       : 4.079

Constraint                     : 2.500
+ Capture Clock Path Delay     : 2.043
- Clock Uncertainty            : 0.126
--------------------------------------
End-of-path required time      : 4.417

Launch Clock Path
                                name                                   model name   delay (ns)  cumulative delay (ns) pins on net    location
===============================================================================================================================================
rx_cal_clk                                                               input        0.000             0.000               0       (219,163)
rx_cal_clk                                                               input        0.126             0.126             302       (219,163)
rx_cal_clk                                                               net          1.917             2.043             302       (219,163)
   Routing elements:
      Manhattan distance of X:69, Y:141
sapphire/u_ddr3_top/u_phy_top/u_ddr_phy_if/ddr_dqs_in_lo_r2[0]~FF|CLK    EFX_FF       0.000             2.043             302       (150,22) 

Data Path
                               name                                  model name   delay (ns)  cumulative delay (ns) pins on net    location
=============================================================================================================================================
sapphire/u_ddr3_top/u_phy_top/u_ddr_phy_if/ddr_dqs_in_lo_r2[0]~FF|Q   EFX_FF        0.130             0.130               5        (150,22)
sapphire/u_ddr3_top/u_phy_top/u_ddr_phy_if/ddr_dqs_in_lo_r2[0]        net           0.140             0.270               5        (150,22)
   Routing elements:
      Manhattan distance of X:0, Y:5
LUT__124207|in[2]                                                     EFX_LUT4      0.063             0.333               5        (150,17)
LUT__124207|out                                                       EFX_LUT4      0.000             0.333               2        (150,17)
n62327                                                                net           0.218             0.551               2        (150,17)
   Routing elements:
      Manhattan distance of X:1, Y:0
LUT__124208|in[1]                                                     EFX_LUT4      0.061             0.612               2        (151,17)
LUT__124208|out                                                       EFX_LUT4      0.000             0.612               2        (151,17)
n62328                                                                net           0.415             1.027               2        (151,17)
   Routing elements:
      Manhattan distance of X:10, Y:24
LUT__124209|in[0]                                                     EFX_LUT4      0.061             1.088               2        (161,41)
LUT__124209|out                                                       EFX_LUT4      0.000             1.088             131        (161,41)
sapphire/u_ddr3_top/u_phy_top/u_ddr_phy_if/mpr_rd_en                  net           0.455             1.543             131        (161,41)
   Routing elements:
      Manhattan distance of X:48, Y:5
LUT__124387|in[1]                                                     EFX_LUT4      0.061             1.604             131        (113,46)
LUT__124387|out                                                       EFX_LUT4      0.000             1.604               3        (113,46)
sapphire/u_ddr3_top/u_phy_top/u_ddr_phy_if/n3993                      net           0.328             1.932               3        (113,46)
   Routing elements:
      Manhattan distance of X:0, Y:1
sapphire/u_ddr3_top/u_phy_top/u_ddr_phy_if/wr_data_cnt[0]~FF|SR       EFX_FF        0.104             2.036               3        (113,45)

Capture Clock Path
                              name                                model name   delay (ns)  cumulative delay (ns) pins on net    location
==========================================================================================================================================
rx_cal_clk                                                          input        0.000             0.000               0       (219,163)
rx_cal_clk                                                          input        0.126             0.126             302       (219,163)
rx_cal_clk                                                          net          1.917             2.043             302       (219,163)
   Routing elements:
      Manhattan distance of X:106, Y:118
sapphire/u_ddr3_top/u_phy_top/u_ddr_phy_if/wr_data_cnt[0]~FF|CLK    EFX_FF       0.000             2.043             302       (113,45) 

++++ Path 4 ++++++++++++++++++++++++++++++++++++++++++++++++++++++++++++++++++++

Path Begin    : sapphire/u_ddr3_top/u_phy_top/u_ddr_phy_if/ddr_dqs_in_lo_r2[0]~FF|CLK
Path End      : sapphire/u_ddr3_top/u_phy_top/u_ddr_phy_if/wr_data_cnt[1]~FF|SR      
Launch Clock  : rx_cal_clk (RISE)                                                    
Capture Clock : rx_cal_clk (RISE)                                                    
Slack         : 0.338 (required time - arrival time)                                 
Delay         : 1.802                                                                

Logic Level             : 4
Non-global nets on path : 5
Global nets on path     : 0

Launch Clock Path Delay        : 2.043
+ Clock To Q + Data Path Delay : 2.036
--------------------------------------
End-of-path arrival time       : 4.079

Constraint                     : 2.500
+ Capture Clock Path Delay     : 2.043
- Clock Uncertainty            : 0.126
--------------------------------------
End-of-path required time      : 4.417

Launch Clock Path
                                name                                   model name   delay (ns)  cumulative delay (ns) pins on net    location
===============================================================================================================================================
rx_cal_clk                                                               input        0.000             0.000               0       (219,163)
rx_cal_clk                                                               input        0.126             0.126             302       (219,163)
rx_cal_clk                                                               net          1.917             2.043             302       (219,163)
   Routing elements:
      Manhattan distance of X:69, Y:141
sapphire/u_ddr3_top/u_phy_top/u_ddr_phy_if/ddr_dqs_in_lo_r2[0]~FF|CLK    EFX_FF       0.000             2.043             302       (150,22) 

Data Path
                               name                                  model name   delay (ns)  cumulative delay (ns) pins on net    location
=============================================================================================================================================
sapphire/u_ddr3_top/u_phy_top/u_ddr_phy_if/ddr_dqs_in_lo_r2[0]~FF|Q   EFX_FF        0.130             0.130               5        (150,22)
sapphire/u_ddr3_top/u_phy_top/u_ddr_phy_if/ddr_dqs_in_lo_r2[0]        net           0.140             0.270               5        (150,22)
   Routing elements:
      Manhattan distance of X:0, Y:5
LUT__124207|in[2]                                                     EFX_LUT4      0.063             0.333               5        (150,17)
LUT__124207|out                                                       EFX_LUT4      0.000             0.333               2        (150,17)
n62327                                                                net           0.218             0.551               2        (150,17)
   Routing elements:
      Manhattan distance of X:1, Y:0
LUT__124208|in[1]                                                     EFX_LUT4      0.061             0.612               2        (151,17)
LUT__124208|out                                                       EFX_LUT4      0.000             0.612               2        (151,17)
n62328                                                                net           0.415             1.027               2        (151,17)
   Routing elements:
      Manhattan distance of X:10, Y:24
LUT__124209|in[0]                                                     EFX_LUT4      0.061             1.088               2        (161,41)
LUT__124209|out                                                       EFX_LUT4      0.000             1.088             131        (161,41)
sapphire/u_ddr3_top/u_phy_top/u_ddr_phy_if/mpr_rd_en                  net           0.455             1.543             131        (161,41)
   Routing elements:
      Manhattan distance of X:48, Y:5
LUT__124387|in[1]                                                     EFX_LUT4      0.061             1.604             131        (113,46)
LUT__124387|out                                                       EFX_LUT4      0.000             1.604               3        (113,46)
sapphire/u_ddr3_top/u_phy_top/u_ddr_phy_if/n3993                      net           0.328             1.932               3        (113,46)
   Routing elements:
      Manhattan distance of X:0, Y:1
sapphire/u_ddr3_top/u_phy_top/u_ddr_phy_if/wr_data_cnt[1]~FF|SR       EFX_FF        0.104             2.036               3        (113,47)

Capture Clock Path
                              name                                model name   delay (ns)  cumulative delay (ns) pins on net    location
==========================================================================================================================================
rx_cal_clk                                                          input        0.000             0.000               0       (219,163)
rx_cal_clk                                                          input        0.126             0.126             302       (219,163)
rx_cal_clk                                                          net          1.917             2.043             302       (219,163)
   Routing elements:
      Manhattan distance of X:106, Y:116
sapphire/u_ddr3_top/u_phy_top/u_ddr_phy_if/wr_data_cnt[1]~FF|CLK    EFX_FF       0.000             2.043             302       (113,47) 

++++ Path 5 ++++++++++++++++++++++++++++++++++++++++++++++++++++++++++++++++++++

Path Begin    : sapphire/u_ddr3_top/u_phy_top/u_ddr_phy_if/ddr_dqs_in_lo_r2[1]~FF|CLK
Path End      : sapphire/u_ddr3_top/u_phy_top/u_ddr_phy_if/u4_data[11]~FF|CE         
Launch Clock  : rx_cal_clk (RISE)                                                    
Capture Clock : rx_cal_clk (RISE)                                                    
Slack         : 0.399 (required time - arrival time)                                 
Delay         : 1.741                                                                

Logic Level             : 3
Non-global nets on path : 4
Global nets on path     : 0

Launch Clock Path Delay        : 2.043
+ Clock To Q + Data Path Delay : 1.975
--------------------------------------
End-of-path arrival time       : 4.018

Constraint                     : 2.500
+ Capture Clock Path Delay     : 2.043
- Clock Uncertainty            : 0.126
--------------------------------------
End-of-path required time      : 4.417

Launch Clock Path
                                name                                   model name   delay (ns)  cumulative delay (ns) pins on net    location
===============================================================================================================================================
rx_cal_clk                                                               input        0.000             0.000               0       (219,163)
rx_cal_clk                                                               input        0.126             0.126             302       (219,163)
rx_cal_clk                                                               net          1.917             2.043             302       (219,163)
   Routing elements:
      Manhattan distance of X:69, Y:151
sapphire/u_ddr3_top/u_phy_top/u_ddr_phy_if/ddr_dqs_in_lo_r2[1]~FF|CLK    EFX_FF       0.000             2.043             302       (150,12) 

Data Path
                               name                                  model name   delay (ns)  cumulative delay (ns) pins on net    location
=============================================================================================================================================
sapphire/u_ddr3_top/u_phy_top/u_ddr_phy_if/ddr_dqs_in_lo_r2[1]~FF|Q   EFX_FF        0.130             0.130               5        (150,12)
sapphire/u_ddr3_top/u_phy_top/u_ddr_phy_if/ddr_dqs_in_lo_r2[1]        net           0.176             0.306               5        (150,12)
   Routing elements:
      Manhattan distance of X:0, Y:5
LUT__124207|in[3]                                                     EFX_LUT4      0.063             0.369               5        (150,17)
LUT__124207|out                                                       EFX_LUT4      0.000             0.369               2        (150,17)
n62327                                                                net           0.218             0.587               2        (150,17)
   Routing elements:
      Manhattan distance of X:1, Y:0
LUT__124208|in[1]                                                     EFX_LUT4      0.061             0.648               2        (151,17)
LUT__124208|out                                                       EFX_LUT4      0.000             0.648               2        (151,17)
n62328                                                                net           0.415             1.063               2        (151,17)
   Routing elements:
      Manhattan distance of X:10, Y:24
LUT__124209|in[0]                                                     EFX_LUT4      0.061             1.124               2        (161,41)
LUT__124209|out                                                       EFX_LUT4      0.000             1.124             131        (161,41)
sapphire/u_ddr3_top/u_phy_top/u_ddr_phy_if/mpr_rd_en                  net           0.747             1.871             131        (161,41)
   Routing elements:
      Manhattan distance of X:7, Y:22
sapphire/u_ddr3_top/u_phy_top/u_ddr_phy_if/u4_data[11]~FF|CE          EFX_FF        0.104             1.975             131        (154,19)

Capture Clock Path
                            name                               model name   delay (ns)  cumulative delay (ns) pins on net    location
=======================================================================================================================================
rx_cal_clk                                                       input        0.000             0.000               0       (219,163)
rx_cal_clk                                                       input        0.126             0.126             302       (219,163)
rx_cal_clk                                                       net          1.917             2.043             302       (219,163)
   Routing elements:
      Manhattan distance of X:65, Y:144
sapphire/u_ddr3_top/u_phy_top/u_ddr_phy_if/u4_data[11]~FF|CLK    EFX_FF       0.000             2.043             302       (154,19) 

++++ Path 6 ++++++++++++++++++++++++++++++++++++++++++++++++++++++++++++++++++++

Path Begin    : sapphire/u_ddr3_top/u_phy_top/u_ddr_phy_if/ddr_dqs_in_lo_r2[1]~FF|CLK
Path End      : sapphire/u_ddr3_top/u_phy_top/u_ddr_phy_if/u4_data[127]~FF|CE        
Launch Clock  : rx_cal_clk (RISE)                                                    
Capture Clock : rx_cal_clk (RISE)                                                    
Slack         : 0.399 (required time - arrival time)                                 
Delay         : 1.741                                                                

Logic Level             : 3
Non-global nets on path : 4
Global nets on path     : 0

Launch Clock Path Delay        : 2.043
+ Clock To Q + Data Path Delay : 1.975
--------------------------------------
End-of-path arrival time       : 4.018

Constraint                     : 2.500
+ Capture Clock Path Delay     : 2.043
- Clock Uncertainty            : 0.126
--------------------------------------
End-of-path required time      : 4.417

Launch Clock Path
                                name                                   model name   delay (ns)  cumulative delay (ns) pins on net    location
===============================================================================================================================================
rx_cal_clk                                                               input        0.000             0.000               0       (219,163)
rx_cal_clk                                                               input        0.126             0.126             302       (219,163)
rx_cal_clk                                                               net          1.917             2.043             302       (219,163)
   Routing elements:
      Manhattan distance of X:69, Y:151
sapphire/u_ddr3_top/u_phy_top/u_ddr_phy_if/ddr_dqs_in_lo_r2[1]~FF|CLK    EFX_FF       0.000             2.043             302       (150,12) 

Data Path
                               name                                  model name   delay (ns)  cumulative delay (ns) pins on net    location
=============================================================================================================================================
sapphire/u_ddr3_top/u_phy_top/u_ddr_phy_if/ddr_dqs_in_lo_r2[1]~FF|Q   EFX_FF        0.130             0.130               5        (150,12)
sapphire/u_ddr3_top/u_phy_top/u_ddr_phy_if/ddr_dqs_in_lo_r2[1]        net           0.176             0.306               5        (150,12)
   Routing elements:
      Manhattan distance of X:0, Y:5
LUT__124207|in[3]                                                     EFX_LUT4      0.063             0.369               5        (150,17)
LUT__124207|out                                                       EFX_LUT4      0.000             0.369               2        (150,17)
n62327                                                                net           0.218             0.587               2        (150,17)
   Routing elements:
      Manhattan distance of X:1, Y:0
LUT__124208|in[1]                                                     EFX_LUT4      0.061             0.648               2        (151,17)
LUT__124208|out                                                       EFX_LUT4      0.000             0.648               2        (151,17)
n62328                                                                net           0.415             1.063               2        (151,17)
   Routing elements:
      Manhattan distance of X:10, Y:24
LUT__124209|in[0]                                                     EFX_LUT4      0.061             1.124               2        (161,41)
LUT__124209|out                                                       EFX_LUT4      0.000             1.124             131        (161,41)
sapphire/u_ddr3_top/u_phy_top/u_ddr_phy_if/mpr_rd_en                  net           0.747             1.871             131        (161,41)
   Routing elements:
      Manhattan distance of X:7, Y:30
sapphire/u_ddr3_top/u_phy_top/u_ddr_phy_if/u4_data[127]~FF|CE         EFX_FF        0.104             1.975             131        (154,11)

Capture Clock Path
                             name                               model name   delay (ns)  cumulative delay (ns) pins on net    location
========================================================================================================================================
rx_cal_clk                                                        input        0.000             0.000               0       (219,163)
rx_cal_clk                                                        input        0.126             0.126             302       (219,163)
rx_cal_clk                                                        net          1.917             2.043             302       (219,163)
   Routing elements:
      Manhattan distance of X:65, Y:152
sapphire/u_ddr3_top/u_phy_top/u_ddr_phy_if/u4_data[127]~FF|CLK    EFX_FF       0.000             2.043             302       (154,11) 

++++ Path 7 ++++++++++++++++++++++++++++++++++++++++++++++++++++++++++++++++++++

Path Begin    : sapphire/u_ddr3_top/u_phy_top/u_ddr_phy_if/ddr_dqs_in_lo_r2[1]~FF|CLK
Path End      : sapphire/u_ddr3_top/u_phy_top/u_ddr_phy_if/u4_data[126]~FF|CE        
Launch Clock  : rx_cal_clk (RISE)                                                    
Capture Clock : rx_cal_clk (RISE)                                                    
Slack         : 0.399 (required time - arrival time)                                 
Delay         : 1.741                                                                

Logic Level             : 3
Non-global nets on path : 4
Global nets on path     : 0

Launch Clock Path Delay        : 2.043
+ Clock To Q + Data Path Delay : 1.975
--------------------------------------
End-of-path arrival time       : 4.018

Constraint                     : 2.500
+ Capture Clock Path Delay     : 2.043
- Clock Uncertainty            : 0.126
--------------------------------------
End-of-path required time      : 4.417

Launch Clock Path
                                name                                   model name   delay (ns)  cumulative delay (ns) pins on net    location
===============================================================================================================================================
rx_cal_clk                                                               input        0.000             0.000               0       (219,163)
rx_cal_clk                                                               input        0.126             0.126             302       (219,163)
rx_cal_clk                                                               net          1.917             2.043             302       (219,163)
   Routing elements:
      Manhattan distance of X:69, Y:151
sapphire/u_ddr3_top/u_phy_top/u_ddr_phy_if/ddr_dqs_in_lo_r2[1]~FF|CLK    EFX_FF       0.000             2.043             302       (150,12) 

Data Path
                               name                                  model name   delay (ns)  cumulative delay (ns) pins on net    location
=============================================================================================================================================
sapphire/u_ddr3_top/u_phy_top/u_ddr_phy_if/ddr_dqs_in_lo_r2[1]~FF|Q   EFX_FF        0.130             0.130               5        (150,12)
sapphire/u_ddr3_top/u_phy_top/u_ddr_phy_if/ddr_dqs_in_lo_r2[1]        net           0.176             0.306               5        (150,12)
   Routing elements:
      Manhattan distance of X:0, Y:5
LUT__124207|in[3]                                                     EFX_LUT4      0.063             0.369               5        (150,17)
LUT__124207|out                                                       EFX_LUT4      0.000             0.369               2        (150,17)
n62327                                                                net           0.218             0.587               2        (150,17)
   Routing elements:
      Manhattan distance of X:1, Y:0
LUT__124208|in[1]                                                     EFX_LUT4      0.061             0.648               2        (151,17)
LUT__124208|out                                                       EFX_LUT4      0.000             0.648               2        (151,17)
n62328                                                                net           0.415             1.063               2        (151,17)
   Routing elements:
      Manhattan distance of X:10, Y:24
LUT__124209|in[0]                                                     EFX_LUT4      0.061             1.124               2        (161,41)
LUT__124209|out                                                       EFX_LUT4      0.000             1.124             131        (161,41)
sapphire/u_ddr3_top/u_phy_top/u_ddr_phy_if/mpr_rd_en                  net           0.747             1.871             131        (161,41)
   Routing elements:
      Manhattan distance of X:7, Y:35
sapphire/u_ddr3_top/u_phy_top/u_ddr_phy_if/u4_data[126]~FF|CE         EFX_FF        0.104             1.975             131        (154,6) 

Capture Clock Path
                             name                               model name   delay (ns)  cumulative delay (ns) pins on net    location
========================================================================================================================================
rx_cal_clk                                                        input        0.000             0.000               0       (219,163)
rx_cal_clk                                                        input        0.126             0.126             302       (219,163)
rx_cal_clk                                                        net          1.917             2.043             302       (219,163)
   Routing elements:
      Manhattan distance of X:65, Y:157
sapphire/u_ddr3_top/u_phy_top/u_ddr_phy_if/u4_data[126]~FF|CLK    EFX_FF       0.000             2.043             302       (154,6)  

++++ Path 8 ++++++++++++++++++++++++++++++++++++++++++++++++++++++++++++++++++++

Path Begin    : sapphire/u_ddr3_top/u_phy_top/u_ddr_phy_if/ddr_dqs_in_lo_r2[1]~FF|CLK
Path End      : sapphire/u_ddr3_top/u_phy_top/u_ddr_phy_if/u4_data[12]~FF|CE         
Launch Clock  : rx_cal_clk (RISE)                                                    
Capture Clock : rx_cal_clk (RISE)                                                    
Slack         : 0.399 (required time - arrival time)                                 
Delay         : 1.741                                                                

Logic Level             : 3
Non-global nets on path : 4
Global nets on path     : 0

Launch Clock Path Delay        : 2.043
+ Clock To Q + Data Path Delay : 1.975
--------------------------------------
End-of-path arrival time       : 4.018

Constraint                     : 2.500
+ Capture Clock Path Delay     : 2.043
- Clock Uncertainty            : 0.126
--------------------------------------
End-of-path required time      : 4.417

Launch Clock Path
                                name                                   model name   delay (ns)  cumulative delay (ns) pins on net    location
===============================================================================================================================================
rx_cal_clk                                                               input        0.000             0.000               0       (219,163)
rx_cal_clk                                                               input        0.126             0.126             302       (219,163)
rx_cal_clk                                                               net          1.917             2.043             302       (219,163)
   Routing elements:
      Manhattan distance of X:69, Y:151
sapphire/u_ddr3_top/u_phy_top/u_ddr_phy_if/ddr_dqs_in_lo_r2[1]~FF|CLK    EFX_FF       0.000             2.043             302       (150,12) 

Data Path
                               name                                  model name   delay (ns)  cumulative delay (ns) pins on net    location
=============================================================================================================================================
sapphire/u_ddr3_top/u_phy_top/u_ddr_phy_if/ddr_dqs_in_lo_r2[1]~FF|Q   EFX_FF        0.130             0.130               5        (150,12)
sapphire/u_ddr3_top/u_phy_top/u_ddr_phy_if/ddr_dqs_in_lo_r2[1]        net           0.176             0.306               5        (150,12)
   Routing elements:
      Manhattan distance of X:0, Y:5
LUT__124207|in[3]                                                     EFX_LUT4      0.063             0.369               5        (150,17)
LUT__124207|out                                                       EFX_LUT4      0.000             0.369               2        (150,17)
n62327                                                                net           0.218             0.587               2        (150,17)
   Routing elements:
      Manhattan distance of X:1, Y:0
LUT__124208|in[1]                                                     EFX_LUT4      0.061             0.648               2        (151,17)
LUT__124208|out                                                       EFX_LUT4      0.000             0.648               2        (151,17)
n62328                                                                net           0.415             1.063               2        (151,17)
   Routing elements:
      Manhattan distance of X:10, Y:24
LUT__124209|in[0]                                                     EFX_LUT4      0.061             1.124               2        (161,41)
LUT__124209|out                                                       EFX_LUT4      0.000             1.124             131        (161,41)
sapphire/u_ddr3_top/u_phy_top/u_ddr_phy_if/mpr_rd_en                  net           0.747             1.871             131        (161,41)
   Routing elements:
      Manhattan distance of X:7, Y:20
sapphire/u_ddr3_top/u_phy_top/u_ddr_phy_if/u4_data[12]~FF|CE          EFX_FF        0.104             1.975             131        (154,21)

Capture Clock Path
                            name                               model name   delay (ns)  cumulative delay (ns) pins on net    location
=======================================================================================================================================
rx_cal_clk                                                       input        0.000             0.000               0       (219,163)
rx_cal_clk                                                       input        0.126             0.126             302       (219,163)
rx_cal_clk                                                       net          1.917             2.043             302       (219,163)
   Routing elements:
      Manhattan distance of X:65, Y:142
sapphire/u_ddr3_top/u_phy_top/u_ddr_phy_if/u4_data[12]~FF|CLK    EFX_FF       0.000             2.043             302       (154,21) 

++++ Path 9 ++++++++++++++++++++++++++++++++++++++++++++++++++++++++++++++++++++

Path Begin    : sapphire/u_ddr3_top/u_phy_top/u_ddr_phy_if/ddr_dqs_in_lo_r2[1]~FF|CLK
Path End      : sapphire/u_ddr3_top/u_phy_top/u_ddr_phy_if/u4_data[121]~FF|CE        
Launch Clock  : rx_cal_clk (RISE)                                                    
Capture Clock : rx_cal_clk (RISE)                                                    
Slack         : 0.399 (required time - arrival time)                                 
Delay         : 1.741                                                                

Logic Level             : 3
Non-global nets on path : 4
Global nets on path     : 0

Launch Clock Path Delay        : 2.043
+ Clock To Q + Data Path Delay : 1.975
--------------------------------------
End-of-path arrival time       : 4.018

Constraint                     : 2.500
+ Capture Clock Path Delay     : 2.043
- Clock Uncertainty            : 0.126
--------------------------------------
End-of-path required time      : 4.417

Launch Clock Path
                                name                                   model name   delay (ns)  cumulative delay (ns) pins on net    location
===============================================================================================================================================
rx_cal_clk                                                               input        0.000             0.000               0       (219,163)
rx_cal_clk                                                               input        0.126             0.126             302       (219,163)
rx_cal_clk                                                               net          1.917             2.043             302       (219,163)
   Routing elements:
      Manhattan distance of X:69, Y:151
sapphire/u_ddr3_top/u_phy_top/u_ddr_phy_if/ddr_dqs_in_lo_r2[1]~FF|CLK    EFX_FF       0.000             2.043             302       (150,12) 

Data Path
                               name                                  model name   delay (ns)  cumulative delay (ns) pins on net    location
=============================================================================================================================================
sapphire/u_ddr3_top/u_phy_top/u_ddr_phy_if/ddr_dqs_in_lo_r2[1]~FF|Q   EFX_FF        0.130             0.130               5        (150,12)
sapphire/u_ddr3_top/u_phy_top/u_ddr_phy_if/ddr_dqs_in_lo_r2[1]        net           0.176             0.306               5        (150,12)
   Routing elements:
      Manhattan distance of X:0, Y:5
LUT__124207|in[3]                                                     EFX_LUT4      0.063             0.369               5        (150,17)
LUT__124207|out                                                       EFX_LUT4      0.000             0.369               2        (150,17)
n62327                                                                net           0.218             0.587               2        (150,17)
   Routing elements:
      Manhattan distance of X:1, Y:0
LUT__124208|in[1]                                                     EFX_LUT4      0.061             0.648               2        (151,17)
LUT__124208|out                                                       EFX_LUT4      0.000             0.648               2        (151,17)
n62328                                                                net           0.415             1.063               2        (151,17)
   Routing elements:
      Manhattan distance of X:10, Y:24
LUT__124209|in[0]                                                     EFX_LUT4      0.061             1.124               2        (161,41)
LUT__124209|out                                                       EFX_LUT4      0.000             1.124             131        (161,41)
sapphire/u_ddr3_top/u_phy_top/u_ddr_phy_if/mpr_rd_en                  net           0.747             1.871             131        (161,41)
   Routing elements:
      Manhattan distance of X:7, Y:39
sapphire/u_ddr3_top/u_phy_top/u_ddr_phy_if/u4_data[121]~FF|CE         EFX_FF        0.104             1.975             131        (154,2) 

Capture Clock Path
                             name                               model name   delay (ns)  cumulative delay (ns) pins on net    location
========================================================================================================================================
rx_cal_clk                                                        input        0.000             0.000               0       (219,163)
rx_cal_clk                                                        input        0.126             0.126             302       (219,163)
rx_cal_clk                                                        net          1.917             2.043             302       (219,163)
   Routing elements:
      Manhattan distance of X:65, Y:161
sapphire/u_ddr3_top/u_phy_top/u_ddr_phy_if/u4_data[121]~FF|CLK    EFX_FF       0.000             2.043             302       (154,2)  

++++ Path 10 +++++++++++++++++++++++++++++++++++++++++++++++++++++++++++++++++++

Path Begin    : sapphire/u_ddr3_top/u_phy_top/u_ddr_phy_if/ddr_dqs_in_lo_r2[1]~FF|CLK
Path End      : sapphire/u_ddr3_top/u_phy_top/u_ddr_phy_if/u4_data[110]~FF|CE        
Launch Clock  : rx_cal_clk (RISE)                                                    
Capture Clock : rx_cal_clk (RISE)                                                    
Slack         : 0.399 (required time - arrival time)                                 
Delay         : 1.741                                                                

Logic Level             : 3
Non-global nets on path : 4
Global nets on path     : 0

Launch Clock Path Delay        : 2.043
+ Clock To Q + Data Path Delay : 1.975
--------------------------------------
End-of-path arrival time       : 4.018

Constraint                     : 2.500
+ Capture Clock Path Delay     : 2.043
- Clock Uncertainty            : 0.126
--------------------------------------
End-of-path required time      : 4.417

Launch Clock Path
                                name                                   model name   delay (ns)  cumulative delay (ns) pins on net    location
===============================================================================================================================================
rx_cal_clk                                                               input        0.000             0.000               0       (219,163)
rx_cal_clk                                                               input        0.126             0.126             302       (219,163)
rx_cal_clk                                                               net          1.917             2.043             302       (219,163)
   Routing elements:
      Manhattan distance of X:69, Y:151
sapphire/u_ddr3_top/u_phy_top/u_ddr_phy_if/ddr_dqs_in_lo_r2[1]~FF|CLK    EFX_FF       0.000             2.043             302       (150,12) 

Data Path
                               name                                  model name   delay (ns)  cumulative delay (ns) pins on net    location
=============================================================================================================================================
sapphire/u_ddr3_top/u_phy_top/u_ddr_phy_if/ddr_dqs_in_lo_r2[1]~FF|Q   EFX_FF        0.130             0.130               5        (150,12)
sapphire/u_ddr3_top/u_phy_top/u_ddr_phy_if/ddr_dqs_in_lo_r2[1]        net           0.176             0.306               5        (150,12)
   Routing elements:
      Manhattan distance of X:0, Y:5
LUT__124207|in[3]                                                     EFX_LUT4      0.063             0.369               5        (150,17)
LUT__124207|out                                                       EFX_LUT4      0.000             0.369               2        (150,17)
n62327                                                                net           0.218             0.587               2        (150,17)
   Routing elements:
      Manhattan distance of X:1, Y:0
LUT__124208|in[1]                                                     EFX_LUT4      0.061             0.648               2        (151,17)
LUT__124208|out                                                       EFX_LUT4      0.000             0.648               2        (151,17)
n62328                                                                net           0.415             1.063               2        (151,17)
   Routing elements:
      Manhattan distance of X:10, Y:24
LUT__124209|in[0]                                                     EFX_LUT4      0.061             1.124               2        (161,41)
LUT__124209|out                                                       EFX_LUT4      0.000             1.124             131        (161,41)
sapphire/u_ddr3_top/u_phy_top/u_ddr_phy_if/mpr_rd_en                  net           0.747             1.871             131        (161,41)
   Routing elements:
      Manhattan distance of X:7, Y:29
sapphire/u_ddr3_top/u_phy_top/u_ddr_phy_if/u4_data[110]~FF|CE         EFX_FF        0.104             1.975             131        (154,12)

Capture Clock Path
                             name                               model name   delay (ns)  cumulative delay (ns) pins on net    location
========================================================================================================================================
rx_cal_clk                                                        input        0.000             0.000               0       (219,163)
rx_cal_clk                                                        input        0.126             0.126             302       (219,163)
rx_cal_clk                                                        net          1.917             2.043             302       (219,163)
   Routing elements:
      Manhattan distance of X:65, Y:151
sapphire/u_ddr3_top/u_phy_top/u_ddr_phy_if/u4_data[110]~FF|CLK    EFX_FF       0.000             2.043             302       (154,12) 

################################################################################
Path Detail Report (tx_cal_clk vs tx_cal_clk)
################################################################################


++++ Path 1 ++++++++++++++++++++++++++++++++++++++++++++++++++++++++++++++++++++

Path Begin    : sapphire/u_ddr3_top/u_phy_top/u_ddr_phy_if/u2_ctl_fifo/u_efx_fifo_top/xefx_fifo_ram/ram__D$2|RCLK
Path End      : sapphire/u_ddr3_top/u_phy_top/u_ddr_phy_if/ddr_ctl_wren~FF|D                                     
Launch Clock  : tx_cal_clk (RISE)                                                                                
Capture Clock : tx_cal_clk (RISE)                                                                                
Slack         : 0.296 (required time - arrival time)                                                             
Delay         : 0.714                                                                                            

Logic Level             : 2
Non-global nets on path : 3
Global nets on path     : 0

Launch Clock Path Delay        : 2.047
+ Clock To Q + Data Path Delay : 2.078
--------------------------------------
End-of-path arrival time       : 4.125

Constraint                     : 2.500
+ Capture Clock Path Delay     : 2.047
- Clock Uncertainty            : 0.126
--------------------------------------
End-of-path required time      : 4.421

Launch Clock Path
                                              name                                                 model name   delay (ns)  cumulative delay (ns) pins on net    location
===========================================================================================================================================================================
tx_cal_clk                                                                                         input          0.000             0.000               0       (219,164)
tx_cal_clk                                                                                         input          0.126             0.126              59       (219,164)
tx_cal_clk                                                                                         net            1.921             2.047              59       (219,164)
   Routing elements:
      Manhattan distance of X:33, Y:162
sapphire/u_ddr3_top/u_phy_top/u_ddr_phy_if/u2_ctl_fifo/u_efx_fifo_top/xefx_fifo_ram/ram__D$2|RCLK  EFX_RAM10      0.000             2.047              59       (186,2)  

Data Path
                                                name                                                   model name   delay (ns)  cumulative delay (ns) pins on net    location
===============================================================================================================================================================================
sapphire/u_ddr3_top/u_phy_top/u_ddr_phy_if/u2_ctl_fifo/u_efx_fifo_top/xefx_fifo_ram/ram__D$2|RDATA[1]  EFX_RAM10      1.361             1.361              2         (186,2) 
sapphire/u_ddr3_top/u_phy_top/u_ddr_phy_if/u2_q[1]                                                     net            0.299             1.660              2         (186,2) 
   Routing elements:
      Manhattan distance of X:4, Y:10
LUT__124180|in[0]                                                                                      EFX_LUT4       0.061             1.721              2         (182,12)
LUT__124180|out                                                                                        EFX_LUT4       0.000             1.721              2         (182,12)
n62317                                                                                                 net            0.291             2.012              2         (182,12)
   Routing elements:
      Manhattan distance of X:14, Y:5
LUT__124181|in[2]                                                                                      EFX_LUT4       0.063             2.075              2         (168,7) 
LUT__124181|out                                                                                        EFX_LUT4       0.000             2.075              2         (168,7) 
sapphire/u_ddr3_top/u_phy_top/u_ddr_phy_if/n849                                                        net            0.000             2.075              2         (168,7) 
sapphire/u_ddr3_top/u_phy_top/u_ddr_phy_if/ddr_ctl_wren~FF|D                                           EFX_FF         0.003             2.078              2         (168,7) 

Capture Clock Path
                             name                               model name   delay (ns)  cumulative delay (ns) pins on net    location
========================================================================================================================================
tx_cal_clk                                                        input        0.000             0.000               0       (219,164)
tx_cal_clk                                                        input        0.126             0.126              59       (219,164)
tx_cal_clk                                                        net          1.921             2.047              59       (219,164)
   Routing elements:
      Manhattan distance of X:51, Y:157
sapphire/u_ddr3_top/u_phy_top/u_ddr_phy_if/ddr_ctl_wren~FF|CLK    EFX_FF       0.000             2.047              59       (168,7)  

++++ Path 2 ++++++++++++++++++++++++++++++++++++++++++++++++++++++++++++++++++++

Path Begin    : sapphire/u_ddr3_top/u_phy_top/u_ddr_phy_if/u2_ctl_fifo/u_efx_fifo_top/xefx_fifo_ram/ram__D$2|RCLK
Path End      : sapphire/u_ddr3_top/u_phy_top/u_ddr_phy_if/ddr_ctl_wren~FF|D                                     
Launch Clock  : tx_cal_clk (RISE)                                                                                
Capture Clock : tx_cal_clk (RISE)                                                                                
Slack         : 0.308 (required time - arrival time)                                                             
Delay         : 0.702                                                                                            

Logic Level             : 2
Non-global nets on path : 3
Global nets on path     : 0

Launch Clock Path Delay        : 2.047
+ Clock To Q + Data Path Delay : 2.066
--------------------------------------
End-of-path arrival time       : 4.113

Constraint                     : 2.500
+ Capture Clock Path Delay     : 2.047
- Clock Uncertainty            : 0.126
--------------------------------------
End-of-path required time      : 4.421

Launch Clock Path
                                              name                                                 model name   delay (ns)  cumulative delay (ns) pins on net    location
===========================================================================================================================================================================
tx_cal_clk                                                                                         input          0.000             0.000               0       (219,164)
tx_cal_clk                                                                                         input          0.126             0.126              59       (219,164)
tx_cal_clk                                                                                         net            1.921             2.047              59       (219,164)
   Routing elements:
      Manhattan distance of X:33, Y:162
sapphire/u_ddr3_top/u_phy_top/u_ddr_phy_if/u2_ctl_fifo/u_efx_fifo_top/xefx_fifo_ram/ram__D$2|RCLK  EFX_RAM10      0.000             2.047              59       (186,2)  

Data Path
                                                name                                                   model name   delay (ns)  cumulative delay (ns) pins on net    location
===============================================================================================================================================================================
sapphire/u_ddr3_top/u_phy_top/u_ddr_phy_if/u2_ctl_fifo/u_efx_fifo_top/xefx_fifo_ram/ram__D$2|RDATA[2]  EFX_RAM10      1.361             1.361              2         (186,2) 
sapphire/u_ddr3_top/u_phy_top/u_ddr_phy_if/u2_q[2]                                                     net            0.287             1.648              2         (186,2) 
   Routing elements:
      Manhattan distance of X:4, Y:10
LUT__124180|in[1]                                                                                      EFX_LUT4       0.061             1.709              2         (182,12)
LUT__124180|out                                                                                        EFX_LUT4       0.000             1.709              2         (182,12)
n62317                                                                                                 net            0.291             2.000              2         (182,12)
   Routing elements:
      Manhattan distance of X:14, Y:5
LUT__124181|in[2]                                                                                      EFX_LUT4       0.063             2.063              2         (168,7) 
LUT__124181|out                                                                                        EFX_LUT4       0.000             2.063              2         (168,7) 
sapphire/u_ddr3_top/u_phy_top/u_ddr_phy_if/n849                                                        net            0.000             2.063              2         (168,7) 
sapphire/u_ddr3_top/u_phy_top/u_ddr_phy_if/ddr_ctl_wren~FF|D                                           EFX_FF         0.003             2.066              2         (168,7) 

Capture Clock Path
                             name                               model name   delay (ns)  cumulative delay (ns) pins on net    location
========================================================================================================================================
tx_cal_clk                                                        input        0.000             0.000               0       (219,164)
tx_cal_clk                                                        input        0.126             0.126              59       (219,164)
tx_cal_clk                                                        net          1.921             2.047              59       (219,164)
   Routing elements:
      Manhattan distance of X:51, Y:157
sapphire/u_ddr3_top/u_phy_top/u_ddr_phy_if/ddr_ctl_wren~FF|CLK    EFX_FF       0.000             2.047              59       (168,7)  

++++ Path 3 ++++++++++++++++++++++++++++++++++++++++++++++++++++++++++++++++++++

Path Begin    : sapphire/u_ddr3_top/u_phy_top/u_ddr_phy_if/u2_ctl_fifo/u_efx_fifo_top/xefx_fifo_ram/ram__D$2|RCLK
Path End      : sapphire/u_ddr3_top/u_phy_top/u_ddr_phy_if/ddr_ctl_wren~FF|D                                     
Launch Clock  : tx_cal_clk (RISE)                                                                                
Capture Clock : tx_cal_clk (RISE)                                                                                
Slack         : 0.478 (required time - arrival time)                                                             
Delay         : 0.532                                                                                            

Logic Level             : 2
Non-global nets on path : 3
Global nets on path     : 0

Launch Clock Path Delay        : 2.047
+ Clock To Q + Data Path Delay : 1.896
--------------------------------------
End-of-path arrival time       : 3.943

Constraint                     : 2.500
+ Capture Clock Path Delay     : 2.047
- Clock Uncertainty            : 0.126
--------------------------------------
End-of-path required time      : 4.421

Launch Clock Path
                                              name                                                 model name   delay (ns)  cumulative delay (ns) pins on net    location
===========================================================================================================================================================================
tx_cal_clk                                                                                         input          0.000             0.000               0       (219,164)
tx_cal_clk                                                                                         input          0.126             0.126              59       (219,164)
tx_cal_clk                                                                                         net            1.921             2.047              59       (219,164)
   Routing elements:
      Manhattan distance of X:33, Y:162
sapphire/u_ddr3_top/u_phy_top/u_ddr_phy_if/u2_ctl_fifo/u_efx_fifo_top/xefx_fifo_ram/ram__D$2|RCLK  EFX_RAM10      0.000             2.047              59       (186,2)  

Data Path
                                                name                                                   model name   delay (ns)  cumulative delay (ns) pins on net    location
===============================================================================================================================================================================
sapphire/u_ddr3_top/u_phy_top/u_ddr_phy_if/u2_ctl_fifo/u_efx_fifo_top/xefx_fifo_ram/ram__D$2|RDATA[0]  EFX_RAM10      1.361             1.361              2         (186,2) 
sapphire/u_ddr3_top/u_phy_top/u_ddr_phy_if/u2_q[0]                                                     net            0.117             1.478              2         (186,2) 
   Routing elements:
      Manhattan distance of X:4, Y:10
LUT__124180|in[3]                                                                                      EFX_LUT4       0.061             1.539              2         (182,12)
LUT__124180|out                                                                                        EFX_LUT4       0.000             1.539              2         (182,12)
n62317                                                                                                 net            0.291             1.830              2         (182,12)
   Routing elements:
      Manhattan distance of X:14, Y:5
LUT__124181|in[2]                                                                                      EFX_LUT4       0.063             1.893              2         (168,7) 
LUT__124181|out                                                                                        EFX_LUT4       0.000             1.893              2         (168,7) 
sapphire/u_ddr3_top/u_phy_top/u_ddr_phy_if/n849                                                        net            0.000             1.893              2         (168,7) 
sapphire/u_ddr3_top/u_phy_top/u_ddr_phy_if/ddr_ctl_wren~FF|D                                           EFX_FF         0.003             1.896              2         (168,7) 

Capture Clock Path
                             name                               model name   delay (ns)  cumulative delay (ns) pins on net    location
========================================================================================================================================
tx_cal_clk                                                        input        0.000             0.000               0       (219,164)
tx_cal_clk                                                        input        0.126             0.126              59       (219,164)
tx_cal_clk                                                        net          1.921             2.047              59       (219,164)
   Routing elements:
      Manhattan distance of X:51, Y:157
sapphire/u_ddr3_top/u_phy_top/u_ddr_phy_if/ddr_ctl_wren~FF|CLK    EFX_FF       0.000             2.047              59       (168,7)  

++++ Path 4 ++++++++++++++++++++++++++++++++++++++++++++++++++++++++++++++++++++

Path Begin    : sapphire/u_ddr3_top/u_phy_top/u_ddr_phy_if/u2_ctl_fifo/u_efx_fifo_top/xefx_fifo_ctl/genblk7.genblk1.waddr_cntr_sync_g2b_r[1]~FF|CLK
Path End      : sapphire/u_ddr3_top/u_phy_top/u_ddr_phy_if/u2_ctl_fifo/u_efx_fifo_top/raddr[2]~FF|CE                                               
Launch Clock  : tx_cal_clk (RISE)                                                                                                                  
Capture Clock : tx_cal_clk (RISE)                                                                                                                  
Slack         : 0.502 (required time - arrival time)                                                                                               
Delay         : 1.638                                                                                                                              

Logic Level             : 8
Non-global nets on path : 9
Global nets on path     : 0

Launch Clock Path Delay        : 2.047
+ Clock To Q + Data Path Delay : 1.872
--------------------------------------
End-of-path arrival time       : 3.919

Constraint                     : 2.500
+ Capture Clock Path Delay     : 2.047
- Clock Uncertainty            : 0.126
--------------------------------------
End-of-path required time      : 4.421

Launch Clock Path
                                                               name                                                                  model name   delay (ns)  cumulative delay (ns) pins on net    location
=============================================================================================================================================================================================================
tx_cal_clk                                                                                                                             input        0.000             0.000               0       (219,164)
tx_cal_clk                                                                                                                             input        0.126             0.126              59       (219,164)
tx_cal_clk                                                                                                                             net          1.921             2.047              59       (219,164)
   Routing elements:
      Manhattan distance of X:47, Y:146
sapphire/u_ddr3_top/u_phy_top/u_ddr_phy_if/u2_ctl_fifo/u_efx_fifo_top/xefx_fifo_ctl/genblk7.genblk1.waddr_cntr_sync_g2b_r[1]~FF|CLK    EFX_FF       0.000             2.047              59       (172,18) 

Data Path
                                                              name                                                                 model name   delay (ns)  cumulative delay (ns) pins on net    location
===========================================================================================================================================================================================================
sapphire/u_ddr3_top/u_phy_top/u_ddr_phy_if/u2_ctl_fifo/u_efx_fifo_top/xefx_fifo_ctl/genblk7.genblk1.waddr_cntr_sync_g2b_r[1]~FF|Q   EFX_FF        0.130             0.130               3        (172,18)
sapphire/u_ddr3_top/u_phy_top/u_ddr_phy_if/u2_ctl_fifo/u_efx_fifo_top/xefx_fifo_ctl/genblk7.genblk1.waddr_cntr_sync_g2b_r[1]        net           0.302             0.432               3        (172,18)
   Routing elements:
      Manhattan distance of X:5, Y:9
sapphire/u_ddr3_top/u_phy_top/u_ddr_phy_if/u2_ctl_fifo/u_efx_fifo_top/xefx_fifo_ctl/sub_49/add_2/i2|I0                              EFX_ADD       0.052             0.484               3        (167,9) 
sapphire/u_ddr3_top/u_phy_top/u_ddr_phy_if/u2_ctl_fifo/u_efx_fifo_top/xefx_fifo_ctl/sub_49/add_2/i2|CO                              EFX_ADD       0.000             0.484               2        (167,9) 
sapphire/u_ddr3_top/u_phy_top/u_ddr_phy_if/u2_ctl_fifo/u_efx_fifo_top/xefx_fifo_ctl/sub_49/add_2/n4                                 net           0.000             0.484               2        (167,9) 
   Routing elements:
      Manhattan distance of X:0, Y:1
sapphire/u_ddr3_top/u_phy_top/u_ddr_phy_if/u2_ctl_fifo/u_efx_fifo_top/xefx_fifo_ctl/sub_49/add_2/i3|CI                              EFX_ADD       0.024             0.508               2        (167,10)
sapphire/u_ddr3_top/u_phy_top/u_ddr_phy_if/u2_ctl_fifo/u_efx_fifo_top/xefx_fifo_ctl/sub_49/add_2/i3|CO                              EFX_ADD       0.000             0.508               2        (167,10)
sapphire/u_ddr3_top/u_phy_top/u_ddr_phy_if/u2_ctl_fifo/u_efx_fifo_top/xefx_fifo_ctl/sub_49/add_2/n6                                 net           0.000             0.508               2        (167,10)
   Routing elements:
      Manhattan distance of X:0, Y:1
sapphire/u_ddr3_top/u_phy_top/u_ddr_phy_if/u2_ctl_fifo/u_efx_fifo_top/xefx_fifo_ctl/sub_49/add_2/i4|CI                              EFX_ADD       0.024             0.532               2        (167,11)
sapphire/u_ddr3_top/u_phy_top/u_ddr_phy_if/u2_ctl_fifo/u_efx_fifo_top/xefx_fifo_ctl/sub_49/add_2/i4|CO                              EFX_ADD       0.000             0.532               2        (167,11)
sapphire/u_ddr3_top/u_phy_top/u_ddr_phy_if/u2_ctl_fifo/u_efx_fifo_top/xefx_fifo_ctl/sub_49/add_2/n8                                 net           0.000             0.532               2        (167,11)
   Routing elements:
      Manhattan distance of X:0, Y:1
sapphire/u_ddr3_top/u_phy_top/u_ddr_phy_if/u2_ctl_fifo/u_efx_fifo_top/xefx_fifo_ctl/sub_49/add_2/i5|CI                              EFX_ADD       0.024             0.556               2        (167,12)
sapphire/u_ddr3_top/u_phy_top/u_ddr_phy_if/u2_ctl_fifo/u_efx_fifo_top/xefx_fifo_ctl/sub_49/add_2/i5|CO                              EFX_ADD       0.000             0.556               2        (167,12)
n69592                                                                                                                              net           0.000             0.556               2        (167,12)
   Routing elements:
      Manhattan distance of X:0, Y:1
sapphire/u_ddr3_top/u_phy_top/u_ddr_phy_if/u2_ctl_fifo/u_efx_fifo_top/xefx_fifo_ctl/sub_49/add_2/i5__AUX_ADD_CO|CI                  EFX_ADD       0.097             0.653               2        (167,13)
sapphire/u_ddr3_top/u_phy_top/u_ddr_phy_if/u2_ctl_fifo/u_efx_fifo_top/xefx_fifo_ctl/sub_49/add_2/i5__AUX_ADD_CO|O                   EFX_ADD       0.000             0.653               2        (167,13)
sapphire/u_ddr3_top/u_phy_top/u_ddr_phy_if/u2_ctl_fifo/u_efx_fifo_top/xefx_fifo_ctl/sub_49/add_2/n10                                net           0.102             0.755               2        (167,13)
   Routing elements:
      Manhattan distance of X:0, Y:1
LUT__124541|in[3]                                                                                                                   EFX_LUT4      0.061             0.816               2        (167,14)
LUT__124541|out                                                                                                                     EFX_LUT4      0.000             0.816               2        (167,14)
n62352                                                                                                                              net           0.233             1.049               2        (167,14)
   Routing elements:
      Manhattan distance of X:5, Y:4
LUT__124542|in[2]                                                                                                                   EFX_LUT4      0.061             1.110               2        (172,10)
LUT__124542|out                                                                                                                     EFX_LUT4      0.000             1.110               3        (172,10)
n62353                                                                                                                              net           0.061             1.171               3        (172,10)
   Routing elements:
      Manhattan distance of X:0, Y:1
LUT__124543|in[3]                                                                                                                   EFX_LUT4      0.061             1.232               3        (172,9) 
LUT__124543|out                                                                                                                     EFX_LUT4      0.000             1.232              14        (172,9) 
sapphire/u_ddr3_top/u_phy_top/u_ddr_phy_if/u2_ctl_fifo/u_efx_fifo_top/rd_en_int                                                     net           0.536             1.768              14        (172,9) 
   Routing elements:
      Manhattan distance of X:0, Y:4
sapphire/u_ddr3_top/u_phy_top/u_ddr_phy_if/u2_ctl_fifo/u_efx_fifo_top/raddr[2]~FF|CE                                                EFX_FF        0.104             1.872              14        (172,5) 

Capture Clock Path
                                        name                                           model name   delay (ns)  cumulative delay (ns) pins on net    location
===============================================================================================================================================================
tx_cal_clk                                                                               input        0.000             0.000               0       (219,164)
tx_cal_clk                                                                               input        0.126             0.126              59       (219,164)
tx_cal_clk                                                                               net          1.921             2.047              59       (219,164)
   Routing elements:
      Manhattan distance of X:47, Y:159
sapphire/u_ddr3_top/u_phy_top/u_ddr_phy_if/u2_ctl_fifo/u_efx_fifo_top/raddr[2]~FF|CLK    EFX_FF       0.000             2.047              59       (172,5)  

++++ Path 5 ++++++++++++++++++++++++++++++++++++++++++++++++++++++++++++++++++++

Path Begin    : sapphire/u_ddr3_top/u_phy_top/u_ddr_phy_if/u2_ctl_fifo/u_efx_fifo_top/xefx_fifo_ctl/genblk7.genblk1.waddr_cntr_sync_g2b_r[1]~FF|CLK
Path End      : sapphire/u_ddr3_top/u_phy_top/u_ddr_phy_if/u2_ctl_fifo/u_efx_fifo_top/xefx_fifo_ctl/raddr_cntr_r[1]~FF|CE                          
Launch Clock  : tx_cal_clk (RISE)                                                                                                                  
Capture Clock : tx_cal_clk (RISE)                                                                                                                  
Slack         : 0.502 (required time - arrival time)                                                                                               
Delay         : 1.638                                                                                                                              

Logic Level             : 8
Non-global nets on path : 9
Global nets on path     : 0

Launch Clock Path Delay        : 2.047
+ Clock To Q + Data Path Delay : 1.872
--------------------------------------
End-of-path arrival time       : 3.919

Constraint                     : 2.500
+ Capture Clock Path Delay     : 2.047
- Clock Uncertainty            : 0.126
--------------------------------------
End-of-path required time      : 4.421

Launch Clock Path
                                                               name                                                                  model name   delay (ns)  cumulative delay (ns) pins on net    location
=============================================================================================================================================================================================================
tx_cal_clk                                                                                                                             input        0.000             0.000               0       (219,164)
tx_cal_clk                                                                                                                             input        0.126             0.126              59       (219,164)
tx_cal_clk                                                                                                                             net          1.921             2.047              59       (219,164)
   Routing elements:
      Manhattan distance of X:47, Y:146
sapphire/u_ddr3_top/u_phy_top/u_ddr_phy_if/u2_ctl_fifo/u_efx_fifo_top/xefx_fifo_ctl/genblk7.genblk1.waddr_cntr_sync_g2b_r[1]~FF|CLK    EFX_FF       0.000             2.047              59       (172,18) 

Data Path
                                                              name                                                                 model name   delay (ns)  cumulative delay (ns) pins on net    location
===========================================================================================================================================================================================================
sapphire/u_ddr3_top/u_phy_top/u_ddr_phy_if/u2_ctl_fifo/u_efx_fifo_top/xefx_fifo_ctl/genblk7.genblk1.waddr_cntr_sync_g2b_r[1]~FF|Q   EFX_FF        0.130             0.130               3        (172,18)
sapphire/u_ddr3_top/u_phy_top/u_ddr_phy_if/u2_ctl_fifo/u_efx_fifo_top/xefx_fifo_ctl/genblk7.genblk1.waddr_cntr_sync_g2b_r[1]        net           0.302             0.432               3        (172,18)
   Routing elements:
      Manhattan distance of X:5, Y:9
sapphire/u_ddr3_top/u_phy_top/u_ddr_phy_if/u2_ctl_fifo/u_efx_fifo_top/xefx_fifo_ctl/sub_49/add_2/i2|I0                              EFX_ADD       0.052             0.484               3        (167,9) 
sapphire/u_ddr3_top/u_phy_top/u_ddr_phy_if/u2_ctl_fifo/u_efx_fifo_top/xefx_fifo_ctl/sub_49/add_2/i2|CO                              EFX_ADD       0.000             0.484               2        (167,9) 
sapphire/u_ddr3_top/u_phy_top/u_ddr_phy_if/u2_ctl_fifo/u_efx_fifo_top/xefx_fifo_ctl/sub_49/add_2/n4                                 net           0.000             0.484               2        (167,9) 
   Routing elements:
      Manhattan distance of X:0, Y:1
sapphire/u_ddr3_top/u_phy_top/u_ddr_phy_if/u2_ctl_fifo/u_efx_fifo_top/xefx_fifo_ctl/sub_49/add_2/i3|CI                              EFX_ADD       0.024             0.508               2        (167,10)
sapphire/u_ddr3_top/u_phy_top/u_ddr_phy_if/u2_ctl_fifo/u_efx_fifo_top/xefx_fifo_ctl/sub_49/add_2/i3|CO                              EFX_ADD       0.000             0.508               2        (167,10)
sapphire/u_ddr3_top/u_phy_top/u_ddr_phy_if/u2_ctl_fifo/u_efx_fifo_top/xefx_fifo_ctl/sub_49/add_2/n6                                 net           0.000             0.508               2        (167,10)
   Routing elements:
      Manhattan distance of X:0, Y:1
sapphire/u_ddr3_top/u_phy_top/u_ddr_phy_if/u2_ctl_fifo/u_efx_fifo_top/xefx_fifo_ctl/sub_49/add_2/i4|CI                              EFX_ADD       0.024             0.532               2        (167,11)
sapphire/u_ddr3_top/u_phy_top/u_ddr_phy_if/u2_ctl_fifo/u_efx_fifo_top/xefx_fifo_ctl/sub_49/add_2/i4|CO                              EFX_ADD       0.000             0.532               2        (167,11)
sapphire/u_ddr3_top/u_phy_top/u_ddr_phy_if/u2_ctl_fifo/u_efx_fifo_top/xefx_fifo_ctl/sub_49/add_2/n8                                 net           0.000             0.532               2        (167,11)
   Routing elements:
      Manhattan distance of X:0, Y:1
sapphire/u_ddr3_top/u_phy_top/u_ddr_phy_if/u2_ctl_fifo/u_efx_fifo_top/xefx_fifo_ctl/sub_49/add_2/i5|CI                              EFX_ADD       0.024             0.556               2        (167,12)
sapphire/u_ddr3_top/u_phy_top/u_ddr_phy_if/u2_ctl_fifo/u_efx_fifo_top/xefx_fifo_ctl/sub_49/add_2/i5|CO                              EFX_ADD       0.000             0.556               2        (167,12)
n69592                                                                                                                              net           0.000             0.556               2        (167,12)
   Routing elements:
      Manhattan distance of X:0, Y:1
sapphire/u_ddr3_top/u_phy_top/u_ddr_phy_if/u2_ctl_fifo/u_efx_fifo_top/xefx_fifo_ctl/sub_49/add_2/i5__AUX_ADD_CO|CI                  EFX_ADD       0.097             0.653               2        (167,13)
sapphire/u_ddr3_top/u_phy_top/u_ddr_phy_if/u2_ctl_fifo/u_efx_fifo_top/xefx_fifo_ctl/sub_49/add_2/i5__AUX_ADD_CO|O                   EFX_ADD       0.000             0.653               2        (167,13)
sapphire/u_ddr3_top/u_phy_top/u_ddr_phy_if/u2_ctl_fifo/u_efx_fifo_top/xefx_fifo_ctl/sub_49/add_2/n10                                net           0.102             0.755               2        (167,13)
   Routing elements:
      Manhattan distance of X:0, Y:1
LUT__124541|in[3]                                                                                                                   EFX_LUT4      0.061             0.816               2        (167,14)
LUT__124541|out                                                                                                                     EFX_LUT4      0.000             0.816               2        (167,14)
n62352                                                                                                                              net           0.233             1.049               2        (167,14)
   Routing elements:
      Manhattan distance of X:5, Y:4
LUT__124542|in[2]                                                                                                                   EFX_LUT4      0.061             1.110               2        (172,10)
LUT__124542|out                                                                                                                     EFX_LUT4      0.000             1.110               3        (172,10)
n62353                                                                                                                              net           0.061             1.171               3        (172,10)
   Routing elements:
      Manhattan distance of X:0, Y:1
LUT__124543|in[3]                                                                                                                   EFX_LUT4      0.061             1.232               3        (172,9) 
LUT__124543|out                                                                                                                     EFX_LUT4      0.000             1.232              14        (172,9) 
sapphire/u_ddr3_top/u_phy_top/u_ddr_phy_if/u2_ctl_fifo/u_efx_fifo_top/rd_en_int                                                     net           0.536             1.768              14        (172,9) 
   Routing elements:
      Manhattan distance of X:0, Y:7
sapphire/u_ddr3_top/u_phy_top/u_ddr_phy_if/u2_ctl_fifo/u_efx_fifo_top/xefx_fifo_ctl/raddr_cntr_r[1]~FF|CE                           EFX_FF        0.104             1.872              14        (172,2) 

Capture Clock Path
                                                   name                                                     model name   delay (ns)  cumulative delay (ns) pins on net    location
====================================================================================================================================================================================
tx_cal_clk                                                                                                    input        0.000             0.000               0       (219,164)
tx_cal_clk                                                                                                    input        0.126             0.126              59       (219,164)
tx_cal_clk                                                                                                    net          1.921             2.047              59       (219,164)
   Routing elements:
      Manhattan distance of X:47, Y:162
sapphire/u_ddr3_top/u_phy_top/u_ddr_phy_if/u2_ctl_fifo/u_efx_fifo_top/xefx_fifo_ctl/raddr_cntr_r[1]~FF|CLK    EFX_FF       0.000             2.047              59       (172,2)  

++++ Path 6 ++++++++++++++++++++++++++++++++++++++++++++++++++++++++++++++++++++

Path Begin    : sapphire/u_ddr3_top/u_phy_top/u_ddr_phy_if/u2_ctl_fifo/u_efx_fifo_top/xefx_fifo_ctl/genblk7.genblk1.waddr_cntr_sync_g2b_r[1]~FF|CLK
Path End      : sapphire/u_ddr3_top/u_phy_top/u_ddr_phy_if/u2_ctl_fifo/u_efx_fifo_top/raddr[3]~FF|CE                                               
Launch Clock  : tx_cal_clk (RISE)                                                                                                                  
Capture Clock : tx_cal_clk (RISE)                                                                                                                  
Slack         : 0.502 (required time - arrival time)                                                                                               
Delay         : 1.638                                                                                                                              

Logic Level             : 8
Non-global nets on path : 9
Global nets on path     : 0

Launch Clock Path Delay        : 2.047
+ Clock To Q + Data Path Delay : 1.872
--------------------------------------
End-of-path arrival time       : 3.919

Constraint                     : 2.500
+ Capture Clock Path Delay     : 2.047
- Clock Uncertainty            : 0.126
--------------------------------------
End-of-path required time      : 4.421

Launch Clock Path
                                                               name                                                                  model name   delay (ns)  cumulative delay (ns) pins on net    location
=============================================================================================================================================================================================================
tx_cal_clk                                                                                                                             input        0.000             0.000               0       (219,164)
tx_cal_clk                                                                                                                             input        0.126             0.126              59       (219,164)
tx_cal_clk                                                                                                                             net          1.921             2.047              59       (219,164)
   Routing elements:
      Manhattan distance of X:47, Y:146
sapphire/u_ddr3_top/u_phy_top/u_ddr_phy_if/u2_ctl_fifo/u_efx_fifo_top/xefx_fifo_ctl/genblk7.genblk1.waddr_cntr_sync_g2b_r[1]~FF|CLK    EFX_FF       0.000             2.047              59       (172,18) 

Data Path
                                                              name                                                                 model name   delay (ns)  cumulative delay (ns) pins on net    location
===========================================================================================================================================================================================================
sapphire/u_ddr3_top/u_phy_top/u_ddr_phy_if/u2_ctl_fifo/u_efx_fifo_top/xefx_fifo_ctl/genblk7.genblk1.waddr_cntr_sync_g2b_r[1]~FF|Q   EFX_FF        0.130             0.130               3        (172,18)
sapphire/u_ddr3_top/u_phy_top/u_ddr_phy_if/u2_ctl_fifo/u_efx_fifo_top/xefx_fifo_ctl/genblk7.genblk1.waddr_cntr_sync_g2b_r[1]        net           0.302             0.432               3        (172,18)
   Routing elements:
      Manhattan distance of X:5, Y:9
sapphire/u_ddr3_top/u_phy_top/u_ddr_phy_if/u2_ctl_fifo/u_efx_fifo_top/xefx_fifo_ctl/sub_49/add_2/i2|I0                              EFX_ADD       0.052             0.484               3        (167,9) 
sapphire/u_ddr3_top/u_phy_top/u_ddr_phy_if/u2_ctl_fifo/u_efx_fifo_top/xefx_fifo_ctl/sub_49/add_2/i2|CO                              EFX_ADD       0.000             0.484               2        (167,9) 
sapphire/u_ddr3_top/u_phy_top/u_ddr_phy_if/u2_ctl_fifo/u_efx_fifo_top/xefx_fifo_ctl/sub_49/add_2/n4                                 net           0.000             0.484               2        (167,9) 
   Routing elements:
      Manhattan distance of X:0, Y:1
sapphire/u_ddr3_top/u_phy_top/u_ddr_phy_if/u2_ctl_fifo/u_efx_fifo_top/xefx_fifo_ctl/sub_49/add_2/i3|CI                              EFX_ADD       0.024             0.508               2        (167,10)
sapphire/u_ddr3_top/u_phy_top/u_ddr_phy_if/u2_ctl_fifo/u_efx_fifo_top/xefx_fifo_ctl/sub_49/add_2/i3|CO                              EFX_ADD       0.000             0.508               2        (167,10)
sapphire/u_ddr3_top/u_phy_top/u_ddr_phy_if/u2_ctl_fifo/u_efx_fifo_top/xefx_fifo_ctl/sub_49/add_2/n6                                 net           0.000             0.508               2        (167,10)
   Routing elements:
      Manhattan distance of X:0, Y:1
sapphire/u_ddr3_top/u_phy_top/u_ddr_phy_if/u2_ctl_fifo/u_efx_fifo_top/xefx_fifo_ctl/sub_49/add_2/i4|CI                              EFX_ADD       0.024             0.532               2        (167,11)
sapphire/u_ddr3_top/u_phy_top/u_ddr_phy_if/u2_ctl_fifo/u_efx_fifo_top/xefx_fifo_ctl/sub_49/add_2/i4|CO                              EFX_ADD       0.000             0.532               2        (167,11)
sapphire/u_ddr3_top/u_phy_top/u_ddr_phy_if/u2_ctl_fifo/u_efx_fifo_top/xefx_fifo_ctl/sub_49/add_2/n8                                 net           0.000             0.532               2        (167,11)
   Routing elements:
      Manhattan distance of X:0, Y:1
sapphire/u_ddr3_top/u_phy_top/u_ddr_phy_if/u2_ctl_fifo/u_efx_fifo_top/xefx_fifo_ctl/sub_49/add_2/i5|CI                              EFX_ADD       0.024             0.556               2        (167,12)
sapphire/u_ddr3_top/u_phy_top/u_ddr_phy_if/u2_ctl_fifo/u_efx_fifo_top/xefx_fifo_ctl/sub_49/add_2/i5|CO                              EFX_ADD       0.000             0.556               2        (167,12)
n69592                                                                                                                              net           0.000             0.556               2        (167,12)
   Routing elements:
      Manhattan distance of X:0, Y:1
sapphire/u_ddr3_top/u_phy_top/u_ddr_phy_if/u2_ctl_fifo/u_efx_fifo_top/xefx_fifo_ctl/sub_49/add_2/i5__AUX_ADD_CO|CI                  EFX_ADD       0.097             0.653               2        (167,13)
sapphire/u_ddr3_top/u_phy_top/u_ddr_phy_if/u2_ctl_fifo/u_efx_fifo_top/xefx_fifo_ctl/sub_49/add_2/i5__AUX_ADD_CO|O                   EFX_ADD       0.000             0.653               2        (167,13)
sapphire/u_ddr3_top/u_phy_top/u_ddr_phy_if/u2_ctl_fifo/u_efx_fifo_top/xefx_fifo_ctl/sub_49/add_2/n10                                net           0.102             0.755               2        (167,13)
   Routing elements:
      Manhattan distance of X:0, Y:1
LUT__124541|in[3]                                                                                                                   EFX_LUT4      0.061             0.816               2        (167,14)
LUT__124541|out                                                                                                                     EFX_LUT4      0.000             0.816               2        (167,14)
n62352                                                                                                                              net           0.233             1.049               2        (167,14)
   Routing elements:
      Manhattan distance of X:5, Y:4
LUT__124542|in[2]                                                                                                                   EFX_LUT4      0.061             1.110               2        (172,10)
LUT__124542|out                                                                                                                     EFX_LUT4      0.000             1.110               3        (172,10)
n62353                                                                                                                              net           0.061             1.171               3        (172,10)
   Routing elements:
      Manhattan distance of X:0, Y:1
LUT__124543|in[3]                                                                                                                   EFX_LUT4      0.061             1.232               3        (172,9) 
LUT__124543|out                                                                                                                     EFX_LUT4      0.000             1.232              14        (172,9) 
sapphire/u_ddr3_top/u_phy_top/u_ddr_phy_if/u2_ctl_fifo/u_efx_fifo_top/rd_en_int                                                     net           0.536             1.768              14        (172,9) 
   Routing elements:
      Manhattan distance of X:0, Y:3
sapphire/u_ddr3_top/u_phy_top/u_ddr_phy_if/u2_ctl_fifo/u_efx_fifo_top/raddr[3]~FF|CE                                                EFX_FF        0.104             1.872              14        (172,6) 

Capture Clock Path
                                        name                                           model name   delay (ns)  cumulative delay (ns) pins on net    location
===============================================================================================================================================================
tx_cal_clk                                                                               input        0.000             0.000               0       (219,164)
tx_cal_clk                                                                               input        0.126             0.126              59       (219,164)
tx_cal_clk                                                                               net          1.921             2.047              59       (219,164)
   Routing elements:
      Manhattan distance of X:47, Y:158
sapphire/u_ddr3_top/u_phy_top/u_ddr_phy_if/u2_ctl_fifo/u_efx_fifo_top/raddr[3]~FF|CLK    EFX_FF       0.000             2.047              59       (172,6)  

++++ Path 7 ++++++++++++++++++++++++++++++++++++++++++++++++++++++++++++++++++++

Path Begin    : sapphire/u_ddr3_top/u_phy_top/u_ddr_phy_if/u2_ctl_fifo/u_efx_fifo_top/xefx_fifo_ctl/genblk7.genblk1.waddr_cntr_sync_g2b_r[1]~FF|CLK
Path End      : sapphire/u_ddr3_top/u_phy_top/u_ddr_phy_if/u2_ctl_fifo/u_efx_fifo_top/xefx_fifo_ctl/raddr_cntr_r[0]~FF|CE                          
Launch Clock  : tx_cal_clk (RISE)                                                                                                                  
Capture Clock : tx_cal_clk (RISE)                                                                                                                  
Slack         : 0.502 (required time - arrival time)                                                                                               
Delay         : 1.638                                                                                                                              

Logic Level             : 8
Non-global nets on path : 9
Global nets on path     : 0

Launch Clock Path Delay        : 2.047
+ Clock To Q + Data Path Delay : 1.872
--------------------------------------
End-of-path arrival time       : 3.919

Constraint                     : 2.500
+ Capture Clock Path Delay     : 2.047
- Clock Uncertainty            : 0.126
--------------------------------------
End-of-path required time      : 4.421

Launch Clock Path
                                                               name                                                                  model name   delay (ns)  cumulative delay (ns) pins on net    location
=============================================================================================================================================================================================================
tx_cal_clk                                                                                                                             input        0.000             0.000               0       (219,164)
tx_cal_clk                                                                                                                             input        0.126             0.126              59       (219,164)
tx_cal_clk                                                                                                                             net          1.921             2.047              59       (219,164)
   Routing elements:
      Manhattan distance of X:47, Y:146
sapphire/u_ddr3_top/u_phy_top/u_ddr_phy_if/u2_ctl_fifo/u_efx_fifo_top/xefx_fifo_ctl/genblk7.genblk1.waddr_cntr_sync_g2b_r[1]~FF|CLK    EFX_FF       0.000             2.047              59       (172,18) 

Data Path
                                                              name                                                                 model name   delay (ns)  cumulative delay (ns) pins on net    location
===========================================================================================================================================================================================================
sapphire/u_ddr3_top/u_phy_top/u_ddr_phy_if/u2_ctl_fifo/u_efx_fifo_top/xefx_fifo_ctl/genblk7.genblk1.waddr_cntr_sync_g2b_r[1]~FF|Q   EFX_FF        0.130             0.130               3        (172,18)
sapphire/u_ddr3_top/u_phy_top/u_ddr_phy_if/u2_ctl_fifo/u_efx_fifo_top/xefx_fifo_ctl/genblk7.genblk1.waddr_cntr_sync_g2b_r[1]        net           0.302             0.432               3        (172,18)
   Routing elements:
      Manhattan distance of X:5, Y:9
sapphire/u_ddr3_top/u_phy_top/u_ddr_phy_if/u2_ctl_fifo/u_efx_fifo_top/xefx_fifo_ctl/sub_49/add_2/i2|I0                              EFX_ADD       0.052             0.484               3        (167,9) 
sapphire/u_ddr3_top/u_phy_top/u_ddr_phy_if/u2_ctl_fifo/u_efx_fifo_top/xefx_fifo_ctl/sub_49/add_2/i2|CO                              EFX_ADD       0.000             0.484               2        (167,9) 
sapphire/u_ddr3_top/u_phy_top/u_ddr_phy_if/u2_ctl_fifo/u_efx_fifo_top/xefx_fifo_ctl/sub_49/add_2/n4                                 net           0.000             0.484               2        (167,9) 
   Routing elements:
      Manhattan distance of X:0, Y:1
sapphire/u_ddr3_top/u_phy_top/u_ddr_phy_if/u2_ctl_fifo/u_efx_fifo_top/xefx_fifo_ctl/sub_49/add_2/i3|CI                              EFX_ADD       0.024             0.508               2        (167,10)
sapphire/u_ddr3_top/u_phy_top/u_ddr_phy_if/u2_ctl_fifo/u_efx_fifo_top/xefx_fifo_ctl/sub_49/add_2/i3|CO                              EFX_ADD       0.000             0.508               2        (167,10)
sapphire/u_ddr3_top/u_phy_top/u_ddr_phy_if/u2_ctl_fifo/u_efx_fifo_top/xefx_fifo_ctl/sub_49/add_2/n6                                 net           0.000             0.508               2        (167,10)
   Routing elements:
      Manhattan distance of X:0, Y:1
sapphire/u_ddr3_top/u_phy_top/u_ddr_phy_if/u2_ctl_fifo/u_efx_fifo_top/xefx_fifo_ctl/sub_49/add_2/i4|CI                              EFX_ADD       0.024             0.532               2        (167,11)
sapphire/u_ddr3_top/u_phy_top/u_ddr_phy_if/u2_ctl_fifo/u_efx_fifo_top/xefx_fifo_ctl/sub_49/add_2/i4|CO                              EFX_ADD       0.000             0.532               2        (167,11)
sapphire/u_ddr3_top/u_phy_top/u_ddr_phy_if/u2_ctl_fifo/u_efx_fifo_top/xefx_fifo_ctl/sub_49/add_2/n8                                 net           0.000             0.532               2        (167,11)
   Routing elements:
      Manhattan distance of X:0, Y:1
sapphire/u_ddr3_top/u_phy_top/u_ddr_phy_if/u2_ctl_fifo/u_efx_fifo_top/xefx_fifo_ctl/sub_49/add_2/i5|CI                              EFX_ADD       0.024             0.556               2        (167,12)
sapphire/u_ddr3_top/u_phy_top/u_ddr_phy_if/u2_ctl_fifo/u_efx_fifo_top/xefx_fifo_ctl/sub_49/add_2/i5|CO                              EFX_ADD       0.000             0.556               2        (167,12)
n69592                                                                                                                              net           0.000             0.556               2        (167,12)
   Routing elements:
      Manhattan distance of X:0, Y:1
sapphire/u_ddr3_top/u_phy_top/u_ddr_phy_if/u2_ctl_fifo/u_efx_fifo_top/xefx_fifo_ctl/sub_49/add_2/i5__AUX_ADD_CO|CI                  EFX_ADD       0.097             0.653               2        (167,13)
sapphire/u_ddr3_top/u_phy_top/u_ddr_phy_if/u2_ctl_fifo/u_efx_fifo_top/xefx_fifo_ctl/sub_49/add_2/i5__AUX_ADD_CO|O                   EFX_ADD       0.000             0.653               2        (167,13)
sapphire/u_ddr3_top/u_phy_top/u_ddr_phy_if/u2_ctl_fifo/u_efx_fifo_top/xefx_fifo_ctl/sub_49/add_2/n10                                net           0.102             0.755               2        (167,13)
   Routing elements:
      Manhattan distance of X:0, Y:1
LUT__124541|in[3]                                                                                                                   EFX_LUT4      0.061             0.816               2        (167,14)
LUT__124541|out                                                                                                                     EFX_LUT4      0.000             0.816               2        (167,14)
n62352                                                                                                                              net           0.233             1.049               2        (167,14)
   Routing elements:
      Manhattan distance of X:5, Y:4
LUT__124542|in[2]                                                                                                                   EFX_LUT4      0.061             1.110               2        (172,10)
LUT__124542|out                                                                                                                     EFX_LUT4      0.000             1.110               3        (172,10)
n62353                                                                                                                              net           0.061             1.171               3        (172,10)
   Routing elements:
      Manhattan distance of X:0, Y:1
LUT__124543|in[3]                                                                                                                   EFX_LUT4      0.061             1.232               3        (172,9) 
LUT__124543|out                                                                                                                     EFX_LUT4      0.000             1.232              14        (172,9) 
sapphire/u_ddr3_top/u_phy_top/u_ddr_phy_if/u2_ctl_fifo/u_efx_fifo_top/rd_en_int                                                     net           0.536             1.768              14        (172,9) 
   Routing elements:
      Manhattan distance of X:0, Y:6
sapphire/u_ddr3_top/u_phy_top/u_ddr_phy_if/u2_ctl_fifo/u_efx_fifo_top/xefx_fifo_ctl/raddr_cntr_r[0]~FF|CE                           EFX_FF        0.104             1.872              14        (172,3) 

Capture Clock Path
                                                   name                                                     model name   delay (ns)  cumulative delay (ns) pins on net    location
====================================================================================================================================================================================
tx_cal_clk                                                                                                    input        0.000             0.000               0       (219,164)
tx_cal_clk                                                                                                    input        0.126             0.126              59       (219,164)
tx_cal_clk                                                                                                    net          1.921             2.047              59       (219,164)
   Routing elements:
      Manhattan distance of X:47, Y:161
sapphire/u_ddr3_top/u_phy_top/u_ddr_phy_if/u2_ctl_fifo/u_efx_fifo_top/xefx_fifo_ctl/raddr_cntr_r[0]~FF|CLK    EFX_FF       0.000             2.047              59       (172,3)  

++++ Path 8 ++++++++++++++++++++++++++++++++++++++++++++++++++++++++++++++++++++

Path Begin    : sapphire/u_ddr3_top/u_phy_top/u_ddr_phy_if/u2_ctl_fifo/u_efx_fifo_top/xefx_fifo_ctl/genblk7.genblk1.waddr_cntr_sync_g2b_r[1]~FF|CLK
Path End      : sapphire/u_ddr3_top/u_phy_top/u_ddr_phy_if/u2_ctl_fifo/u_efx_fifo_top/xefx_fifo_ctl/raddr_cntr_r[2]~FF|CE                          
Launch Clock  : tx_cal_clk (RISE)                                                                                                                  
Capture Clock : tx_cal_clk (RISE)                                                                                                                  
Slack         : 0.502 (required time - arrival time)                                                                                               
Delay         : 1.638                                                                                                                              

Logic Level             : 8
Non-global nets on path : 9
Global nets on path     : 0

Launch Clock Path Delay        : 2.047
+ Clock To Q + Data Path Delay : 1.872
--------------------------------------
End-of-path arrival time       : 3.919

Constraint                     : 2.500
+ Capture Clock Path Delay     : 2.047
- Clock Uncertainty            : 0.126
--------------------------------------
End-of-path required time      : 4.421

Launch Clock Path
                                                               name                                                                  model name   delay (ns)  cumulative delay (ns) pins on net    location
=============================================================================================================================================================================================================
tx_cal_clk                                                                                                                             input        0.000             0.000               0       (219,164)
tx_cal_clk                                                                                                                             input        0.126             0.126              59       (219,164)
tx_cal_clk                                                                                                                             net          1.921             2.047              59       (219,164)
   Routing elements:
      Manhattan distance of X:47, Y:146
sapphire/u_ddr3_top/u_phy_top/u_ddr_phy_if/u2_ctl_fifo/u_efx_fifo_top/xefx_fifo_ctl/genblk7.genblk1.waddr_cntr_sync_g2b_r[1]~FF|CLK    EFX_FF       0.000             2.047              59       (172,18) 

Data Path
                                                              name                                                                 model name   delay (ns)  cumulative delay (ns) pins on net    location
===========================================================================================================================================================================================================
sapphire/u_ddr3_top/u_phy_top/u_ddr_phy_if/u2_ctl_fifo/u_efx_fifo_top/xefx_fifo_ctl/genblk7.genblk1.waddr_cntr_sync_g2b_r[1]~FF|Q   EFX_FF        0.130             0.130               3        (172,18)
sapphire/u_ddr3_top/u_phy_top/u_ddr_phy_if/u2_ctl_fifo/u_efx_fifo_top/xefx_fifo_ctl/genblk7.genblk1.waddr_cntr_sync_g2b_r[1]        net           0.302             0.432               3        (172,18)
   Routing elements:
      Manhattan distance of X:5, Y:9
sapphire/u_ddr3_top/u_phy_top/u_ddr_phy_if/u2_ctl_fifo/u_efx_fifo_top/xefx_fifo_ctl/sub_49/add_2/i2|I0                              EFX_ADD       0.052             0.484               3        (167,9) 
sapphire/u_ddr3_top/u_phy_top/u_ddr_phy_if/u2_ctl_fifo/u_efx_fifo_top/xefx_fifo_ctl/sub_49/add_2/i2|CO                              EFX_ADD       0.000             0.484               2        (167,9) 
sapphire/u_ddr3_top/u_phy_top/u_ddr_phy_if/u2_ctl_fifo/u_efx_fifo_top/xefx_fifo_ctl/sub_49/add_2/n4                                 net           0.000             0.484               2        (167,9) 
   Routing elements:
      Manhattan distance of X:0, Y:1
sapphire/u_ddr3_top/u_phy_top/u_ddr_phy_if/u2_ctl_fifo/u_efx_fifo_top/xefx_fifo_ctl/sub_49/add_2/i3|CI                              EFX_ADD       0.024             0.508               2        (167,10)
sapphire/u_ddr3_top/u_phy_top/u_ddr_phy_if/u2_ctl_fifo/u_efx_fifo_top/xefx_fifo_ctl/sub_49/add_2/i3|CO                              EFX_ADD       0.000             0.508               2        (167,10)
sapphire/u_ddr3_top/u_phy_top/u_ddr_phy_if/u2_ctl_fifo/u_efx_fifo_top/xefx_fifo_ctl/sub_49/add_2/n6                                 net           0.000             0.508               2        (167,10)
   Routing elements:
      Manhattan distance of X:0, Y:1
sapphire/u_ddr3_top/u_phy_top/u_ddr_phy_if/u2_ctl_fifo/u_efx_fifo_top/xefx_fifo_ctl/sub_49/add_2/i4|CI                              EFX_ADD       0.024             0.532               2        (167,11)
sapphire/u_ddr3_top/u_phy_top/u_ddr_phy_if/u2_ctl_fifo/u_efx_fifo_top/xefx_fifo_ctl/sub_49/add_2/i4|CO                              EFX_ADD       0.000             0.532               2        (167,11)
sapphire/u_ddr3_top/u_phy_top/u_ddr_phy_if/u2_ctl_fifo/u_efx_fifo_top/xefx_fifo_ctl/sub_49/add_2/n8                                 net           0.000             0.532               2        (167,11)
   Routing elements:
      Manhattan distance of X:0, Y:1
sapphire/u_ddr3_top/u_phy_top/u_ddr_phy_if/u2_ctl_fifo/u_efx_fifo_top/xefx_fifo_ctl/sub_49/add_2/i5|CI                              EFX_ADD       0.024             0.556               2        (167,12)
sapphire/u_ddr3_top/u_phy_top/u_ddr_phy_if/u2_ctl_fifo/u_efx_fifo_top/xefx_fifo_ctl/sub_49/add_2/i5|CO                              EFX_ADD       0.000             0.556               2        (167,12)
n69592                                                                                                                              net           0.000             0.556               2        (167,12)
   Routing elements:
      Manhattan distance of X:0, Y:1
sapphire/u_ddr3_top/u_phy_top/u_ddr_phy_if/u2_ctl_fifo/u_efx_fifo_top/xefx_fifo_ctl/sub_49/add_2/i5__AUX_ADD_CO|CI                  EFX_ADD       0.097             0.653               2        (167,13)
sapphire/u_ddr3_top/u_phy_top/u_ddr_phy_if/u2_ctl_fifo/u_efx_fifo_top/xefx_fifo_ctl/sub_49/add_2/i5__AUX_ADD_CO|O                   EFX_ADD       0.000             0.653               2        (167,13)
sapphire/u_ddr3_top/u_phy_top/u_ddr_phy_if/u2_ctl_fifo/u_efx_fifo_top/xefx_fifo_ctl/sub_49/add_2/n10                                net           0.102             0.755               2        (167,13)
   Routing elements:
      Manhattan distance of X:0, Y:1
LUT__124541|in[3]                                                                                                                   EFX_LUT4      0.061             0.816               2        (167,14)
LUT__124541|out                                                                                                                     EFX_LUT4      0.000             0.816               2        (167,14)
n62352                                                                                                                              net           0.233             1.049               2        (167,14)
   Routing elements:
      Manhattan distance of X:5, Y:4
LUT__124542|in[2]                                                                                                                   EFX_LUT4      0.061             1.110               2        (172,10)
LUT__124542|out                                                                                                                     EFX_LUT4      0.000             1.110               3        (172,10)
n62353                                                                                                                              net           0.061             1.171               3        (172,10)
   Routing elements:
      Manhattan distance of X:0, Y:1
LUT__124543|in[3]                                                                                                                   EFX_LUT4      0.061             1.232               3        (172,9) 
LUT__124543|out                                                                                                                     EFX_LUT4      0.000             1.232              14        (172,9) 
sapphire/u_ddr3_top/u_phy_top/u_ddr_phy_if/u2_ctl_fifo/u_efx_fifo_top/rd_en_int                                                     net           0.536             1.768              14        (172,9) 
   Routing elements:
      Manhattan distance of X:0, Y:5
sapphire/u_ddr3_top/u_phy_top/u_ddr_phy_if/u2_ctl_fifo/u_efx_fifo_top/xefx_fifo_ctl/raddr_cntr_r[2]~FF|CE                           EFX_FF        0.104             1.872              14        (172,14)

Capture Clock Path
                                                   name                                                     model name   delay (ns)  cumulative delay (ns) pins on net    location
====================================================================================================================================================================================
tx_cal_clk                                                                                                    input        0.000             0.000               0       (219,164)
tx_cal_clk                                                                                                    input        0.126             0.126              59       (219,164)
tx_cal_clk                                                                                                    net          1.921             2.047              59       (219,164)
   Routing elements:
      Manhattan distance of X:47, Y:150
sapphire/u_ddr3_top/u_phy_top/u_ddr_phy_if/u2_ctl_fifo/u_efx_fifo_top/xefx_fifo_ctl/raddr_cntr_r[2]~FF|CLK    EFX_FF       0.000             2.047              59       (172,14) 

++++ Path 9 ++++++++++++++++++++++++++++++++++++++++++++++++++++++++++++++++++++

Path Begin    : sapphire/u_ddr3_top/u_phy_top/u_ddr_phy_if/u2_ctl_fifo/u_efx_fifo_top/xefx_fifo_ctl/genblk7.genblk1.waddr_cntr_sync_g2b_r[1]~FF|CLK
Path End      : sapphire/u_ddr3_top/u_phy_top/u_ddr_phy_if/u2_ctl_fifo/u_efx_fifo_top/xefx_fifo_ctl/raddr_cntr[4]~FF|CE                            
Launch Clock  : tx_cal_clk (RISE)                                                                                                                  
Capture Clock : tx_cal_clk (RISE)                                                                                                                  
Slack         : 0.502 (required time - arrival time)                                                                                               
Delay         : 1.638                                                                                                                              

Logic Level             : 8
Non-global nets on path : 9
Global nets on path     : 0

Launch Clock Path Delay        : 2.047
+ Clock To Q + Data Path Delay : 1.872
--------------------------------------
End-of-path arrival time       : 3.919

Constraint                     : 2.500
+ Capture Clock Path Delay     : 2.047
- Clock Uncertainty            : 0.126
--------------------------------------
End-of-path required time      : 4.421

Launch Clock Path
                                                               name                                                                  model name   delay (ns)  cumulative delay (ns) pins on net    location
=============================================================================================================================================================================================================
tx_cal_clk                                                                                                                             input        0.000             0.000               0       (219,164)
tx_cal_clk                                                                                                                             input        0.126             0.126              59       (219,164)
tx_cal_clk                                                                                                                             net          1.921             2.047              59       (219,164)
   Routing elements:
      Manhattan distance of X:47, Y:146
sapphire/u_ddr3_top/u_phy_top/u_ddr_phy_if/u2_ctl_fifo/u_efx_fifo_top/xefx_fifo_ctl/genblk7.genblk1.waddr_cntr_sync_g2b_r[1]~FF|CLK    EFX_FF       0.000             2.047              59       (172,18) 

Data Path
                                                              name                                                                 model name   delay (ns)  cumulative delay (ns) pins on net    location
===========================================================================================================================================================================================================
sapphire/u_ddr3_top/u_phy_top/u_ddr_phy_if/u2_ctl_fifo/u_efx_fifo_top/xefx_fifo_ctl/genblk7.genblk1.waddr_cntr_sync_g2b_r[1]~FF|Q   EFX_FF        0.130             0.130               3        (172,18)
sapphire/u_ddr3_top/u_phy_top/u_ddr_phy_if/u2_ctl_fifo/u_efx_fifo_top/xefx_fifo_ctl/genblk7.genblk1.waddr_cntr_sync_g2b_r[1]        net           0.302             0.432               3        (172,18)
   Routing elements:
      Manhattan distance of X:5, Y:9
sapphire/u_ddr3_top/u_phy_top/u_ddr_phy_if/u2_ctl_fifo/u_efx_fifo_top/xefx_fifo_ctl/sub_49/add_2/i2|I0                              EFX_ADD       0.052             0.484               3        (167,9) 
sapphire/u_ddr3_top/u_phy_top/u_ddr_phy_if/u2_ctl_fifo/u_efx_fifo_top/xefx_fifo_ctl/sub_49/add_2/i2|CO                              EFX_ADD       0.000             0.484               2        (167,9) 
sapphire/u_ddr3_top/u_phy_top/u_ddr_phy_if/u2_ctl_fifo/u_efx_fifo_top/xefx_fifo_ctl/sub_49/add_2/n4                                 net           0.000             0.484               2        (167,9) 
   Routing elements:
      Manhattan distance of X:0, Y:1
sapphire/u_ddr3_top/u_phy_top/u_ddr_phy_if/u2_ctl_fifo/u_efx_fifo_top/xefx_fifo_ctl/sub_49/add_2/i3|CI                              EFX_ADD       0.024             0.508               2        (167,10)
sapphire/u_ddr3_top/u_phy_top/u_ddr_phy_if/u2_ctl_fifo/u_efx_fifo_top/xefx_fifo_ctl/sub_49/add_2/i3|CO                              EFX_ADD       0.000             0.508               2        (167,10)
sapphire/u_ddr3_top/u_phy_top/u_ddr_phy_if/u2_ctl_fifo/u_efx_fifo_top/xefx_fifo_ctl/sub_49/add_2/n6                                 net           0.000             0.508               2        (167,10)
   Routing elements:
      Manhattan distance of X:0, Y:1
sapphire/u_ddr3_top/u_phy_top/u_ddr_phy_if/u2_ctl_fifo/u_efx_fifo_top/xefx_fifo_ctl/sub_49/add_2/i4|CI                              EFX_ADD       0.024             0.532               2        (167,11)
sapphire/u_ddr3_top/u_phy_top/u_ddr_phy_if/u2_ctl_fifo/u_efx_fifo_top/xefx_fifo_ctl/sub_49/add_2/i4|CO                              EFX_ADD       0.000             0.532               2        (167,11)
sapphire/u_ddr3_top/u_phy_top/u_ddr_phy_if/u2_ctl_fifo/u_efx_fifo_top/xefx_fifo_ctl/sub_49/add_2/n8                                 net           0.000             0.532               2        (167,11)
   Routing elements:
      Manhattan distance of X:0, Y:1
sapphire/u_ddr3_top/u_phy_top/u_ddr_phy_if/u2_ctl_fifo/u_efx_fifo_top/xefx_fifo_ctl/sub_49/add_2/i5|CI                              EFX_ADD       0.024             0.556               2        (167,12)
sapphire/u_ddr3_top/u_phy_top/u_ddr_phy_if/u2_ctl_fifo/u_efx_fifo_top/xefx_fifo_ctl/sub_49/add_2/i5|CO                              EFX_ADD       0.000             0.556               2        (167,12)
n69592                                                                                                                              net           0.000             0.556               2        (167,12)
   Routing elements:
      Manhattan distance of X:0, Y:1
sapphire/u_ddr3_top/u_phy_top/u_ddr_phy_if/u2_ctl_fifo/u_efx_fifo_top/xefx_fifo_ctl/sub_49/add_2/i5__AUX_ADD_CO|CI                  EFX_ADD       0.097             0.653               2        (167,13)
sapphire/u_ddr3_top/u_phy_top/u_ddr_phy_if/u2_ctl_fifo/u_efx_fifo_top/xefx_fifo_ctl/sub_49/add_2/i5__AUX_ADD_CO|O                   EFX_ADD       0.000             0.653               2        (167,13)
sapphire/u_ddr3_top/u_phy_top/u_ddr_phy_if/u2_ctl_fifo/u_efx_fifo_top/xefx_fifo_ctl/sub_49/add_2/n10                                net           0.102             0.755               2        (167,13)
   Routing elements:
      Manhattan distance of X:0, Y:1
LUT__124541|in[3]                                                                                                                   EFX_LUT4      0.061             0.816               2        (167,14)
LUT__124541|out                                                                                                                     EFX_LUT4      0.000             0.816               2        (167,14)
n62352                                                                                                                              net           0.233             1.049               2        (167,14)
   Routing elements:
      Manhattan distance of X:5, Y:4
LUT__124542|in[2]                                                                                                                   EFX_LUT4      0.061             1.110               2        (172,10)
LUT__124542|out                                                                                                                     EFX_LUT4      0.000             1.110               3        (172,10)
n62353                                                                                                                              net           0.061             1.171               3        (172,10)
   Routing elements:
      Manhattan distance of X:0, Y:1
LUT__124543|in[3]                                                                                                                   EFX_LUT4      0.061             1.232               3        (172,9) 
LUT__124543|out                                                                                                                     EFX_LUT4      0.000             1.232              14        (172,9) 
sapphire/u_ddr3_top/u_phy_top/u_ddr_phy_if/u2_ctl_fifo/u_efx_fifo_top/rd_en_int                                                     net           0.536             1.768              14        (172,9) 
   Routing elements:
      Manhattan distance of X:0, Y:2
sapphire/u_ddr3_top/u_phy_top/u_ddr_phy_if/u2_ctl_fifo/u_efx_fifo_top/xefx_fifo_ctl/raddr_cntr[4]~FF|CE                             EFX_FF        0.104             1.872              14        (172,7) 

Capture Clock Path
                                                  name                                                    model name   delay (ns)  cumulative delay (ns) pins on net    location
==================================================================================================================================================================================
tx_cal_clk                                                                                                  input        0.000             0.000               0       (219,164)
tx_cal_clk                                                                                                  input        0.126             0.126              59       (219,164)
tx_cal_clk                                                                                                  net          1.921             2.047              59       (219,164)
   Routing elements:
      Manhattan distance of X:47, Y:157
sapphire/u_ddr3_top/u_phy_top/u_ddr_phy_if/u2_ctl_fifo/u_efx_fifo_top/xefx_fifo_ctl/raddr_cntr[4]~FF|CLK    EFX_FF       0.000             2.047              59       (172,7)  

++++ Path 10 +++++++++++++++++++++++++++++++++++++++++++++++++++++++++++++++++++

Path Begin    : sapphire/u_ddr3_top/u_phy_top/u_ddr_phy_if/u2_ctl_fifo/u_efx_fifo_top/xefx_fifo_ctl/genblk7.genblk1.waddr_cntr_sync_g2b_r[1]~FF|CLK
Path End      : sapphire/u_ddr3_top/u_phy_top/u_ddr_phy_if/u2_ctl_fifo/u_efx_fifo_top/raddr[1]~FF|CE                                               
Launch Clock  : tx_cal_clk (RISE)                                                                                                                  
Capture Clock : tx_cal_clk (RISE)                                                                                                                  
Slack         : 0.502 (required time - arrival time)                                                                                               
Delay         : 1.638                                                                                                                              

Logic Level             : 8
Non-global nets on path : 9
Global nets on path     : 0

Launch Clock Path Delay        : 2.047
+ Clock To Q + Data Path Delay : 1.872
--------------------------------------
End-of-path arrival time       : 3.919

Constraint                     : 2.500
+ Capture Clock Path Delay     : 2.047
- Clock Uncertainty            : 0.126
--------------------------------------
End-of-path required time      : 4.421

Launch Clock Path
                                                               name                                                                  model name   delay (ns)  cumulative delay (ns) pins on net    location
=============================================================================================================================================================================================================
tx_cal_clk                                                                                                                             input        0.000             0.000               0       (219,164)
tx_cal_clk                                                                                                                             input        0.126             0.126              59       (219,164)
tx_cal_clk                                                                                                                             net          1.921             2.047              59       (219,164)
   Routing elements:
      Manhattan distance of X:47, Y:146
sapphire/u_ddr3_top/u_phy_top/u_ddr_phy_if/u2_ctl_fifo/u_efx_fifo_top/xefx_fifo_ctl/genblk7.genblk1.waddr_cntr_sync_g2b_r[1]~FF|CLK    EFX_FF       0.000             2.047              59       (172,18) 

Data Path
                                                              name                                                                 model name   delay (ns)  cumulative delay (ns) pins on net    location
===========================================================================================================================================================================================================
sapphire/u_ddr3_top/u_phy_top/u_ddr_phy_if/u2_ctl_fifo/u_efx_fifo_top/xefx_fifo_ctl/genblk7.genblk1.waddr_cntr_sync_g2b_r[1]~FF|Q   EFX_FF        0.130             0.130               3        (172,18)
sapphire/u_ddr3_top/u_phy_top/u_ddr_phy_if/u2_ctl_fifo/u_efx_fifo_top/xefx_fifo_ctl/genblk7.genblk1.waddr_cntr_sync_g2b_r[1]        net           0.302             0.432               3        (172,18)
   Routing elements:
      Manhattan distance of X:5, Y:9
sapphire/u_ddr3_top/u_phy_top/u_ddr_phy_if/u2_ctl_fifo/u_efx_fifo_top/xefx_fifo_ctl/sub_49/add_2/i2|I0                              EFX_ADD       0.052             0.484               3        (167,9) 
sapphire/u_ddr3_top/u_phy_top/u_ddr_phy_if/u2_ctl_fifo/u_efx_fifo_top/xefx_fifo_ctl/sub_49/add_2/i2|CO                              EFX_ADD       0.000             0.484               2        (167,9) 
sapphire/u_ddr3_top/u_phy_top/u_ddr_phy_if/u2_ctl_fifo/u_efx_fifo_top/xefx_fifo_ctl/sub_49/add_2/n4                                 net           0.000             0.484               2        (167,9) 
   Routing elements:
      Manhattan distance of X:0, Y:1
sapphire/u_ddr3_top/u_phy_top/u_ddr_phy_if/u2_ctl_fifo/u_efx_fifo_top/xefx_fifo_ctl/sub_49/add_2/i3|CI                              EFX_ADD       0.024             0.508               2        (167,10)
sapphire/u_ddr3_top/u_phy_top/u_ddr_phy_if/u2_ctl_fifo/u_efx_fifo_top/xefx_fifo_ctl/sub_49/add_2/i3|CO                              EFX_ADD       0.000             0.508               2        (167,10)
sapphire/u_ddr3_top/u_phy_top/u_ddr_phy_if/u2_ctl_fifo/u_efx_fifo_top/xefx_fifo_ctl/sub_49/add_2/n6                                 net           0.000             0.508               2        (167,10)
   Routing elements:
      Manhattan distance of X:0, Y:1
sapphire/u_ddr3_top/u_phy_top/u_ddr_phy_if/u2_ctl_fifo/u_efx_fifo_top/xefx_fifo_ctl/sub_49/add_2/i4|CI                              EFX_ADD       0.024             0.532               2        (167,11)
sapphire/u_ddr3_top/u_phy_top/u_ddr_phy_if/u2_ctl_fifo/u_efx_fifo_top/xefx_fifo_ctl/sub_49/add_2/i4|CO                              EFX_ADD       0.000             0.532               2        (167,11)
sapphire/u_ddr3_top/u_phy_top/u_ddr_phy_if/u2_ctl_fifo/u_efx_fifo_top/xefx_fifo_ctl/sub_49/add_2/n8                                 net           0.000             0.532               2        (167,11)
   Routing elements:
      Manhattan distance of X:0, Y:1
sapphire/u_ddr3_top/u_phy_top/u_ddr_phy_if/u2_ctl_fifo/u_efx_fifo_top/xefx_fifo_ctl/sub_49/add_2/i5|CI                              EFX_ADD       0.024             0.556               2        (167,12)
sapphire/u_ddr3_top/u_phy_top/u_ddr_phy_if/u2_ctl_fifo/u_efx_fifo_top/xefx_fifo_ctl/sub_49/add_2/i5|CO                              EFX_ADD       0.000             0.556               2        (167,12)
n69592                                                                                                                              net           0.000             0.556               2        (167,12)
   Routing elements:
      Manhattan distance of X:0, Y:1
sapphire/u_ddr3_top/u_phy_top/u_ddr_phy_if/u2_ctl_fifo/u_efx_fifo_top/xefx_fifo_ctl/sub_49/add_2/i5__AUX_ADD_CO|CI                  EFX_ADD       0.097             0.653               2        (167,13)
sapphire/u_ddr3_top/u_phy_top/u_ddr_phy_if/u2_ctl_fifo/u_efx_fifo_top/xefx_fifo_ctl/sub_49/add_2/i5__AUX_ADD_CO|O                   EFX_ADD       0.000             0.653               2        (167,13)
sapphire/u_ddr3_top/u_phy_top/u_ddr_phy_if/u2_ctl_fifo/u_efx_fifo_top/xefx_fifo_ctl/sub_49/add_2/n10                                net           0.102             0.755               2        (167,13)
   Routing elements:
      Manhattan distance of X:0, Y:1
LUT__124541|in[3]                                                                                                                   EFX_LUT4      0.061             0.816               2        (167,14)
LUT__124541|out                                                                                                                     EFX_LUT4      0.000             0.816               2        (167,14)
n62352                                                                                                                              net           0.233             1.049               2        (167,14)
   Routing elements:
      Manhattan distance of X:5, Y:4
LUT__124542|in[2]                                                                                                                   EFX_LUT4      0.061             1.110               2        (172,10)
LUT__124542|out                                                                                                                     EFX_LUT4      0.000             1.110               3        (172,10)
n62353                                                                                                                              net           0.061             1.171               3        (172,10)
   Routing elements:
      Manhattan distance of X:0, Y:1
LUT__124543|in[3]                                                                                                                   EFX_LUT4      0.061             1.232               3        (172,9) 
LUT__124543|out                                                                                                                     EFX_LUT4      0.000             1.232              14        (172,9) 
sapphire/u_ddr3_top/u_phy_top/u_ddr_phy_if/u2_ctl_fifo/u_efx_fifo_top/rd_en_int                                                     net           0.536             1.768              14        (172,9) 
   Routing elements:
      Manhattan distance of X:0, Y:5
sapphire/u_ddr3_top/u_phy_top/u_ddr_phy_if/u2_ctl_fifo/u_efx_fifo_top/raddr[1]~FF|CE                                                EFX_FF        0.104             1.872              14        (172,4) 

Capture Clock Path
                                        name                                           model name   delay (ns)  cumulative delay (ns) pins on net    location
===============================================================================================================================================================
tx_cal_clk                                                                               input        0.000             0.000               0       (219,164)
tx_cal_clk                                                                               input        0.126             0.126              59       (219,164)
tx_cal_clk                                                                               net          1.921             2.047              59       (219,164)
   Routing elements:
      Manhattan distance of X:47, Y:160
sapphire/u_ddr3_top/u_phy_top/u_ddr_phy_if/u2_ctl_fifo/u_efx_fifo_top/raddr[1]~FF|CLK    EFX_FF       0.000             2.047              59       (172,4)  

################################################################################
Path Detail Report (tx_cal_clk_90edge vs tx_cal_clk_90edge)
################################################################################


++++ Path 1 ++++++++++++++++++++++++++++++++++++++++++++++++++++++++++++++++++++

Path Begin    : sapphire/u_ddr3_top/u_phy_top/u_ddr_phy_if/u3_dout_fifo/u_efx_fifo_top/xefx_fifo_ram/ram__D$2|RCLK
Path End      : sapphire/u_ddr3_top/u_phy_top/u_ddr_phy_if/mem_dq_out[19]~FF|D                                    
Launch Clock  : tx_cal_clk_90edge (RISE)                                                                          
Capture Clock : tx_cal_clk_90edge (RISE)                                                                          
Slack         : 0.412 (required time - arrival time)                                                              
Delay         : 0.598                                                                                             

Logic Level             : 1
Non-global nets on path : 2
Global nets on path     : 0

Launch Clock Path Delay        : 2.056
+ Clock To Q + Data Path Delay : 1.962
--------------------------------------
End-of-path arrival time       : 4.018

Constraint                     : 2.500
+ Capture Clock Path Delay     : 2.056
- Clock Uncertainty            : 0.126
--------------------------------------
End-of-path required time      : 4.430

Launch Clock Path
                                               name                                                 model name   delay (ns)  cumulative delay (ns) pins on net    location
============================================================================================================================================================================
tx_cal_clk_90edge                                                                                   input          0.000             0.000               0       (219,162)
tx_cal_clk_90edge                                                                                   input          0.126             0.126             269       (219,162)
tx_cal_clk_90edge                                                                                   net            1.930             2.056             269       (219,162)
   Routing elements:
      Manhattan distance of X:132, Y:160
sapphire/u_ddr3_top/u_phy_top/u_ddr_phy_if/u3_dout_fifo/u_efx_fifo_top/xefx_fifo_ram/ram__D$2|RCLK  EFX_RAM10      0.000             2.056             269       (87,2)   

Data Path
                                                 name                                                    model name   delay (ns)  cumulative delay (ns) pins on net    location
=================================================================================================================================================================================
sapphire/u_ddr3_top/u_phy_top/u_ddr_phy_if/u3_dout_fifo/u_efx_fifo_top/xefx_fifo_ram/ram__D$2|RDATA[19]  EFX_RAM10      1.361             1.361              2         (87,2)  
sapphire/u_ddr3_top/u_phy_top/u_ddr_phy_if/u3_q[19]                                                      net            0.537             1.898              2         (87,2)  
   Routing elements:
      Manhattan distance of X:16, Y:15
LUT__124601|in[0]                                                                                        EFX_LUT4       0.061             1.959              2         (103,17)
LUT__124601|out                                                                                          EFX_LUT4       0.000             1.959              2         (103,17)
sapphire/u_ddr3_top/u_phy_top/u_ddr_phy_if/n1400                                                         net            0.000             1.959              2         (103,17)
sapphire/u_ddr3_top/u_phy_top/u_ddr_phy_if/mem_dq_out[19]~FF|D                                           EFX_FF         0.003             1.962              2         (103,17)

Capture Clock Path
                              name                                model name   delay (ns)  cumulative delay (ns) pins on net    location
==========================================================================================================================================
tx_cal_clk_90edge                                                   input        0.000             0.000               0       (219,162)
tx_cal_clk_90edge                                                   input        0.126             0.126             269       (219,162)
tx_cal_clk_90edge                                                   net          1.930             2.056             269       (219,162)
   Routing elements:
      Manhattan distance of X:116, Y:145
sapphire/u_ddr3_top/u_phy_top/u_ddr_phy_if/mem_dq_out[19]~FF|CLK    EFX_FF       0.000             2.056             269       (103,17) 

++++ Path 2 ++++++++++++++++++++++++++++++++++++++++++++++++++++++++++++++++++++

Path Begin    : sapphire/u_ddr3_top/u_phy_top/u_ddr_phy_if/u3_dout_fifo/u_efx_fifo_top/raddr[2]~FF|CLK                    
Path End      : sapphire/u_ddr3_top/u_phy_top/u_ddr_phy_if/u3_dout_fifo/u_efx_fifo_top/xefx_fifo_ctl/raddr_cntr_r[1]~FF|CE
Launch Clock  : tx_cal_clk_90edge (RISE)                                                                                  
Capture Clock : tx_cal_clk_90edge (RISE)                                                                                  
Slack         : 0.431 (required time - arrival time)                                                                      
Delay         : 1.709                                                                                                     

Logic Level             : 6
Non-global nets on path : 7
Global nets on path     : 0

Launch Clock Path Delay        : 2.056
+ Clock To Q + Data Path Delay : 1.943
--------------------------------------
End-of-path arrival time       : 3.999

Constraint                     : 2.500
+ Capture Clock Path Delay     : 2.056
- Clock Uncertainty            : 0.126
--------------------------------------
End-of-path required time      : 4.430

Launch Clock Path
                                         name                                           model name   delay (ns)  cumulative delay (ns) pins on net    location
================================================================================================================================================================
tx_cal_clk_90edge                                                                         input        0.000             0.000               0       (219,162)
tx_cal_clk_90edge                                                                         input        0.126             0.126             269       (219,162)
tx_cal_clk_90edge                                                                         net          1.930             2.056             269       (219,162)
   Routing elements:
      Manhattan distance of X:106, Y:138
sapphire/u_ddr3_top/u_phy_top/u_ddr_phy_if/u3_dout_fifo/u_efx_fifo_top/raddr[2]~FF|CLK    EFX_FF       0.000             2.056             269       (113,24) 

Data Path
                                                       name                                                          model name   delay (ns)  cumulative delay (ns) pins on net    location
=============================================================================================================================================================================================
sapphire/u_ddr3_top/u_phy_top/u_ddr_phy_if/u3_dout_fifo/u_efx_fifo_top/raddr[2]~FF|Q                                  EFX_FF        0.130             0.130              16        (113,24)
sapphire/u_ddr3_top/u_phy_top/u_ddr_phy_if/u3_dout_fifo/u_efx_fifo_top/raddr[2]                                       net           0.415             0.545              16        (113,24)
   Routing elements:
      Manhattan distance of X:0, Y:11
sapphire/u_ddr3_top/u_phy_top/u_ddr_phy_if/u3_dout_fifo/u_efx_fifo_top/xefx_fifo_ctl/sub_49/add_2/i3|I1               EFX_ADD       0.057             0.602              16        (113,35)
sapphire/u_ddr3_top/u_phy_top/u_ddr_phy_if/u3_dout_fifo/u_efx_fifo_top/xefx_fifo_ctl/sub_49/add_2/i3|CO               EFX_ADD       0.000             0.602               2        (113,35)
sapphire/u_ddr3_top/u_phy_top/u_ddr_phy_if/u3_dout_fifo/u_efx_fifo_top/xefx_fifo_ctl/sub_49/add_2/n6                  net           0.000             0.602               2        (113,35)
   Routing elements:
      Manhattan distance of X:0, Y:1
sapphire/u_ddr3_top/u_phy_top/u_ddr_phy_if/u3_dout_fifo/u_efx_fifo_top/xefx_fifo_ctl/sub_49/add_2/i4|CI               EFX_ADD       0.024             0.626               2        (113,36)
sapphire/u_ddr3_top/u_phy_top/u_ddr_phy_if/u3_dout_fifo/u_efx_fifo_top/xefx_fifo_ctl/sub_49/add_2/i4|CO               EFX_ADD       0.000             0.626               2        (113,36)
sapphire/u_ddr3_top/u_phy_top/u_ddr_phy_if/u3_dout_fifo/u_efx_fifo_top/xefx_fifo_ctl/sub_49/add_2/n8                  net           0.000             0.626               2        (113,36)
   Routing elements:
      Manhattan distance of X:0, Y:1
sapphire/u_ddr3_top/u_phy_top/u_ddr_phy_if/u3_dout_fifo/u_efx_fifo_top/xefx_fifo_ctl/sub_49/add_2/i5|CI               EFX_ADD       0.024             0.650               2        (113,37)
sapphire/u_ddr3_top/u_phy_top/u_ddr_phy_if/u3_dout_fifo/u_efx_fifo_top/xefx_fifo_ctl/sub_49/add_2/i5|CO               EFX_ADD       0.000             0.650               2        (113,37)
n69595                                                                                                                net           0.000             0.650               2        (113,37)
   Routing elements:
      Manhattan distance of X:0, Y:1
sapphire/u_ddr3_top/u_phy_top/u_ddr_phy_if/u3_dout_fifo/u_efx_fifo_top/xefx_fifo_ctl/sub_49/add_2/i5__AUX_ADD_CO|CI   EFX_ADD       0.097             0.747               2        (113,38)
sapphire/u_ddr3_top/u_phy_top/u_ddr_phy_if/u3_dout_fifo/u_efx_fifo_top/xefx_fifo_ctl/sub_49/add_2/i5__AUX_ADD_CO|O    EFX_ADD       0.000             0.747               2        (113,38)
sapphire/u_ddr3_top/u_phy_top/u_ddr_phy_if/u3_dout_fifo/u_efx_fifo_top/xefx_fifo_ctl/sub_49/add_2/n10                 net           0.255             1.002               2        (113,38)
   Routing elements:
      Manhattan distance of X:0, Y:8
LUT__124132|in[3]                                                                                                     EFX_LUT4      0.061             1.063               2        (113,30)
LUT__124132|out                                                                                                       EFX_LUT4      0.000             1.063               2        (113,30)
n62307                                                                                                                net           0.061             1.124               2        (113,30)
   Routing elements:
      Manhattan distance of X:0, Y:1
LUT__124134|in[2]                                                                                                     EFX_LUT4      0.061             1.185               2        (113,29)
LUT__124134|out                                                                                                       EFX_LUT4      0.000             1.185              21        (113,29)
sapphire/u_ddr3_top/u_phy_top/u_ddr_phy_if/u3_dout_fifo/u_efx_fifo_top/rd_en_int                                      net           0.654             1.839              21        (113,29)
   Routing elements:
      Manhattan distance of X:3, Y:6
sapphire/u_ddr3_top/u_phy_top/u_ddr_phy_if/u3_dout_fifo/u_efx_fifo_top/xefx_fifo_ctl/raddr_cntr_r[1]~FF|CE            EFX_FF        0.104             1.943              21        (116,23)

Capture Clock Path
                                                   name                                                      model name   delay (ns)  cumulative delay (ns) pins on net    location
=====================================================================================================================================================================================
tx_cal_clk_90edge                                                                                              input        0.000             0.000               0       (219,162)
tx_cal_clk_90edge                                                                                              input        0.126             0.126             269       (219,162)
tx_cal_clk_90edge                                                                                              net          1.930             2.056             269       (219,162)
   Routing elements:
      Manhattan distance of X:103, Y:139
sapphire/u_ddr3_top/u_phy_top/u_ddr_phy_if/u3_dout_fifo/u_efx_fifo_top/xefx_fifo_ctl/raddr_cntr_r[1]~FF|CLK    EFX_FF       0.000             2.056             269       (116,23) 

++++ Path 3 ++++++++++++++++++++++++++++++++++++++++++++++++++++++++++++++++++++

Path Begin    : sapphire/u_ddr3_top/u_phy_top/u_ddr_phy_if/u3_dout_fifo/u_efx_fifo_top/raddr[2]~FF|CLK                    
Path End      : sapphire/u_ddr3_top/u_phy_top/u_ddr_phy_if/u3_dout_fifo/u_efx_fifo_top/xefx_fifo_ctl/raddr_cntr_r[2]~FF|CE
Launch Clock  : tx_cal_clk_90edge (RISE)                                                                                  
Capture Clock : tx_cal_clk_90edge (RISE)                                                                                  
Slack         : 0.431 (required time - arrival time)                                                                      
Delay         : 1.709                                                                                                     

Logic Level             : 6
Non-global nets on path : 7
Global nets on path     : 0

Launch Clock Path Delay        : 2.056
+ Clock To Q + Data Path Delay : 1.943
--------------------------------------
End-of-path arrival time       : 3.999

Constraint                     : 2.500
+ Capture Clock Path Delay     : 2.056
- Clock Uncertainty            : 0.126
--------------------------------------
End-of-path required time      : 4.430

Launch Clock Path
                                         name                                           model name   delay (ns)  cumulative delay (ns) pins on net    location
================================================================================================================================================================
tx_cal_clk_90edge                                                                         input        0.000             0.000               0       (219,162)
tx_cal_clk_90edge                                                                         input        0.126             0.126             269       (219,162)
tx_cal_clk_90edge                                                                         net          1.930             2.056             269       (219,162)
   Routing elements:
      Manhattan distance of X:106, Y:138
sapphire/u_ddr3_top/u_phy_top/u_ddr_phy_if/u3_dout_fifo/u_efx_fifo_top/raddr[2]~FF|CLK    EFX_FF       0.000             2.056             269       (113,24) 

Data Path
                                                       name                                                          model name   delay (ns)  cumulative delay (ns) pins on net    location
=============================================================================================================================================================================================
sapphire/u_ddr3_top/u_phy_top/u_ddr_phy_if/u3_dout_fifo/u_efx_fifo_top/raddr[2]~FF|Q                                  EFX_FF        0.130             0.130              16        (113,24)
sapphire/u_ddr3_top/u_phy_top/u_ddr_phy_if/u3_dout_fifo/u_efx_fifo_top/raddr[2]                                       net           0.415             0.545              16        (113,24)
   Routing elements:
      Manhattan distance of X:0, Y:11
sapphire/u_ddr3_top/u_phy_top/u_ddr_phy_if/u3_dout_fifo/u_efx_fifo_top/xefx_fifo_ctl/sub_49/add_2/i3|I1               EFX_ADD       0.057             0.602              16        (113,35)
sapphire/u_ddr3_top/u_phy_top/u_ddr_phy_if/u3_dout_fifo/u_efx_fifo_top/xefx_fifo_ctl/sub_49/add_2/i3|CO               EFX_ADD       0.000             0.602               2        (113,35)
sapphire/u_ddr3_top/u_phy_top/u_ddr_phy_if/u3_dout_fifo/u_efx_fifo_top/xefx_fifo_ctl/sub_49/add_2/n6                  net           0.000             0.602               2        (113,35)
   Routing elements:
      Manhattan distance of X:0, Y:1
sapphire/u_ddr3_top/u_phy_top/u_ddr_phy_if/u3_dout_fifo/u_efx_fifo_top/xefx_fifo_ctl/sub_49/add_2/i4|CI               EFX_ADD       0.024             0.626               2        (113,36)
sapphire/u_ddr3_top/u_phy_top/u_ddr_phy_if/u3_dout_fifo/u_efx_fifo_top/xefx_fifo_ctl/sub_49/add_2/i4|CO               EFX_ADD       0.000             0.626               2        (113,36)
sapphire/u_ddr3_top/u_phy_top/u_ddr_phy_if/u3_dout_fifo/u_efx_fifo_top/xefx_fifo_ctl/sub_49/add_2/n8                  net           0.000             0.626               2        (113,36)
   Routing elements:
      Manhattan distance of X:0, Y:1
sapphire/u_ddr3_top/u_phy_top/u_ddr_phy_if/u3_dout_fifo/u_efx_fifo_top/xefx_fifo_ctl/sub_49/add_2/i5|CI               EFX_ADD       0.024             0.650               2        (113,37)
sapphire/u_ddr3_top/u_phy_top/u_ddr_phy_if/u3_dout_fifo/u_efx_fifo_top/xefx_fifo_ctl/sub_49/add_2/i5|CO               EFX_ADD       0.000             0.650               2        (113,37)
n69595                                                                                                                net           0.000             0.650               2        (113,37)
   Routing elements:
      Manhattan distance of X:0, Y:1
sapphire/u_ddr3_top/u_phy_top/u_ddr_phy_if/u3_dout_fifo/u_efx_fifo_top/xefx_fifo_ctl/sub_49/add_2/i5__AUX_ADD_CO|CI   EFX_ADD       0.097             0.747               2        (113,38)
sapphire/u_ddr3_top/u_phy_top/u_ddr_phy_if/u3_dout_fifo/u_efx_fifo_top/xefx_fifo_ctl/sub_49/add_2/i5__AUX_ADD_CO|O    EFX_ADD       0.000             0.747               2        (113,38)
sapphire/u_ddr3_top/u_phy_top/u_ddr_phy_if/u3_dout_fifo/u_efx_fifo_top/xefx_fifo_ctl/sub_49/add_2/n10                 net           0.255             1.002               2        (113,38)
   Routing elements:
      Manhattan distance of X:0, Y:8
LUT__124132|in[3]                                                                                                     EFX_LUT4      0.061             1.063               2        (113,30)
LUT__124132|out                                                                                                       EFX_LUT4      0.000             1.063               2        (113,30)
n62307                                                                                                                net           0.061             1.124               2        (113,30)
   Routing elements:
      Manhattan distance of X:0, Y:1
LUT__124134|in[2]                                                                                                     EFX_LUT4      0.061             1.185               2        (113,29)
LUT__124134|out                                                                                                       EFX_LUT4      0.000             1.185              21        (113,29)
sapphire/u_ddr3_top/u_phy_top/u_ddr_phy_if/u3_dout_fifo/u_efx_fifo_top/rd_en_int                                      net           0.654             1.839              21        (113,29)
   Routing elements:
      Manhattan distance of X:3, Y:1
sapphire/u_ddr3_top/u_phy_top/u_ddr_phy_if/u3_dout_fifo/u_efx_fifo_top/xefx_fifo_ctl/raddr_cntr_r[2]~FF|CE            EFX_FF        0.104             1.943              21        (116,28)

Capture Clock Path
                                                   name                                                      model name   delay (ns)  cumulative delay (ns) pins on net    location
=====================================================================================================================================================================================
tx_cal_clk_90edge                                                                                              input        0.000             0.000               0       (219,162)
tx_cal_clk_90edge                                                                                              input        0.126             0.126             269       (219,162)
tx_cal_clk_90edge                                                                                              net          1.930             2.056             269       (219,162)
   Routing elements:
      Manhattan distance of X:103, Y:134
sapphire/u_ddr3_top/u_phy_top/u_ddr_phy_if/u3_dout_fifo/u_efx_fifo_top/xefx_fifo_ctl/raddr_cntr_r[2]~FF|CLK    EFX_FF       0.000             2.056             269       (116,28) 

++++ Path 4 ++++++++++++++++++++++++++++++++++++++++++++++++++++++++++++++++++++

Path Begin    : sapphire/u_ddr3_top/u_phy_top/u_ddr_phy_if/u3_dout_fifo/u_efx_fifo_top/raddr[2]~FF|CLK
Path End      : sapphire/u_ddr3_top/u_phy_top/u_ddr_phy_if/u3_dout_fifo/u_efx_fifo_top/raddr[1]~FF|CE 
Launch Clock  : tx_cal_clk_90edge (RISE)                                                              
Capture Clock : tx_cal_clk_90edge (RISE)                                                              
Slack         : 0.431 (required time - arrival time)                                                  
Delay         : 1.709                                                                                 

Logic Level             : 6
Non-global nets on path : 7
Global nets on path     : 0

Launch Clock Path Delay        : 2.056
+ Clock To Q + Data Path Delay : 1.943
--------------------------------------
End-of-path arrival time       : 3.999

Constraint                     : 2.500
+ Capture Clock Path Delay     : 2.056
- Clock Uncertainty            : 0.126
--------------------------------------
End-of-path required time      : 4.430

Launch Clock Path
                                         name                                           model name   delay (ns)  cumulative delay (ns) pins on net    location
================================================================================================================================================================
tx_cal_clk_90edge                                                                         input        0.000             0.000               0       (219,162)
tx_cal_clk_90edge                                                                         input        0.126             0.126             269       (219,162)
tx_cal_clk_90edge                                                                         net          1.930             2.056             269       (219,162)
   Routing elements:
      Manhattan distance of X:106, Y:138
sapphire/u_ddr3_top/u_phy_top/u_ddr_phy_if/u3_dout_fifo/u_efx_fifo_top/raddr[2]~FF|CLK    EFX_FF       0.000             2.056             269       (113,24) 

Data Path
                                                       name                                                          model name   delay (ns)  cumulative delay (ns) pins on net    location
=============================================================================================================================================================================================
sapphire/u_ddr3_top/u_phy_top/u_ddr_phy_if/u3_dout_fifo/u_efx_fifo_top/raddr[2]~FF|Q                                  EFX_FF        0.130             0.130              16        (113,24)
sapphire/u_ddr3_top/u_phy_top/u_ddr_phy_if/u3_dout_fifo/u_efx_fifo_top/raddr[2]                                       net           0.415             0.545              16        (113,24)
   Routing elements:
      Manhattan distance of X:0, Y:11
sapphire/u_ddr3_top/u_phy_top/u_ddr_phy_if/u3_dout_fifo/u_efx_fifo_top/xefx_fifo_ctl/sub_49/add_2/i3|I1               EFX_ADD       0.057             0.602              16        (113,35)
sapphire/u_ddr3_top/u_phy_top/u_ddr_phy_if/u3_dout_fifo/u_efx_fifo_top/xefx_fifo_ctl/sub_49/add_2/i3|CO               EFX_ADD       0.000             0.602               2        (113,35)
sapphire/u_ddr3_top/u_phy_top/u_ddr_phy_if/u3_dout_fifo/u_efx_fifo_top/xefx_fifo_ctl/sub_49/add_2/n6                  net           0.000             0.602               2        (113,35)
   Routing elements:
      Manhattan distance of X:0, Y:1
sapphire/u_ddr3_top/u_phy_top/u_ddr_phy_if/u3_dout_fifo/u_efx_fifo_top/xefx_fifo_ctl/sub_49/add_2/i4|CI               EFX_ADD       0.024             0.626               2        (113,36)
sapphire/u_ddr3_top/u_phy_top/u_ddr_phy_if/u3_dout_fifo/u_efx_fifo_top/xefx_fifo_ctl/sub_49/add_2/i4|CO               EFX_ADD       0.000             0.626               2        (113,36)
sapphire/u_ddr3_top/u_phy_top/u_ddr_phy_if/u3_dout_fifo/u_efx_fifo_top/xefx_fifo_ctl/sub_49/add_2/n8                  net           0.000             0.626               2        (113,36)
   Routing elements:
      Manhattan distance of X:0, Y:1
sapphire/u_ddr3_top/u_phy_top/u_ddr_phy_if/u3_dout_fifo/u_efx_fifo_top/xefx_fifo_ctl/sub_49/add_2/i5|CI               EFX_ADD       0.024             0.650               2        (113,37)
sapphire/u_ddr3_top/u_phy_top/u_ddr_phy_if/u3_dout_fifo/u_efx_fifo_top/xefx_fifo_ctl/sub_49/add_2/i5|CO               EFX_ADD       0.000             0.650               2        (113,37)
n69595                                                                                                                net           0.000             0.650               2        (113,37)
   Routing elements:
      Manhattan distance of X:0, Y:1
sapphire/u_ddr3_top/u_phy_top/u_ddr_phy_if/u3_dout_fifo/u_efx_fifo_top/xefx_fifo_ctl/sub_49/add_2/i5__AUX_ADD_CO|CI   EFX_ADD       0.097             0.747               2        (113,38)
sapphire/u_ddr3_top/u_phy_top/u_ddr_phy_if/u3_dout_fifo/u_efx_fifo_top/xefx_fifo_ctl/sub_49/add_2/i5__AUX_ADD_CO|O    EFX_ADD       0.000             0.747               2        (113,38)
sapphire/u_ddr3_top/u_phy_top/u_ddr_phy_if/u3_dout_fifo/u_efx_fifo_top/xefx_fifo_ctl/sub_49/add_2/n10                 net           0.255             1.002               2        (113,38)
   Routing elements:
      Manhattan distance of X:0, Y:8
LUT__124132|in[3]                                                                                                     EFX_LUT4      0.061             1.063               2        (113,30)
LUT__124132|out                                                                                                       EFX_LUT4      0.000             1.063               2        (113,30)
n62307                                                                                                                net           0.061             1.124               2        (113,30)
   Routing elements:
      Manhattan distance of X:0, Y:1
LUT__124134|in[2]                                                                                                     EFX_LUT4      0.061             1.185               2        (113,29)
LUT__124134|out                                                                                                       EFX_LUT4      0.000             1.185              21        (113,29)
sapphire/u_ddr3_top/u_phy_top/u_ddr_phy_if/u3_dout_fifo/u_efx_fifo_top/rd_en_int                                      net           0.654             1.839              21        (113,29)
   Routing elements:
      Manhattan distance of X:3, Y:5
sapphire/u_ddr3_top/u_phy_top/u_ddr_phy_if/u3_dout_fifo/u_efx_fifo_top/raddr[1]~FF|CE                                 EFX_FF        0.104             1.943              21        (116,24)

Capture Clock Path
                                         name                                           model name   delay (ns)  cumulative delay (ns) pins on net    location
================================================================================================================================================================
tx_cal_clk_90edge                                                                         input        0.000             0.000               0       (219,162)
tx_cal_clk_90edge                                                                         input        0.126             0.126             269       (219,162)
tx_cal_clk_90edge                                                                         net          1.930             2.056             269       (219,162)
   Routing elements:
      Manhattan distance of X:103, Y:138
sapphire/u_ddr3_top/u_phy_top/u_ddr_phy_if/u3_dout_fifo/u_efx_fifo_top/raddr[1]~FF|CLK    EFX_FF       0.000             2.056             269       (116,24) 

++++ Path 5 ++++++++++++++++++++++++++++++++++++++++++++++++++++++++++++++++++++

Path Begin    : sapphire/u_ddr3_top/u_phy_top/u_ddr_phy_if/u3_dout_fifo/u_efx_fifo_top/xefx_fifo_ram/ram__D$2|RCLK
Path End      : sapphire/u_ddr3_top/u_phy_top/u_ddr_phy_if/mem_dq_out[16]~FF|D                                    
Launch Clock  : tx_cal_clk_90edge (RISE)                                                                          
Capture Clock : tx_cal_clk_90edge (RISE)                                                                          
Slack         : 0.438 (required time - arrival time)                                                              
Delay         : 0.572                                                                                             

Logic Level             : 1
Non-global nets on path : 2
Global nets on path     : 0

Launch Clock Path Delay        : 2.056
+ Clock To Q + Data Path Delay : 1.936
--------------------------------------
End-of-path arrival time       : 3.992

Constraint                     : 2.500
+ Capture Clock Path Delay     : 2.056
- Clock Uncertainty            : 0.126
--------------------------------------
End-of-path required time      : 4.430

Launch Clock Path
                                               name                                                 model name   delay (ns)  cumulative delay (ns) pins on net    location
============================================================================================================================================================================
tx_cal_clk_90edge                                                                                   input          0.000             0.000               0       (219,162)
tx_cal_clk_90edge                                                                                   input          0.126             0.126             269       (219,162)
tx_cal_clk_90edge                                                                                   net            1.930             2.056             269       (219,162)
   Routing elements:
      Manhattan distance of X:132, Y:160
sapphire/u_ddr3_top/u_phy_top/u_ddr_phy_if/u3_dout_fifo/u_efx_fifo_top/xefx_fifo_ram/ram__D$2|RCLK  EFX_RAM10      0.000             2.056             269       (87,2)   

Data Path
                                                 name                                                    model name   delay (ns)  cumulative delay (ns) pins on net    location
=================================================================================================================================================================================
sapphire/u_ddr3_top/u_phy_top/u_ddr_phy_if/u3_dout_fifo/u_efx_fifo_top/xefx_fifo_ram/ram__D$2|RDATA[16]  EFX_RAM10      1.361             1.361              2         (87,2)  
sapphire/u_ddr3_top/u_phy_top/u_ddr_phy_if/u3_q[16]                                                      net            0.509             1.870              2         (87,2)  
   Routing elements:
      Manhattan distance of X:18, Y:8
LUT__124598|in[0]                                                                                        EFX_LUT4       0.063             1.933              2         (105,10)
LUT__124598|out                                                                                          EFX_LUT4       0.000             1.933              2         (105,10)
sapphire/u_ddr3_top/u_phy_top/u_ddr_phy_if/n1403                                                         net            0.000             1.933              2         (105,10)
sapphire/u_ddr3_top/u_phy_top/u_ddr_phy_if/mem_dq_out[16]~FF|D                                           EFX_FF         0.003             1.936              2         (105,10)

Capture Clock Path
                              name                                model name   delay (ns)  cumulative delay (ns) pins on net    location
==========================================================================================================================================
tx_cal_clk_90edge                                                   input        0.000             0.000               0       (219,162)
tx_cal_clk_90edge                                                   input        0.126             0.126             269       (219,162)
tx_cal_clk_90edge                                                   net          1.930             2.056             269       (219,162)
   Routing elements:
      Manhattan distance of X:114, Y:152
sapphire/u_ddr3_top/u_phy_top/u_ddr_phy_if/mem_dq_out[16]~FF|CLK    EFX_FF       0.000             2.056             269       (105,10) 

++++ Path 6 ++++++++++++++++++++++++++++++++++++++++++++++++++++++++++++++++++++

Path Begin    : sapphire/u_ddr3_top/u_phy_top/u_ddr_phy_if/u3_dout_fifo/u_efx_fifo_top/xefx_fifo_ram/ram__D$f12|RCLK
Path End      : sapphire/u_ddr3_top/u_phy_top/u_ddr_phy_if/mem_dm_out[11]~FF|D                                      
Launch Clock  : tx_cal_clk_90edge (RISE)                                                                            
Capture Clock : tx_cal_clk_90edge (RISE)                                                                            
Slack         : 0.449 (required time - arrival time)                                                                
Delay         : 0.561                                                                                               

Logic Level             : 1
Non-global nets on path : 2
Global nets on path     : 0

Launch Clock Path Delay        : 2.056
+ Clock To Q + Data Path Delay : 1.925
--------------------------------------
End-of-path arrival time       : 3.981

Constraint                     : 2.500
+ Capture Clock Path Delay     : 2.056
- Clock Uncertainty            : 0.126
--------------------------------------
End-of-path required time      : 4.430

Launch Clock Path
                                                name                                                  model name   delay (ns)  cumulative delay (ns) pins on net    location
==============================================================================================================================================================================
tx_cal_clk_90edge                                                                                     input          0.000             0.000               0       (219,162)
tx_cal_clk_90edge                                                                                     input          0.126             0.126             269       (219,162)
tx_cal_clk_90edge                                                                                     net            1.930             2.056             269       (219,162)
   Routing elements:
      Manhattan distance of X:102, Y:160
sapphire/u_ddr3_top/u_phy_top/u_ddr_phy_if/u3_dout_fifo/u_efx_fifo_top/xefx_fifo_ram/ram__D$f12|RCLK  EFX_RAM10      0.000             2.056             269       (117,2)  

Data Path
                                                  name                                                     model name   delay (ns)  cumulative delay (ns) pins on net    location
===================================================================================================================================================================================
sapphire/u_ddr3_top/u_phy_top/u_ddr_phy_if/u3_dout_fifo/u_efx_fifo_top/xefx_fifo_ram/ram__D$f12|RDATA[19]  EFX_RAM10      1.361             1.361              2         (117,2) 
sapphire/u_ddr3_top/u_phy_top/u_ddr_phy_if/u3_q[139]                                                       net            0.498             1.859              2         (117,2) 
   Routing elements:
      Manhattan distance of X:12, Y:11
LUT__124763|in[0]                                                                                          EFX_LUT4       0.063             1.922              2         (105,13)
LUT__124763|out                                                                                            EFX_LUT4       0.000             1.922              2         (105,13)
sapphire/u_ddr3_top/u_phy_top/u_ddr_phy_if/n1425                                                           net            0.000             1.922              2         (105,13)
sapphire/u_ddr3_top/u_phy_top/u_ddr_phy_if/mem_dm_out[11]~FF|D                                             EFX_FF         0.003             1.925              2         (105,13)

Capture Clock Path
                              name                                model name   delay (ns)  cumulative delay (ns) pins on net    location
==========================================================================================================================================
tx_cal_clk_90edge                                                   input        0.000             0.000               0       (219,162)
tx_cal_clk_90edge                                                   input        0.126             0.126             269       (219,162)
tx_cal_clk_90edge                                                   net          1.930             2.056             269       (219,162)
   Routing elements:
      Manhattan distance of X:114, Y:149
sapphire/u_ddr3_top/u_phy_top/u_ddr_phy_if/mem_dm_out[11]~FF|CLK    EFX_FF       0.000             2.056             269       (105,13) 

++++ Path 7 ++++++++++++++++++++++++++++++++++++++++++++++++++++++++++++++++++++

Path Begin    : sapphire/u_ddr3_top/u_phy_top/u_ddr_phy_if/u3_dout_fifo/u_efx_fifo_top/xefx_fifo_ram/ram__D$c12|RCLK
Path End      : sapphire/u_ddr3_top/u_phy_top/u_ddr_phy_if/mem_dq_out[61]~FF|D                                      
Launch Clock  : tx_cal_clk_90edge (RISE)                                                                            
Capture Clock : tx_cal_clk_90edge (RISE)                                                                            
Slack         : 0.457 (required time - arrival time)                                                                
Delay         : 0.553                                                                                               

Logic Level             : 1
Non-global nets on path : 2
Global nets on path     : 0

Launch Clock Path Delay        : 2.056
+ Clock To Q + Data Path Delay : 1.917
--------------------------------------
End-of-path arrival time       : 3.973

Constraint                     : 2.500
+ Capture Clock Path Delay     : 2.056
- Clock Uncertainty            : 0.126
--------------------------------------
End-of-path required time      : 4.430

Launch Clock Path
                                                name                                                  model name   delay (ns)  cumulative delay (ns) pins on net    location
==============================================================================================================================================================================
tx_cal_clk_90edge                                                                                     input          0.000             0.000               0       (219,162)
tx_cal_clk_90edge                                                                                     input          0.126             0.126             269       (219,162)
tx_cal_clk_90edge                                                                                     net            1.930             2.056             269       (219,162)
   Routing elements:
      Manhattan distance of X:132, Y:140
sapphire/u_ddr3_top/u_phy_top/u_ddr_phy_if/u3_dout_fifo/u_efx_fifo_top/xefx_fifo_ram/ram__D$c12|RCLK  EFX_RAM10      0.000             2.056             269       (87,22)  

Data Path
                                                  name                                                    model name   delay (ns)  cumulative delay (ns) pins on net    location
==================================================================================================================================================================================
sapphire/u_ddr3_top/u_phy_top/u_ddr_phy_if/u3_dout_fifo/u_efx_fifo_top/xefx_fifo_ram/ram__D$c12|RDATA[1]  EFX_RAM10      1.361             1.361              2         (87,22) 
sapphire/u_ddr3_top/u_phy_top/u_ddr_phy_if/u3_q[61]                                                       net            0.492             1.853              2         (87,22) 
   Routing elements:
      Manhattan distance of X:13, Y:2
LUT__124643|in[0]                                                                                         EFX_LUT4       0.061             1.914              2         (100,24)
LUT__124643|out                                                                                           EFX_LUT4       0.000             1.914              2         (100,24)
sapphire/u_ddr3_top/u_phy_top/u_ddr_phy_if/n1358                                                          net            0.000             1.914              2         (100,24)
sapphire/u_ddr3_top/u_phy_top/u_ddr_phy_if/mem_dq_out[61]~FF|D                                            EFX_FF         0.003             1.917              2         (100,24)

Capture Clock Path
                              name                                model name   delay (ns)  cumulative delay (ns) pins on net    location
==========================================================================================================================================
tx_cal_clk_90edge                                                   input        0.000             0.000               0       (219,162)
tx_cal_clk_90edge                                                   input        0.126             0.126             269       (219,162)
tx_cal_clk_90edge                                                   net          1.930             2.056             269       (219,162)
   Routing elements:
      Manhattan distance of X:119, Y:138
sapphire/u_ddr3_top/u_phy_top/u_ddr_phy_if/mem_dq_out[61]~FF|CLK    EFX_FF       0.000             2.056             269       (100,24) 

++++ Path 8 ++++++++++++++++++++++++++++++++++++++++++++++++++++++++++++++++++++

Path Begin    : sapphire/u_ddr3_top/u_phy_top/u_ddr_phy_if/u3_dout_fifo/u_efx_fifo_top/xefx_fifo_ram/ram__D$d12|RCLK
Path End      : sapphire/u_ddr3_top/u_phy_top/u_ddr_phy_if/mem_dq_out[80]~FF|D                                      
Launch Clock  : tx_cal_clk_90edge (RISE)                                                                            
Capture Clock : tx_cal_clk_90edge (RISE)                                                                            
Slack         : 0.464 (required time - arrival time)                                                                
Delay         : 0.546                                                                                               

Logic Level             : 1
Non-global nets on path : 2
Global nets on path     : 0

Launch Clock Path Delay        : 2.056
+ Clock To Q + Data Path Delay : 1.910
--------------------------------------
End-of-path arrival time       : 3.966

Constraint                     : 2.500
+ Capture Clock Path Delay     : 2.056
- Clock Uncertainty            : 0.126
--------------------------------------
End-of-path required time      : 4.430

Launch Clock Path
                                                name                                                  model name   delay (ns)  cumulative delay (ns) pins on net    location
==============================================================================================================================================================================
tx_cal_clk_90edge                                                                                     input          0.000             0.000               0       (219,162)
tx_cal_clk_90edge                                                                                     input          0.126             0.126             269       (219,162)
tx_cal_clk_90edge                                                                                     net            1.930             2.056             269       (219,162)
   Routing elements:
      Manhattan distance of X:102, Y:140
sapphire/u_ddr3_top/u_phy_top/u_ddr_phy_if/u3_dout_fifo/u_efx_fifo_top/xefx_fifo_ram/ram__D$d12|RCLK  EFX_RAM10      0.000             2.056             269       (117,22) 

Data Path
                                                  name                                                    model name   delay (ns)  cumulative delay (ns) pins on net    location
==================================================================================================================================================================================
sapphire/u_ddr3_top/u_phy_top/u_ddr_phy_if/u3_dout_fifo/u_efx_fifo_top/xefx_fifo_ram/ram__D$d12|RDATA[0]  EFX_RAM10      1.361             1.361              2         (117,22)
sapphire/u_ddr3_top/u_phy_top/u_ddr_phy_if/u3_q[80]                                                       net            0.483             1.844              2         (117,22)
   Routing elements:
      Manhattan distance of X:12, Y:12
LUT__124662|in[0]                                                                                         EFX_LUT4       0.063             1.907              2         (105,34)
LUT__124662|out                                                                                           EFX_LUT4       0.000             1.907              2         (105,34)
sapphire/u_ddr3_top/u_phy_top/u_ddr_phy_if/n1339                                                          net            0.000             1.907              2         (105,34)
sapphire/u_ddr3_top/u_phy_top/u_ddr_phy_if/mem_dq_out[80]~FF|D                                            EFX_FF         0.003             1.910              2         (105,34)

Capture Clock Path
                              name                                model name   delay (ns)  cumulative delay (ns) pins on net    location
==========================================================================================================================================
tx_cal_clk_90edge                                                   input        0.000             0.000               0       (219,162)
tx_cal_clk_90edge                                                   input        0.126             0.126             269       (219,162)
tx_cal_clk_90edge                                                   net          1.930             2.056             269       (219,162)
   Routing elements:
      Manhattan distance of X:114, Y:128
sapphire/u_ddr3_top/u_phy_top/u_ddr_phy_if/mem_dq_out[80]~FF|CLK    EFX_FF       0.000             2.056             269       (105,34) 

++++ Path 9 ++++++++++++++++++++++++++++++++++++++++++++++++++++++++++++++++++++

Path Begin    : sapphire/u_ddr3_top/u_phy_top/u_ddr_phy_if/u3_dout_fifo/u_efx_fifo_top/xefx_fifo_ram/ram__D$e12|RCLK
Path End      : sapphire/u_ddr3_top/u_phy_top/u_ddr_phy_if/mem_dq_out[116]~FF|D                                     
Launch Clock  : tx_cal_clk_90edge (RISE)                                                                            
Capture Clock : tx_cal_clk_90edge (RISE)                                                                            
Slack         : 0.467 (required time - arrival time)                                                                
Delay         : 0.543                                                                                               

Logic Level             : 0
Non-global nets on path : 1
Global nets on path     : 0

Launch Clock Path Delay        : 2.056
+ Clock To Q + Data Path Delay : 1.907
--------------------------------------
End-of-path arrival time       : 3.963

Constraint                     : 2.500
+ Capture Clock Path Delay     : 2.056
- Clock Uncertainty            : 0.126
--------------------------------------
End-of-path required time      : 4.430

Launch Clock Path
                                                name                                                  model name   delay (ns)  cumulative delay (ns) pins on net    location
==============================================================================================================================================================================
tx_cal_clk_90edge                                                                                     input          0.000             0.000               0       (219,162)
tx_cal_clk_90edge                                                                                     input          0.126             0.126             269       (219,162)
tx_cal_clk_90edge                                                                                     net            1.930             2.056             269       (219,162)
   Routing elements:
      Manhattan distance of X:117, Y:120
sapphire/u_ddr3_top/u_phy_top/u_ddr_phy_if/u3_dout_fifo/u_efx_fifo_top/xefx_fifo_ram/ram__D$e12|RCLK  EFX_RAM10      0.000             2.056             269       (102,42) 

Data Path
                                                  name                                                     model name   delay (ns)  cumulative delay (ns) pins on net    location
===================================================================================================================================================================================
sapphire/u_ddr3_top/u_phy_top/u_ddr_phy_if/u3_dout_fifo/u_efx_fifo_top/xefx_fifo_ram/ram__D$e12|RDATA[16]  EFX_RAM10      1.361             1.361              2         (102,42)
sapphire/u_ddr3_top/u_phy_top/u_ddr_phy_if/u3_q[116]                                                       net            0.543             1.904              2         (102,42)
   Routing elements:
      Manhattan distance of X:3, Y:6
sapphire/u_ddr3_top/u_phy_top/u_ddr_phy_if/mem_dq_out[116]~FF|D                                            EFX_FF         0.003             1.907              2         (105,36)

Capture Clock Path
                              name                                 model name   delay (ns)  cumulative delay (ns) pins on net    location
===========================================================================================================================================
tx_cal_clk_90edge                                                    input        0.000             0.000               0       (219,162)
tx_cal_clk_90edge                                                    input        0.126             0.126             269       (219,162)
tx_cal_clk_90edge                                                    net          1.930             2.056             269       (219,162)
   Routing elements:
      Manhattan distance of X:114, Y:126
sapphire/u_ddr3_top/u_phy_top/u_ddr_phy_if/mem_dq_out[116]~FF|CLK    EFX_FF       0.000             2.056             269       (105,36) 

++++ Path 10 +++++++++++++++++++++++++++++++++++++++++++++++++++++++++++++++++++

Path Begin    : sapphire/u_ddr3_top/u_phy_top/u_ddr_phy_if/u3_dout_fifo/u_efx_fifo_top/xefx_fifo_ram/ram__D$f12|RCLK
Path End      : sapphire/u_ddr3_top/u_phy_top/u_ddr_phy_if/mem_dq_out[126]~FF|D                                     
Launch Clock  : tx_cal_clk_90edge (RISE)                                                                            
Capture Clock : tx_cal_clk_90edge (RISE)                                                                            
Slack         : 0.475 (required time - arrival time)                                                                
Delay         : 0.535                                                                                               

Logic Level             : 0
Non-global nets on path : 1
Global nets on path     : 0

Launch Clock Path Delay        : 2.056
+ Clock To Q + Data Path Delay : 1.899
--------------------------------------
End-of-path arrival time       : 3.955

Constraint                     : 2.500
+ Capture Clock Path Delay     : 2.056
- Clock Uncertainty            : 0.126
--------------------------------------
End-of-path required time      : 4.430

Launch Clock Path
                                                name                                                  model name   delay (ns)  cumulative delay (ns) pins on net    location
==============================================================================================================================================================================
tx_cal_clk_90edge                                                                                     input          0.000             0.000               0       (219,162)
tx_cal_clk_90edge                                                                                     input          0.126             0.126             269       (219,162)
tx_cal_clk_90edge                                                                                     net            1.930             2.056             269       (219,162)
   Routing elements:
      Manhattan distance of X:102, Y:160
sapphire/u_ddr3_top/u_phy_top/u_ddr_phy_if/u3_dout_fifo/u_efx_fifo_top/xefx_fifo_ram/ram__D$f12|RCLK  EFX_RAM10      0.000             2.056             269       (117,2)  

Data Path
                                                  name                                                    model name   delay (ns)  cumulative delay (ns) pins on net    location
==================================================================================================================================================================================
sapphire/u_ddr3_top/u_phy_top/u_ddr_phy_if/u3_dout_fifo/u_efx_fifo_top/xefx_fifo_ram/ram__D$f12|RDATA[6]  EFX_RAM10      1.361             1.361              2         (117,2) 
sapphire/u_ddr3_top/u_phy_top/u_ddr_phy_if/u3_q[126]                                                      net            0.535             1.896              2         (117,2) 
   Routing elements:
      Manhattan distance of X:14, Y:25
sapphire/u_ddr3_top/u_phy_top/u_ddr_phy_if/mem_dq_out[126]~FF|D                                           EFX_FF         0.003             1.899              2         (103,27)

Capture Clock Path
                              name                                 model name   delay (ns)  cumulative delay (ns) pins on net    location
===========================================================================================================================================
tx_cal_clk_90edge                                                    input        0.000             0.000               0       (219,162)
tx_cal_clk_90edge                                                    input        0.126             0.126             269       (219,162)
tx_cal_clk_90edge                                                    net          1.930             2.056             269       (219,162)
   Routing elements:
      Manhattan distance of X:116, Y:135
sapphire/u_ddr3_top/u_phy_top/u_ddr_phy_if/mem_dq_out[126]~FF|CLK    EFX_FF       0.000             2.056             269       (103,27) 

################################################################################
Path Detail Report (hdmi_tx_slow_clk vs hdmi_tx_slow_clk)
################################################################################


++++ Path 1 ++++++++++++++++++++++++++++++++++++++++++++++++++++++++++++++++++++

Path Begin    : display/u_scale/v_count[0]~FF|CLK                   
Path End      : display/u_underflow_sync/pixel_event_count[15]~FF|CE
Launch Clock  : hdmi_tx_slow_clk (RISE)                             
Capture Clock : hdmi_tx_slow_clk (RISE)                             
Slack         : 2.177 (required time - arrival time)                
Delay         : 4.186                                               

Logic Level             : 8
Non-global nets on path : 9
Global nets on path     : 0

Launch Clock Path Delay        : 2.193
+ Clock To Q + Data Path Delay : 4.420
--------------------------------------
End-of-path arrival time       : 6.613

Constraint                     : 6.723
+ Capture Clock Path Delay     : 2.193
- Clock Uncertainty            : 0.126
--------------------------------------
End-of-path required time      : 8.790

Launch Clock Path
              name                 model name   delay (ns)  cumulative delay (ns) pins on net    location
===========================================================================================================
hdmi_tx_slow_clk                     input        0.000             0.000               0       (107,0)  
hdmi_tx_slow_clk                     input        0.126             0.126             288       (107,0)  
hdmi_tx_slow_clk                     net          2.067             2.193             288       (107,0)  
   Routing elements:
      Manhattan distance of X:107, Y:283
display/u_scale/v_count[0]~FF|CLK    EFX_FF       0.000             2.193             288       (214,283)

Data Path
                        name                          model name   delay (ns)  cumulative delay (ns) pins on net    location
==============================================================================================================================
display/u_scale/v_count[0]~FF|Q                        EFX_FF        0.130             0.130               8       (214,283)
display/u_scale/v_count[0]                             net           0.528             0.658               8       (214,283)
   Routing elements:
      Manhattan distance of X:2, Y:16
LUT__139211|in[0]                                      EFX_LUT4      0.061             0.719               8       (212,267)
LUT__139211|out                                        EFX_LUT4      0.000             0.719               3       (212,267)
n69380                                                 net           0.314             1.033               3       (212,267)
   Routing elements:
      Manhattan distance of X:4, Y:3
LUT__139212|in[0]                                      EFX_LUT4      0.061             1.094               3       (208,270)
LUT__139212|out                                        EFX_LUT4      0.000             1.094               2       (208,270)
n69381                                                 net           0.253             1.347               2       (208,270)
   Routing elements:
      Manhattan distance of X:0, Y:6
LUT__139214|in[0]                                      EFX_LUT4      0.061             1.408               2       (208,276)
LUT__139214|out                                        EFX_LUT4      0.000             1.408               2       (208,276)
n69383                                                 net           0.061             1.469               2       (208,276)
   Routing elements:
      Manhattan distance of X:0, Y:1
LUT__139217|in[3]                                      EFX_LUT4      0.061             1.530               2       (208,275)
LUT__139217|out                                        EFX_LUT4      0.000             1.530               5       (208,275)
display/u_scale/v_active                               net           0.316             1.846               5       (208,275)
   Routing elements:
      Manhattan distance of X:6, Y:4
LUT__139218|in[1]                                      EFX_LUT4      0.061             1.907               5       (214,271)
LUT__139218|out                                        EFX_LUT4      0.000             1.907               4       (214,271)
display_de                                             net           0.140             2.047               4       (214,271)
   Routing elements:
      Manhattan distance of X:0, Y:2
LUT__139534|in[1]                                      EFX_LUT4      0.061             2.108               4       (214,269)
LUT__139534|out                                        EFX_LUT4      0.000             2.108               3       (214,269)
display/scale_underflow                                net           0.061             2.169               3       (214,269)
   Routing elements:
      Manhattan distance of X:0, Y:1
LUT__139535|in[1]                                      EFX_LUT4      0.061             2.230               3       (214,268)
LUT__139535|out                                        EFX_LUT4      0.000             2.230               3       (214,268)
display/u_underflow_sync/n68                           net           0.439             2.669               3       (214,268)
   Routing elements:
      Manhattan distance of X:8, Y:6
LUT__139536|in[0]                                      EFX_LUT4      0.061             2.730               3       (206,274)
LUT__139536|out                                        EFX_LUT4      0.000             2.730              33       (206,274)
display/u_underflow_sync/n77                           net           1.586             4.316              33       (206,274)
   Routing elements:
      Manhattan distance of X:8, Y:45
display/u_underflow_sync/pixel_event_count[15]~FF|CE   EFX_FF        0.104             4.420              33       (198,319)

Capture Clock Path
                        name                           model name   delay (ns)  cumulative delay (ns) pins on net    location
===============================================================================================================================
hdmi_tx_slow_clk                                         input        0.000             0.000               0       (107,0)  
hdmi_tx_slow_clk                                         input        0.126             0.126             288       (107,0)  
hdmi_tx_slow_clk                                         net          2.067             2.193             288       (107,0)  
   Routing elements:
      Manhattan distance of X:91, Y:319
display/u_underflow_sync/pixel_event_count[15]~FF|CLK    EFX_FF       0.000             2.193             288       (198,319)

++++ Path 2 ++++++++++++++++++++++++++++++++++++++++++++++++++++++++++++++++++++

Path Begin    : display/u_scale/v_count[0]~FF|CLK                   
Path End      : display/u_underflow_sync/pixel_event_count[13]~FF|CE
Launch Clock  : hdmi_tx_slow_clk (RISE)                             
Capture Clock : hdmi_tx_slow_clk (RISE)                             
Slack         : 2.177 (required time - arrival time)                
Delay         : 4.186                                               

Logic Level             : 8
Non-global nets on path : 9
Global nets on path     : 0

Launch Clock Path Delay        : 2.193
+ Clock To Q + Data Path Delay : 4.420
--------------------------------------
End-of-path arrival time       : 6.613

Constraint                     : 6.723
+ Capture Clock Path Delay     : 2.193
- Clock Uncertainty            : 0.126
--------------------------------------
End-of-path required time      : 8.790

Launch Clock Path
              name                 model name   delay (ns)  cumulative delay (ns) pins on net    location
===========================================================================================================
hdmi_tx_slow_clk                     input        0.000             0.000               0       (107,0)  
hdmi_tx_slow_clk                     input        0.126             0.126             288       (107,0)  
hdmi_tx_slow_clk                     net          2.067             2.193             288       (107,0)  
   Routing elements:
      Manhattan distance of X:107, Y:283
display/u_scale/v_count[0]~FF|CLK    EFX_FF       0.000             2.193             288       (214,283)

Data Path
                        name                          model name   delay (ns)  cumulative delay (ns) pins on net    location
==============================================================================================================================
display/u_scale/v_count[0]~FF|Q                        EFX_FF        0.130             0.130               8       (214,283)
display/u_scale/v_count[0]                             net           0.528             0.658               8       (214,283)
   Routing elements:
      Manhattan distance of X:2, Y:16
LUT__139211|in[0]                                      EFX_LUT4      0.061             0.719               8       (212,267)
LUT__139211|out                                        EFX_LUT4      0.000             0.719               3       (212,267)
n69380                                                 net           0.314             1.033               3       (212,267)
   Routing elements:
      Manhattan distance of X:4, Y:3
LUT__139212|in[0]                                      EFX_LUT4      0.061             1.094               3       (208,270)
LUT__139212|out                                        EFX_LUT4      0.000             1.094               2       (208,270)
n69381                                                 net           0.253             1.347               2       (208,270)
   Routing elements:
      Manhattan distance of X:0, Y:6
LUT__139214|in[0]                                      EFX_LUT4      0.061             1.408               2       (208,276)
LUT__139214|out                                        EFX_LUT4      0.000             1.408               2       (208,276)
n69383                                                 net           0.061             1.469               2       (208,276)
   Routing elements:
      Manhattan distance of X:0, Y:1
LUT__139217|in[3]                                      EFX_LUT4      0.061             1.530               2       (208,275)
LUT__139217|out                                        EFX_LUT4      0.000             1.530               5       (208,275)
display/u_scale/v_active                               net           0.316             1.846               5       (208,275)
   Routing elements:
      Manhattan distance of X:6, Y:4
LUT__139218|in[1]                                      EFX_LUT4      0.061             1.907               5       (214,271)
LUT__139218|out                                        EFX_LUT4      0.000             1.907               4       (214,271)
display_de                                             net           0.140             2.047               4       (214,271)
   Routing elements:
      Manhattan distance of X:0, Y:2
LUT__139534|in[1]                                      EFX_LUT4      0.061             2.108               4       (214,269)
LUT__139534|out                                        EFX_LUT4      0.000             2.108               3       (214,269)
display/scale_underflow                                net           0.061             2.169               3       (214,269)
   Routing elements:
      Manhattan distance of X:0, Y:1
LUT__139535|in[1]                                      EFX_LUT4      0.061             2.230               3       (214,268)
LUT__139535|out                                        EFX_LUT4      0.000             2.230               3       (214,268)
display/u_underflow_sync/n68                           net           0.439             2.669               3       (214,268)
   Routing elements:
      Manhattan distance of X:8, Y:6
LUT__139536|in[0]                                      EFX_LUT4      0.061             2.730               3       (206,274)
LUT__139536|out                                        EFX_LUT4      0.000             2.730              33       (206,274)
display/u_underflow_sync/n77                           net           1.586             4.316              33       (206,274)
   Routing elements:
      Manhattan distance of X:4, Y:45
display/u_underflow_sync/pixel_event_count[13]~FF|CE   EFX_FF        0.104             4.420              33       (202,319)

Capture Clock Path
                        name                           model name   delay (ns)  cumulative delay (ns) pins on net    location
===============================================================================================================================
hdmi_tx_slow_clk                                         input        0.000             0.000               0       (107,0)  
hdmi_tx_slow_clk                                         input        0.126             0.126             288       (107,0)  
hdmi_tx_slow_clk                                         net          2.067             2.193             288       (107,0)  
   Routing elements:
      Manhattan distance of X:95, Y:319
display/u_underflow_sync/pixel_event_count[13]~FF|CLK    EFX_FF       0.000             2.193             288       (202,319)

++++ Path 3 ++++++++++++++++++++++++++++++++++++++++++++++++++++++++++++++++++++

Path Begin    : display/u_scale/v_count[0]~FF|CLK                   
Path End      : display/u_underflow_sync/pixel_event_count[14]~FF|CE
Launch Clock  : hdmi_tx_slow_clk (RISE)                             
Capture Clock : hdmi_tx_slow_clk (RISE)                             
Slack         : 2.177 (required time - arrival time)                
Delay         : 4.186                                               

Logic Level             : 8
Non-global nets on path : 9
Global nets on path     : 0

Launch Clock Path Delay        : 2.193
+ Clock To Q + Data Path Delay : 4.420
--------------------------------------
End-of-path arrival time       : 6.613

Constraint                     : 6.723
+ Capture Clock Path Delay     : 2.193
- Clock Uncertainty            : 0.126
--------------------------------------
End-of-path required time      : 8.790

Launch Clock Path
              name                 model name   delay (ns)  cumulative delay (ns) pins on net    location
===========================================================================================================
hdmi_tx_slow_clk                     input        0.000             0.000               0       (107,0)  
hdmi_tx_slow_clk                     input        0.126             0.126             288       (107,0)  
hdmi_tx_slow_clk                     net          2.067             2.193             288       (107,0)  
   Routing elements:
      Manhattan distance of X:107, Y:283
display/u_scale/v_count[0]~FF|CLK    EFX_FF       0.000             2.193             288       (214,283)

Data Path
                        name                          model name   delay (ns)  cumulative delay (ns) pins on net    location
==============================================================================================================================
display/u_scale/v_count[0]~FF|Q                        EFX_FF        0.130             0.130               8       (214,283)
display/u_scale/v_count[0]                             net           0.528             0.658               8       (214,283)
   Routing elements:
      Manhattan distance of X:2, Y:16
LUT__139211|in[0]                                      EFX_LUT4      0.061             0.719               8       (212,267)
LUT__139211|out                                        EFX_LUT4      0.000             0.719               3       (212,267)
n69380                                                 net           0.314             1.033               3       (212,267)
   Routing elements:
      Manhattan distance of X:4, Y:3
LUT__139212|in[0]                                      EFX_LUT4      0.061             1.094               3       (208,270)
LUT__139212|out                                        EFX_LUT4      0.000             1.094               2       (208,270)
n69381                                                 net           0.253             1.347               2       (208,270)
   Routing elements:
      Manhattan distance of X:0, Y:6
LUT__139214|in[0]                                      EFX_LUT4      0.061             1.408               2       (208,276)
LUT__139214|out                                        EFX_LUT4      0.000             1.408               2       (208,276)
n69383                                                 net           0.061             1.469               2       (208,276)
   Routing elements:
      Manhattan distance of X:0, Y:1
LUT__139217|in[3]                                      EFX_LUT4      0.061             1.530               2       (208,275)
LUT__139217|out                                        EFX_LUT4      0.000             1.530               5       (208,275)
display/u_scale/v_active                               net           0.316             1.846               5       (208,275)
   Routing elements:
      Manhattan distance of X:6, Y:4
LUT__139218|in[1]                                      EFX_LUT4      0.061             1.907               5       (214,271)
LUT__139218|out                                        EFX_LUT4      0.000             1.907               4       (214,271)
display_de                                             net           0.140             2.047               4       (214,271)
   Routing elements:
      Manhattan distance of X:0, Y:2
LUT__139534|in[1]                                      EFX_LUT4      0.061             2.108               4       (214,269)
LUT__139534|out                                        EFX_LUT4      0.000             2.108               3       (214,269)
display/scale_underflow                                net           0.061             2.169               3       (214,269)
   Routing elements:
      Manhattan distance of X:0, Y:1
LUT__139535|in[1]                                      EFX_LUT4      0.061             2.230               3       (214,268)
LUT__139535|out                                        EFX_LUT4      0.000             2.230               3       (214,268)
display/u_underflow_sync/n68                           net           0.439             2.669               3       (214,268)
   Routing elements:
      Manhattan distance of X:8, Y:6
LUT__139536|in[0]                                      EFX_LUT4      0.061             2.730               3       (206,274)
LUT__139536|out                                        EFX_LUT4      0.000             2.730              33       (206,274)
display/u_underflow_sync/n77                           net           1.586             4.316              33       (206,274)
   Routing elements:
      Manhattan distance of X:8, Y:47
display/u_underflow_sync/pixel_event_count[14]~FF|CE   EFX_FF        0.104             4.420              33       (198,321)

Capture Clock Path
                        name                           model name   delay (ns)  cumulative delay (ns) pins on net    location
===============================================================================================================================
hdmi_tx_slow_clk                                         input        0.000             0.000               0       (107,0)  
hdmi_tx_slow_clk                                         input        0.126             0.126             288       (107,0)  
hdmi_tx_slow_clk                                         net          2.067             2.193             288       (107,0)  
   Routing elements:
      Manhattan distance of X:91, Y:321
display/u_underflow_sync/pixel_event_count[14]~FF|CLK    EFX_FF       0.000             2.193             288       (198,321)

++++ Path 4 ++++++++++++++++++++++++++++++++++++++++++++++++++++++++++++++++++++

Path Begin    : display/u_scale/v_count[0]~FF|CLK                  
Path End      : display/u_underflow_sync/pixel_event_count[0]~FF|CE
Launch Clock  : hdmi_tx_slow_clk (RISE)                            
Capture Clock : hdmi_tx_slow_clk (RISE)                            
Slack         : 2.177 (required time - arrival time)               
Delay         : 4.186                                              

Logic Level             : 8
Non-global nets on path : 9
Global nets on path     : 0

Launch Clock Path Delay        : 2.193
+ Clock To Q + Data Path Delay : 4.420
--------------------------------------
End-of-path arrival time       : 6.613

Constraint                     : 6.723
+ Capture Clock Path Delay     : 2.193
- Clock Uncertainty            : 0.126
--------------------------------------
End-of-path required time      : 8.790

Launch Clock Path
              name                 model name   delay (ns)  cumulative delay (ns) pins on net    location
===========================================================================================================
hdmi_tx_slow_clk                     input        0.000             0.000               0       (107,0)  
hdmi_tx_slow_clk                     input        0.126             0.126             288       (107,0)  
hdmi_tx_slow_clk                     net          2.067             2.193             288       (107,0)  
   Routing elements:
      Manhattan distance of X:107, Y:283
display/u_scale/v_count[0]~FF|CLK    EFX_FF       0.000             2.193             288       (214,283)

Data Path
                       name                          model name   delay (ns)  cumulative delay (ns) pins on net    location
=============================================================================================================================
display/u_scale/v_count[0]~FF|Q                       EFX_FF        0.130             0.130               8       (214,283)
display/u_scale/v_count[0]                            net           0.528             0.658               8       (214,283)
   Routing elements:
      Manhattan distance of X:2, Y:16
LUT__139211|in[0]                                     EFX_LUT4      0.061             0.719               8       (212,267)
LUT__139211|out                                       EFX_LUT4      0.000             0.719               3       (212,267)
n69380                                                net           0.314             1.033               3       (212,267)
   Routing elements:
      Manhattan distance of X:4, Y:3
LUT__139212|in[0]                                     EFX_LUT4      0.061             1.094               3       (208,270)
LUT__139212|out                                       EFX_LUT4      0.000             1.094               2       (208,270)
n69381                                                net           0.253             1.347               2       (208,270)
   Routing elements:
      Manhattan distance of X:0, Y:6
LUT__139214|in[0]                                     EFX_LUT4      0.061             1.408               2       (208,276)
LUT__139214|out                                       EFX_LUT4      0.000             1.408               2       (208,276)
n69383                                                net           0.061             1.469               2       (208,276)
   Routing elements:
      Manhattan distance of X:0, Y:1
LUT__139217|in[3]                                     EFX_LUT4      0.061             1.530               2       (208,275)
LUT__139217|out                                       EFX_LUT4      0.000             1.530               5       (208,275)
display/u_scale/v_active                              net           0.316             1.846               5       (208,275)
   Routing elements:
      Manhattan distance of X:6, Y:4
LUT__139218|in[1]                                     EFX_LUT4      0.061             1.907               5       (214,271)
LUT__139218|out                                       EFX_LUT4      0.000             1.907               4       (214,271)
display_de                                            net           0.140             2.047               4       (214,271)
   Routing elements:
      Manhattan distance of X:0, Y:2
LUT__139534|in[1]                                     EFX_LUT4      0.061             2.108               4       (214,269)
LUT__139534|out                                       EFX_LUT4      0.000             2.108               3       (214,269)
display/scale_underflow                               net           0.061             2.169               3       (214,269)
   Routing elements:
      Manhattan distance of X:0, Y:1
LUT__139535|in[1]                                     EFX_LUT4      0.061             2.230               3       (214,268)
LUT__139535|out                                       EFX_LUT4      0.000             2.230               3       (214,268)
display/u_underflow_sync/n68                          net           0.439             2.669               3       (214,268)
   Routing elements:
      Manhattan distance of X:8, Y:6
LUT__139536|in[0]                                     EFX_LUT4      0.061             2.730               3       (206,274)
LUT__139536|out                                       EFX_LUT4      0.000             2.730              33       (206,274)
display/u_underflow_sync/n77                          net           1.586             4.316              33       (206,274)
   Routing elements:
      Manhattan distance of X:8, Y:22
display/u_underflow_sync/pixel_event_count[0]~FF|CE   EFX_FF        0.104             4.420              33       (198,296)

Capture Clock Path
                        name                          model name   delay (ns)  cumulative delay (ns) pins on net    location
==============================================================================================================================
hdmi_tx_slow_clk                                        input        0.000             0.000               0       (107,0)  
hdmi_tx_slow_clk                                        input        0.126             0.126             288       (107,0)  
hdmi_tx_slow_clk                                        net          2.067             2.193             288       (107,0)  
   Routing elements:
      Manhattan distance of X:91, Y:296
display/u_underflow_sync/pixel_event_count[0]~FF|CLK    EFX_FF       0.000             2.193             288       (198,296)

++++ Path 5 ++++++++++++++++++++++++++++++++++++++++++++++++++++++++++++++++++++

Path Begin    : display/u_scale/v_count[0]~FF|CLK                   
Path End      : display/u_underflow_sync/pixel_event_count[12]~FF|CE
Launch Clock  : hdmi_tx_slow_clk (RISE)                             
Capture Clock : hdmi_tx_slow_clk (RISE)                             
Slack         : 2.177 (required time - arrival time)                
Delay         : 4.186                                               

Logic Level             : 8
Non-global nets on path : 9
Global nets on path     : 0

Launch Clock Path Delay        : 2.193
+ Clock To Q + Data Path Delay : 4.420
--------------------------------------
End-of-path arrival time       : 6.613

Constraint                     : 6.723
+ Capture Clock Path Delay     : 2.193
- Clock Uncertainty            : 0.126
--------------------------------------
End-of-path required time      : 8.790

Launch Clock Path
              name                 model name   delay (ns)  cumulative delay (ns) pins on net    location
===========================================================================================================
hdmi_tx_slow_clk                     input        0.000             0.000               0       (107,0)  
hdmi_tx_slow_clk                     input        0.126             0.126             288       (107,0)  
hdmi_tx_slow_clk                     net          2.067             2.193             288       (107,0)  
   Routing elements:
      Manhattan distance of X:107, Y:283
display/u_scale/v_count[0]~FF|CLK    EFX_FF       0.000             2.193             288       (214,283)

Data Path
                        name                          model name   delay (ns)  cumulative delay (ns) pins on net    location
==============================================================================================================================
display/u_scale/v_count[0]~FF|Q                        EFX_FF        0.130             0.130               8       (214,283)
display/u_scale/v_count[0]                             net           0.528             0.658               8       (214,283)
   Routing elements:
      Manhattan distance of X:2, Y:16
LUT__139211|in[0]                                      EFX_LUT4      0.061             0.719               8       (212,267)
LUT__139211|out                                        EFX_LUT4      0.000             0.719               3       (212,267)
n69380                                                 net           0.314             1.033               3       (212,267)
   Routing elements:
      Manhattan distance of X:4, Y:3
LUT__139212|in[0]                                      EFX_LUT4      0.061             1.094               3       (208,270)
LUT__139212|out                                        EFX_LUT4      0.000             1.094               2       (208,270)
n69381                                                 net           0.253             1.347               2       (208,270)
   Routing elements:
      Manhattan distance of X:0, Y:6
LUT__139214|in[0]                                      EFX_LUT4      0.061             1.408               2       (208,276)
LUT__139214|out                                        EFX_LUT4      0.000             1.408               2       (208,276)
n69383                                                 net           0.061             1.469               2       (208,276)
   Routing elements:
      Manhattan distance of X:0, Y:1
LUT__139217|in[3]                                      EFX_LUT4      0.061             1.530               2       (208,275)
LUT__139217|out                                        EFX_LUT4      0.000             1.530               5       (208,275)
display/u_scale/v_active                               net           0.316             1.846               5       (208,275)
   Routing elements:
      Manhattan distance of X:6, Y:4
LUT__139218|in[1]                                      EFX_LUT4      0.061             1.907               5       (214,271)
LUT__139218|out                                        EFX_LUT4      0.000             1.907               4       (214,271)
display_de                                             net           0.140             2.047               4       (214,271)
   Routing elements:
      Manhattan distance of X:0, Y:2
LUT__139534|in[1]                                      EFX_LUT4      0.061             2.108               4       (214,269)
LUT__139534|out                                        EFX_LUT4      0.000             2.108               3       (214,269)
display/scale_underflow                                net           0.061             2.169               3       (214,269)
   Routing elements:
      Manhattan distance of X:0, Y:1
LUT__139535|in[1]                                      EFX_LUT4      0.061             2.230               3       (214,268)
LUT__139535|out                                        EFX_LUT4      0.000             2.230               3       (214,268)
display/u_underflow_sync/n68                           net           0.439             2.669               3       (214,268)
   Routing elements:
      Manhattan distance of X:8, Y:6
LUT__139536|in[0]                                      EFX_LUT4      0.061             2.730               3       (206,274)
LUT__139536|out                                        EFX_LUT4      0.000             2.730              33       (206,274)
display/u_underflow_sync/n77                           net           1.586             4.316              33       (206,274)
   Routing elements:
      Manhattan distance of X:8, Y:41
display/u_underflow_sync/pixel_event_count[12]~FF|CE   EFX_FF        0.104             4.420              33       (198,315)

Capture Clock Path
                        name                           model name   delay (ns)  cumulative delay (ns) pins on net    location
===============================================================================================================================
hdmi_tx_slow_clk                                         input        0.000             0.000               0       (107,0)  
hdmi_tx_slow_clk                                         input        0.126             0.126             288       (107,0)  
hdmi_tx_slow_clk                                         net          2.067             2.193             288       (107,0)  
   Routing elements:
      Manhattan distance of X:91, Y:315
display/u_underflow_sync/pixel_event_count[12]~FF|CLK    EFX_FF       0.000             2.193             288       (198,315)

++++ Path 6 ++++++++++++++++++++++++++++++++++++++++++++++++++++++++++++++++++++

Path Begin    : display/u_scale/v_count[0]~FF|CLK                  
Path End      : display/u_underflow_sync/pixel_event_count[1]~FF|CE
Launch Clock  : hdmi_tx_slow_clk (RISE)                            
Capture Clock : hdmi_tx_slow_clk (RISE)                            
Slack         : 2.177 (required time - arrival time)               
Delay         : 4.186                                              

Logic Level             : 8
Non-global nets on path : 9
Global nets on path     : 0

Launch Clock Path Delay        : 2.193
+ Clock To Q + Data Path Delay : 4.420
--------------------------------------
End-of-path arrival time       : 6.613

Constraint                     : 6.723
+ Capture Clock Path Delay     : 2.193
- Clock Uncertainty            : 0.126
--------------------------------------
End-of-path required time      : 8.790

Launch Clock Path
              name                 model name   delay (ns)  cumulative delay (ns) pins on net    location
===========================================================================================================
hdmi_tx_slow_clk                     input        0.000             0.000               0       (107,0)  
hdmi_tx_slow_clk                     input        0.126             0.126             288       (107,0)  
hdmi_tx_slow_clk                     net          2.067             2.193             288       (107,0)  
   Routing elements:
      Manhattan distance of X:107, Y:283
display/u_scale/v_count[0]~FF|CLK    EFX_FF       0.000             2.193             288       (214,283)

Data Path
                       name                          model name   delay (ns)  cumulative delay (ns) pins on net    location
=============================================================================================================================
display/u_scale/v_count[0]~FF|Q                       EFX_FF        0.130             0.130               8       (214,283)
display/u_scale/v_count[0]                            net           0.528             0.658               8       (214,283)
   Routing elements:
      Manhattan distance of X:2, Y:16
LUT__139211|in[0]                                     EFX_LUT4      0.061             0.719               8       (212,267)
LUT__139211|out                                       EFX_LUT4      0.000             0.719               3       (212,267)
n69380                                                net           0.314             1.033               3       (212,267)
   Routing elements:
      Manhattan distance of X:4, Y:3
LUT__139212|in[0]                                     EFX_LUT4      0.061             1.094               3       (208,270)
LUT__139212|out                                       EFX_LUT4      0.000             1.094               2       (208,270)
n69381                                                net           0.253             1.347               2       (208,270)
   Routing elements:
      Manhattan distance of X:0, Y:6
LUT__139214|in[0]                                     EFX_LUT4      0.061             1.408               2       (208,276)
LUT__139214|out                                       EFX_LUT4      0.000             1.408               2       (208,276)
n69383                                                net           0.061             1.469               2       (208,276)
   Routing elements:
      Manhattan distance of X:0, Y:1
LUT__139217|in[3]                                     EFX_LUT4      0.061             1.530               2       (208,275)
LUT__139217|out                                       EFX_LUT4      0.000             1.530               5       (208,275)
display/u_scale/v_active                              net           0.316             1.846               5       (208,275)
   Routing elements:
      Manhattan distance of X:6, Y:4
LUT__139218|in[1]                                     EFX_LUT4      0.061             1.907               5       (214,271)
LUT__139218|out                                       EFX_LUT4      0.000             1.907               4       (214,271)
display_de                                            net           0.140             2.047               4       (214,271)
   Routing elements:
      Manhattan distance of X:0, Y:2
LUT__139534|in[1]                                     EFX_LUT4      0.061             2.108               4       (214,269)
LUT__139534|out                                       EFX_LUT4      0.000             2.108               3       (214,269)
display/scale_underflow                               net           0.061             2.169               3       (214,269)
   Routing elements:
      Manhattan distance of X:0, Y:1
LUT__139535|in[1]                                     EFX_LUT4      0.061             2.230               3       (214,268)
LUT__139535|out                                       EFX_LUT4      0.000             2.230               3       (214,268)
display/u_underflow_sync/n68                          net           0.439             2.669               3       (214,268)
   Routing elements:
      Manhattan distance of X:8, Y:6
LUT__139536|in[0]                                     EFX_LUT4      0.061             2.730               3       (206,274)
LUT__139536|out                                       EFX_LUT4      0.000             2.730              33       (206,274)
display/u_underflow_sync/n77                          net           1.586             4.316              33       (206,274)
   Routing elements:
      Manhattan distance of X:8, Y:20
display/u_underflow_sync/pixel_event_count[1]~FF|CE   EFX_FF        0.104             4.420              33       (198,294)

Capture Clock Path
                        name                          model name   delay (ns)  cumulative delay (ns) pins on net    location
==============================================================================================================================
hdmi_tx_slow_clk                                        input        0.000             0.000               0       (107,0)  
hdmi_tx_slow_clk                                        input        0.126             0.126             288       (107,0)  
hdmi_tx_slow_clk                                        net          2.067             2.193             288       (107,0)  
   Routing elements:
      Manhattan distance of X:91, Y:294
display/u_underflow_sync/pixel_event_count[1]~FF|CLK    EFX_FF       0.000             2.193             288       (198,294)

++++ Path 7 ++++++++++++++++++++++++++++++++++++++++++++++++++++++++++++++++++++

Path Begin    : display/u_scale/v_count[0]~FF|CLK                  
Path End      : display/u_underflow_sync/pixel_event_count[2]~FF|CE
Launch Clock  : hdmi_tx_slow_clk (RISE)                            
Capture Clock : hdmi_tx_slow_clk (RISE)                            
Slack         : 2.177 (required time - arrival time)               
Delay         : 4.186                                              

Logic Level             : 8
Non-global nets on path : 9
Global nets on path     : 0

Launch Clock Path Delay        : 2.193
+ Clock To Q + Data Path Delay : 4.420
--------------------------------------
End-of-path arrival time       : 6.613

Constraint                     : 6.723
+ Capture Clock Path Delay     : 2.193
- Clock Uncertainty            : 0.126
--------------------------------------
End-of-path required time      : 8.790

Launch Clock Path
              name                 model name   delay (ns)  cumulative delay (ns) pins on net    location
===========================================================================================================
hdmi_tx_slow_clk                     input        0.000             0.000               0       (107,0)  
hdmi_tx_slow_clk                     input        0.126             0.126             288       (107,0)  
hdmi_tx_slow_clk                     net          2.067             2.193             288       (107,0)  
   Routing elements:
      Manhattan distance of X:107, Y:283
display/u_scale/v_count[0]~FF|CLK    EFX_FF       0.000             2.193             288       (214,283)

Data Path
                       name                          model name   delay (ns)  cumulative delay (ns) pins on net    location
=============================================================================================================================
display/u_scale/v_count[0]~FF|Q                       EFX_FF        0.130             0.130               8       (214,283)
display/u_scale/v_count[0]                            net           0.528             0.658               8       (214,283)
   Routing elements:
      Manhattan distance of X:2, Y:16
LUT__139211|in[0]                                     EFX_LUT4      0.061             0.719               8       (212,267)
LUT__139211|out                                       EFX_LUT4      0.000             0.719               3       (212,267)
n69380                                                net           0.314             1.033               3       (212,267)
   Routing elements:
      Manhattan distance of X:4, Y:3
LUT__139212|in[0]                                     EFX_LUT4      0.061             1.094               3       (208,270)
LUT__139212|out                                       EFX_LUT4      0.000             1.094               2       (208,270)
n69381                                                net           0.253             1.347               2       (208,270)
   Routing elements:
      Manhattan distance of X:0, Y:6
LUT__139214|in[0]                                     EFX_LUT4      0.061             1.408               2       (208,276)
LUT__139214|out                                       EFX_LUT4      0.000             1.408               2       (208,276)
n69383                                                net           0.061             1.469               2       (208,276)
   Routing elements:
      Manhattan distance of X:0, Y:1
LUT__139217|in[3]                                     EFX_LUT4      0.061             1.530               2       (208,275)
LUT__139217|out                                       EFX_LUT4      0.000             1.530               5       (208,275)
display/u_scale/v_active                              net           0.316             1.846               5       (208,275)
   Routing elements:
      Manhattan distance of X:6, Y:4
LUT__139218|in[1]                                     EFX_LUT4      0.061             1.907               5       (214,271)
LUT__139218|out                                       EFX_LUT4      0.000             1.907               4       (214,271)
display_de                                            net           0.140             2.047               4       (214,271)
   Routing elements:
      Manhattan distance of X:0, Y:2
LUT__139534|in[1]                                     EFX_LUT4      0.061             2.108               4       (214,269)
LUT__139534|out                                       EFX_LUT4      0.000             2.108               3       (214,269)
display/scale_underflow                               net           0.061             2.169               3       (214,269)
   Routing elements:
      Manhattan distance of X:0, Y:1
LUT__139535|in[1]                                     EFX_LUT4      0.061             2.230               3       (214,268)
LUT__139535|out                                       EFX_LUT4      0.000             2.230               3       (214,268)
display/u_underflow_sync/n68                          net           0.439             2.669               3       (214,268)
   Routing elements:
      Manhattan distance of X:8, Y:6
LUT__139536|in[0]                                     EFX_LUT4      0.061             2.730               3       (206,274)
LUT__139536|out                                       EFX_LUT4      0.000             2.730              33       (206,274)
display/u_underflow_sync/n77                          net           1.586             4.316              33       (206,274)
   Routing elements:
      Manhattan distance of X:8, Y:19
display/u_underflow_sync/pixel_event_count[2]~FF|CE   EFX_FF        0.104             4.420              33       (198,293)

Capture Clock Path
                        name                          model name   delay (ns)  cumulative delay (ns) pins on net    location
==============================================================================================================================
hdmi_tx_slow_clk                                        input        0.000             0.000               0       (107,0)  
hdmi_tx_slow_clk                                        input        0.126             0.126             288       (107,0)  
hdmi_tx_slow_clk                                        net          2.067             2.193             288       (107,0)  
   Routing elements:
      Manhattan distance of X:91, Y:293
display/u_underflow_sync/pixel_event_count[2]~FF|CLK    EFX_FF       0.000             2.193             288       (198,293)

++++ Path 8 ++++++++++++++++++++++++++++++++++++++++++++++++++++++++++++++++++++

Path Begin    : display/u_scale/v_count[0]~FF|CLK                  
Path End      : display/u_underflow_sync/pixel_event_count[3]~FF|CE
Launch Clock  : hdmi_tx_slow_clk (RISE)                            
Capture Clock : hdmi_tx_slow_clk (RISE)                            
Slack         : 2.177 (required time - arrival time)               
Delay         : 4.186                                              

Logic Level             : 8
Non-global nets on path : 9
Global nets on path     : 0

Launch Clock Path Delay        : 2.193
+ Clock To Q + Data Path Delay : 4.420
--------------------------------------
End-of-path arrival time       : 6.613

Constraint                     : 6.723
+ Capture Clock Path Delay     : 2.193
- Clock Uncertainty            : 0.126
--------------------------------------
End-of-path required time      : 8.790

Launch Clock Path
              name                 model name   delay (ns)  cumulative delay (ns) pins on net    location
===========================================================================================================
hdmi_tx_slow_clk                     input        0.000             0.000               0       (107,0)  
hdmi_tx_slow_clk                     input        0.126             0.126             288       (107,0)  
hdmi_tx_slow_clk                     net          2.067             2.193             288       (107,0)  
   Routing elements:
      Manhattan distance of X:107, Y:283
display/u_scale/v_count[0]~FF|CLK    EFX_FF       0.000             2.193             288       (214,283)

Data Path
                       name                          model name   delay (ns)  cumulative delay (ns) pins on net    location
=============================================================================================================================
display/u_scale/v_count[0]~FF|Q                       EFX_FF        0.130             0.130               8       (214,283)
display/u_scale/v_count[0]                            net           0.528             0.658               8       (214,283)
   Routing elements:
      Manhattan distance of X:2, Y:16
LUT__139211|in[0]                                     EFX_LUT4      0.061             0.719               8       (212,267)
LUT__139211|out                                       EFX_LUT4      0.000             0.719               3       (212,267)
n69380                                                net           0.314             1.033               3       (212,267)
   Routing elements:
      Manhattan distance of X:4, Y:3
LUT__139212|in[0]                                     EFX_LUT4      0.061             1.094               3       (208,270)
LUT__139212|out                                       EFX_LUT4      0.000             1.094               2       (208,270)
n69381                                                net           0.253             1.347               2       (208,270)
   Routing elements:
      Manhattan distance of X:0, Y:6
LUT__139214|in[0]                                     EFX_LUT4      0.061             1.408               2       (208,276)
LUT__139214|out                                       EFX_LUT4      0.000             1.408               2       (208,276)
n69383                                                net           0.061             1.469               2       (208,276)
   Routing elements:
      Manhattan distance of X:0, Y:1
LUT__139217|in[3]                                     EFX_LUT4      0.061             1.530               2       (208,275)
LUT__139217|out                                       EFX_LUT4      0.000             1.530               5       (208,275)
display/u_scale/v_active                              net           0.316             1.846               5       (208,275)
   Routing elements:
      Manhattan distance of X:6, Y:4
LUT__139218|in[1]                                     EFX_LUT4      0.061             1.907               5       (214,271)
LUT__139218|out                                       EFX_LUT4      0.000             1.907               4       (214,271)
display_de                                            net           0.140             2.047               4       (214,271)
   Routing elements:
      Manhattan distance of X:0, Y:2
LUT__139534|in[1]                                     EFX_LUT4      0.061             2.108               4       (214,269)
LUT__139534|out                                       EFX_LUT4      0.000             2.108               3       (214,269)
display/scale_underflow                               net           0.061             2.169               3       (214,269)
   Routing elements:
      Manhattan distance of X:0, Y:1
LUT__139535|in[1]                                     EFX_LUT4      0.061             2.230               3       (214,268)
LUT__139535|out                                       EFX_LUT4      0.000             2.230               3       (214,268)
display/u_underflow_sync/n68                          net           0.439             2.669               3       (214,268)
   Routing elements:
      Manhattan distance of X:8, Y:6
LUT__139536|in[0]                                     EFX_LUT4      0.061             2.730               3       (206,274)
LUT__139536|out                                       EFX_LUT4      0.000             2.730              33       (206,274)
display/u_underflow_sync/n77                          net           1.586             4.316              33       (206,274)
   Routing elements:
      Manhattan distance of X:8, Y:23
display/u_underflow_sync/pixel_event_count[3]~FF|CE   EFX_FF        0.104             4.420              33       (198,297)

Capture Clock Path
                        name                          model name   delay (ns)  cumulative delay (ns) pins on net    location
==============================================================================================================================
hdmi_tx_slow_clk                                        input        0.000             0.000               0       (107,0)  
hdmi_tx_slow_clk                                        input        0.126             0.126             288       (107,0)  
hdmi_tx_slow_clk                                        net          2.067             2.193             288       (107,0)  
   Routing elements:
      Manhattan distance of X:91, Y:297
display/u_underflow_sync/pixel_event_count[3]~FF|CLK    EFX_FF       0.000             2.193             288       (198,297)

++++ Path 9 ++++++++++++++++++++++++++++++++++++++++++++++++++++++++++++++++++++

Path Begin    : display/u_scale/v_count[0]~FF|CLK                   
Path End      : display/u_underflow_sync/pixel_event_count[11]~FF|CE
Launch Clock  : hdmi_tx_slow_clk (RISE)                             
Capture Clock : hdmi_tx_slow_clk (RISE)                             
Slack         : 2.177 (required time - arrival time)                
Delay         : 4.186                                               

Logic Level             : 8
Non-global nets on path : 9
Global nets on path     : 0

Launch Clock Path Delay        : 2.193
+ Clock To Q + Data Path Delay : 4.420
--------------------------------------
End-of-path arrival time       : 6.613

Constraint                     : 6.723
+ Capture Clock Path Delay     : 2.193
- Clock Uncertainty            : 0.126
--------------------------------------
End-of-path required time      : 8.790

Launch Clock Path
              name                 model name   delay (ns)  cumulative delay (ns) pins on net    location
===========================================================================================================
hdmi_tx_slow_clk                     input        0.000             0.000               0       (107,0)  
hdmi_tx_slow_clk                     input        0.126             0.126             288       (107,0)  
hdmi_tx_slow_clk                     net          2.067             2.193             288       (107,0)  
   Routing elements:
      Manhattan distance of X:107, Y:283
display/u_scale/v_count[0]~FF|CLK    EFX_FF       0.000             2.193             288       (214,283)

Data Path
                        name                          model name   delay (ns)  cumulative delay (ns) pins on net    location
==============================================================================================================================
display/u_scale/v_count[0]~FF|Q                        EFX_FF        0.130             0.130               8       (214,283)
display/u_scale/v_count[0]                             net           0.528             0.658               8       (214,283)
   Routing elements:
      Manhattan distance of X:2, Y:16
LUT__139211|in[0]                                      EFX_LUT4      0.061             0.719               8       (212,267)
LUT__139211|out                                        EFX_LUT4      0.000             0.719               3       (212,267)
n69380                                                 net           0.314             1.033               3       (212,267)
   Routing elements:
      Manhattan distance of X:4, Y:3
LUT__139212|in[0]                                      EFX_LUT4      0.061             1.094               3       (208,270)
LUT__139212|out                                        EFX_LUT4      0.000             1.094               2       (208,270)
n69381                                                 net           0.253             1.347               2       (208,270)
   Routing elements:
      Manhattan distance of X:0, Y:6
LUT__139214|in[0]                                      EFX_LUT4      0.061             1.408               2       (208,276)
LUT__139214|out                                        EFX_LUT4      0.000             1.408               2       (208,276)
n69383                                                 net           0.061             1.469               2       (208,276)
   Routing elements:
      Manhattan distance of X:0, Y:1
LUT__139217|in[3]                                      EFX_LUT4      0.061             1.530               2       (208,275)
LUT__139217|out                                        EFX_LUT4      0.000             1.530               5       (208,275)
display/u_scale/v_active                               net           0.316             1.846               5       (208,275)
   Routing elements:
      Manhattan distance of X:6, Y:4
LUT__139218|in[1]                                      EFX_LUT4      0.061             1.907               5       (214,271)
LUT__139218|out                                        EFX_LUT4      0.000             1.907               4       (214,271)
display_de                                             net           0.140             2.047               4       (214,271)
   Routing elements:
      Manhattan distance of X:0, Y:2
LUT__139534|in[1]                                      EFX_LUT4      0.061             2.108               4       (214,269)
LUT__139534|out                                        EFX_LUT4      0.000             2.108               3       (214,269)
display/scale_underflow                                net           0.061             2.169               3       (214,269)
   Routing elements:
      Manhattan distance of X:0, Y:1
LUT__139535|in[1]                                      EFX_LUT4      0.061             2.230               3       (214,268)
LUT__139535|out                                        EFX_LUT4      0.000             2.230               3       (214,268)
display/u_underflow_sync/n68                           net           0.439             2.669               3       (214,268)
   Routing elements:
      Manhattan distance of X:8, Y:6
LUT__139536|in[0]                                      EFX_LUT4      0.061             2.730               3       (206,274)
LUT__139536|out                                        EFX_LUT4      0.000             2.730              33       (206,274)
display/u_underflow_sync/n77                           net           1.586             4.316              33       (206,274)
   Routing elements:
      Manhattan distance of X:8, Y:40
display/u_underflow_sync/pixel_event_count[11]~FF|CE   EFX_FF        0.104             4.420              33       (198,314)

Capture Clock Path
                        name                           model name   delay (ns)  cumulative delay (ns) pins on net    location
===============================================================================================================================
hdmi_tx_slow_clk                                         input        0.000             0.000               0       (107,0)  
hdmi_tx_slow_clk                                         input        0.126             0.126             288       (107,0)  
hdmi_tx_slow_clk                                         net          2.067             2.193             288       (107,0)  
   Routing elements:
      Manhattan distance of X:91, Y:314
display/u_underflow_sync/pixel_event_count[11]~FF|CLK    EFX_FF       0.000             2.193             288       (198,314)

++++ Path 10 +++++++++++++++++++++++++++++++++++++++++++++++++++++++++++++++++++

Path Begin    : display/u_scale/v_count[0]~FF|CLK                   
Path End      : display/u_underflow_sync/pixel_event_count[10]~FF|CE
Launch Clock  : hdmi_tx_slow_clk (RISE)                             
Capture Clock : hdmi_tx_slow_clk (RISE)                             
Slack         : 2.177 (required time - arrival time)                
Delay         : 4.186                                               

Logic Level             : 8
Non-global nets on path : 9
Global nets on path     : 0

Launch Clock Path Delay        : 2.193
+ Clock To Q + Data Path Delay : 4.420
--------------------------------------
End-of-path arrival time       : 6.613

Constraint                     : 6.723
+ Capture Clock Path Delay     : 2.193
- Clock Uncertainty            : 0.126
--------------------------------------
End-of-path required time      : 8.790

Launch Clock Path
              name                 model name   delay (ns)  cumulative delay (ns) pins on net    location
===========================================================================================================
hdmi_tx_slow_clk                     input        0.000             0.000               0       (107,0)  
hdmi_tx_slow_clk                     input        0.126             0.126             288       (107,0)  
hdmi_tx_slow_clk                     net          2.067             2.193             288       (107,0)  
   Routing elements:
      Manhattan distance of X:107, Y:283
display/u_scale/v_count[0]~FF|CLK    EFX_FF       0.000             2.193             288       (214,283)

Data Path
                        name                          model name   delay (ns)  cumulative delay (ns) pins on net    location
==============================================================================================================================
display/u_scale/v_count[0]~FF|Q                        EFX_FF        0.130             0.130               8       (214,283)
display/u_scale/v_count[0]                             net           0.528             0.658               8       (214,283)
   Routing elements:
      Manhattan distance of X:2, Y:16
LUT__139211|in[0]                                      EFX_LUT4      0.061             0.719               8       (212,267)
LUT__139211|out                                        EFX_LUT4      0.000             0.719               3       (212,267)
n69380                                                 net           0.314             1.033               3       (212,267)
   Routing elements:
      Manhattan distance of X:4, Y:3
LUT__139212|in[0]                                      EFX_LUT4      0.061             1.094               3       (208,270)
LUT__139212|out                                        EFX_LUT4      0.000             1.094               2       (208,270)
n69381                                                 net           0.253             1.347               2       (208,270)
   Routing elements:
      Manhattan distance of X:0, Y:6
LUT__139214|in[0]                                      EFX_LUT4      0.061             1.408               2       (208,276)
LUT__139214|out                                        EFX_LUT4      0.000             1.408               2       (208,276)
n69383                                                 net           0.061             1.469               2       (208,276)
   Routing elements:
      Manhattan distance of X:0, Y:1
LUT__139217|in[3]                                      EFX_LUT4      0.061             1.530               2       (208,275)
LUT__139217|out                                        EFX_LUT4      0.000             1.530               5       (208,275)
display/u_scale/v_active                               net           0.316             1.846               5       (208,275)
   Routing elements:
      Manhattan distance of X:6, Y:4
LUT__139218|in[1]                                      EFX_LUT4      0.061             1.907               5       (214,271)
LUT__139218|out                                        EFX_LUT4      0.000             1.907               4       (214,271)
display_de                                             net           0.140             2.047               4       (214,271)
   Routing elements:
      Manhattan distance of X:0, Y:2
LUT__139534|in[1]                                      EFX_LUT4      0.061             2.108               4       (214,269)
LUT__139534|out                                        EFX_LUT4      0.000             2.108               3       (214,269)
display/scale_underflow                                net           0.061             2.169               3       (214,269)
   Routing elements:
      Manhattan distance of X:0, Y:1
LUT__139535|in[1]                                      EFX_LUT4      0.061             2.230               3       (214,268)
LUT__139535|out                                        EFX_LUT4      0.000             2.230               3       (214,268)
display/u_underflow_sync/n68                           net           0.439             2.669               3       (214,268)
   Routing elements:
      Manhattan distance of X:8, Y:6
LUT__139536|in[0]                                      EFX_LUT4      0.061             2.730               3       (206,274)
LUT__139536|out                                        EFX_LUT4      0.000             2.730              33       (206,274)
display/u_underflow_sync/n77                           net           1.586             4.316              33       (206,274)
   Routing elements:
      Manhattan distance of X:4, Y:44
display/u_underflow_sync/pixel_event_count[10]~FF|CE   EFX_FF        0.104             4.420              33       (202,318)

Capture Clock Path
                        name                           model name   delay (ns)  cumulative delay (ns) pins on net    location
===============================================================================================================================
hdmi_tx_slow_clk                                         input        0.000             0.000               0       (107,0)  
hdmi_tx_slow_clk                                         input        0.126             0.126             288       (107,0)  
hdmi_tx_slow_clk                                         net          2.067             2.193             288       (107,0)  
   Routing elements:
      Manhattan distance of X:95, Y:318
display/u_underflow_sync/pixel_event_count[10]~FF|CLK    EFX_FF       0.000             2.193             288       (202,318)

---------- Path Details for Max Critical Paths (end) ---------------

---------- 4. Path Details for Min Critical Paths (begin) ----------

################################################################################
Path Detail Report (hdmi_tx_slow_clk vs hdmi_tx_slow_clk)
################################################################################


++++ Path 1 ++++++++++++++++++++++++++++++++++++++++++++++++++++++++++++++++++++

Path Begin    : display/u_fifo/u_vendor_fifo/u_efx_fifo_top/xefx_fifo_ctl/genblk7.wr2rd_addr_sync/dff_5/i13_2|CLK             
Path End      : display/u_fifo/u_vendor_fifo/u_efx_fifo_top/xefx_fifo_ctl/genblk7.genblk1.waddr_cntr_sync_g2b_r[0]~FF_rt_141|D
Launch Clock  : hdmi_tx_slow_clk (RISE)                                                                                       
Capture Clock : hdmi_tx_slow_clk (RISE)                                                                                       
Slack         : 0.012 (arrival time - required time)                                                                          
Delay         : 0.010                                                                                                         

Logic Level             : 0
Non-global nets on path : 1
Global nets on path     : 0

Launch Clock Path Delay        : 1.239
+ Clock To Q + Data Path Delay : 0.082
--------------------------------------
End-of-path arrival time       : 1.321

Constraint                     : 0.000
+ Capture Clock Path Delay     : 1.239
+ Clock Uncertainty            : 0.070
--------------------------------------
End-of-path required time      : 1.309

Launch Clock Path
                                              name                                                 model name   delay (ns)  cumulative delay (ns) pins on net    location
===========================================================================================================================================================================
hdmi_tx_slow_clk                                                                                    input         0.000             0.000               0       (107,0)  
hdmi_tx_slow_clk                                                                                    input         0.070             0.070             288       (107,0)  
hdmi_tx_slow_clk                                                                                    net           1.169             1.239             288       (107,0)  
   Routing elements:
      Manhattan distance of X:106, Y:182
display/u_fifo/u_vendor_fifo/u_efx_fifo_top/xefx_fifo_ctl/genblk7.wr2rd_addr_sync/dff_5/i13_2|CLK   EFX_SRL8      0.000             1.239             288       (213,182)

Data Path
                                                     name                                                       model name   delay (ns)  cumulative delay (ns) pins on net    location
========================================================================================================================================================================================
display/u_fifo/u_vendor_fifo/u_efx_fifo_top/xefx_fifo_ctl/genblk7.wr2rd_addr_sync/dff_5/i13_2|Q                  EFX_SRL8      0.072             0.072              2        (213,182)
display/u_fifo/u_vendor_fifo/u_efx_fifo_top/xefx_fifo_ctl/genblk7.wr2rd_addr_sync/dff_5/i13_pre                  net           0.010             0.082              2        (213,182)
display/u_fifo/u_vendor_fifo/u_efx_fifo_top/xefx_fifo_ctl/genblk7.genblk1.waddr_cntr_sync_g2b_r[0]~FF_rt_141|D   EFX_FF        0.000             0.082              2        (213,182)

Capture Clock Path
                                                      name                                                        model name   delay (ns)  cumulative delay (ns) pins on net    location
==========================================================================================================================================================================================
hdmi_tx_slow_clk                                                                                                    input        0.000             0.000               0       (107,0)  
hdmi_tx_slow_clk                                                                                                    input        0.070             0.070             288       (107,0)  
hdmi_tx_slow_clk                                                                                                    net          1.169             1.239             288       (107,0)  
   Routing elements:
      Manhattan distance of X:106, Y:182
display/u_fifo/u_vendor_fifo/u_efx_fifo_top/xefx_fifo_ctl/genblk7.genblk1.waddr_cntr_sync_g2b_r[0]~FF_rt_141|CLK    EFX_FF       0.000             1.239             288       (213,182)

++++ Path 2 ++++++++++++++++++++++++++++++++++++++++++++++++++++++++++++++++++++

Path Begin    : display/u_fifo/u_vendor_fifo/u_efx_fifo_top/xefx_fifo_ctl/genblk7.wr2rd_addr_sync/dff_5/i14_2|CLK             
Path End      : display/u_fifo/u_vendor_fifo/u_efx_fifo_top/xefx_fifo_ctl/genblk7.genblk1.waddr_cntr_sync_g2b_r[0]~FF_rt_142|D
Launch Clock  : hdmi_tx_slow_clk (RISE)                                                                                       
Capture Clock : hdmi_tx_slow_clk (RISE)                                                                                       
Slack         : 0.012 (arrival time - required time)                                                                          
Delay         : 0.010                                                                                                         

Logic Level             : 0
Non-global nets on path : 1
Global nets on path     : 0

Launch Clock Path Delay        : 1.239
+ Clock To Q + Data Path Delay : 0.082
--------------------------------------
End-of-path arrival time       : 1.321

Constraint                     : 0.000
+ Capture Clock Path Delay     : 1.239
+ Clock Uncertainty            : 0.070
--------------------------------------
End-of-path required time      : 1.309

Launch Clock Path
                                              name                                                 model name   delay (ns)  cumulative delay (ns) pins on net    location
===========================================================================================================================================================================
hdmi_tx_slow_clk                                                                                    input         0.000             0.000               0       (107,0)  
hdmi_tx_slow_clk                                                                                    input         0.070             0.070             288       (107,0)  
hdmi_tx_slow_clk                                                                                    net           1.169             1.239             288       (107,0)  
   Routing elements:
      Manhattan distance of X:109, Y:199
display/u_fifo/u_vendor_fifo/u_efx_fifo_top/xefx_fifo_ctl/genblk7.wr2rd_addr_sync/dff_5/i14_2|CLK   EFX_SRL8      0.000             1.239             288       (216,199)

Data Path
                                                     name                                                       model name   delay (ns)  cumulative delay (ns) pins on net    location
========================================================================================================================================================================================
display/u_fifo/u_vendor_fifo/u_efx_fifo_top/xefx_fifo_ctl/genblk7.wr2rd_addr_sync/dff_5/i14_2|Q                  EFX_SRL8      0.072             0.072              2        (216,199)
display/u_fifo/u_vendor_fifo/u_efx_fifo_top/xefx_fifo_ctl/genblk7.wr2rd_addr_sync/dff_5/i14_pre                  net           0.010             0.082              2        (216,199)
display/u_fifo/u_vendor_fifo/u_efx_fifo_top/xefx_fifo_ctl/genblk7.genblk1.waddr_cntr_sync_g2b_r[0]~FF_rt_142|D   EFX_FF        0.000             0.082              2        (216,199)

Capture Clock Path
                                                      name                                                        model name   delay (ns)  cumulative delay (ns) pins on net    location
==========================================================================================================================================================================================
hdmi_tx_slow_clk                                                                                                    input        0.000             0.000               0       (107,0)  
hdmi_tx_slow_clk                                                                                                    input        0.070             0.070             288       (107,0)  
hdmi_tx_slow_clk                                                                                                    net          1.169             1.239             288       (107,0)  
   Routing elements:
      Manhattan distance of X:109, Y:199
display/u_fifo/u_vendor_fifo/u_efx_fifo_top/xefx_fifo_ctl/genblk7.genblk1.waddr_cntr_sync_g2b_r[0]~FF_rt_142|CLK    EFX_FF       0.000             1.239             288       (216,199)

++++ Path 3 ++++++++++++++++++++++++++++++++++++++++++++++++++++++++++++++++++++

Path Begin    : display/u_fifo/u_vendor_fifo/u_efx_fifo_top/xefx_fifo_ctl/genblk7.wr2rd_addr_sync/dff_5/i23_2|CLK       
Path End      : display/u_fifo/u_vendor_fifo/u_efx_fifo_top/xefx_fifo_ctl/genblk7.genblk1.waddr_cntr_sync_g2b_r[10]~FF|D
Launch Clock  : hdmi_tx_slow_clk (RISE)                                                                                 
Capture Clock : hdmi_tx_slow_clk (RISE)                                                                                 
Slack         : 0.071 (arrival time - required time)                                                                    
Delay         : 0.069                                                                                                   

Logic Level             : 1
Non-global nets on path : 2
Global nets on path     : 0

Launch Clock Path Delay        : 1.239
+ Clock To Q + Data Path Delay : 0.141
--------------------------------------
End-of-path arrival time       : 1.380

Constraint                     : 0.000
+ Capture Clock Path Delay     : 1.239
+ Clock Uncertainty            : 0.070
--------------------------------------
End-of-path required time      : 1.309

Launch Clock Path
                                              name                                                 model name   delay (ns)  cumulative delay (ns) pins on net    location
===========================================================================================================================================================================
hdmi_tx_slow_clk                                                                                    input         0.000             0.000               0       (107,0)  
hdmi_tx_slow_clk                                                                                    input         0.070             0.070             288       (107,0)  
hdmi_tx_slow_clk                                                                                    net           1.169             1.239             288       (107,0)  
   Routing elements:
      Manhattan distance of X:106, Y:192
display/u_fifo/u_vendor_fifo/u_efx_fifo_top/xefx_fifo_ctl/genblk7.wr2rd_addr_sync/dff_5/i23_2|CLK   EFX_SRL8      0.000             1.239             288       (213,192)

Data Path
                                                  name                                                    model name   delay (ns)  cumulative delay (ns) pins on net    location
==================================================================================================================================================================================
display/u_fifo/u_vendor_fifo/u_efx_fifo_top/xefx_fifo_ctl/genblk7.wr2rd_addr_sync/dff_5/i23_2|Q            EFX_SRL8      0.072             0.072              2        (213,192)
display/u_fifo/u_vendor_fifo/u_efx_fifo_top/xefx_fifo_ctl/genblk7.wr2rd_addr_sync/dff_5/i23_pre            net           0.034             0.106              2        (213,192)
   Routing elements:
      Manhattan distance of X:0, Y:1
LUT__139443|in[1]                                                                                          EFX_LUT4      0.035             0.141              2        (213,191)
LUT__139443|out                                                                                            EFX_LUT4      0.000             0.141              3        (213,191)
display/u_fifo/u_vendor_fifo/u_efx_fifo_top/xefx_fifo_ctl/genblk7.waddr_cntr_sync_g2b[10]                  net           0.000             0.141              3        (213,191)
display/u_fifo/u_vendor_fifo/u_efx_fifo_top/xefx_fifo_ctl/genblk7.genblk1.waddr_cntr_sync_g2b_r[10]~FF|D   EFX_FF        0.000             0.141              3        (213,191)

Capture Clock Path
                                                   name                                                     model name   delay (ns)  cumulative delay (ns) pins on net    location
====================================================================================================================================================================================
hdmi_tx_slow_clk                                                                                              input        0.000             0.000               0       (107,0)  
hdmi_tx_slow_clk                                                                                              input        0.070             0.070             288       (107,0)  
hdmi_tx_slow_clk                                                                                              net          1.169             1.239             288       (107,0)  
   Routing elements:
      Manhattan distance of X:106, Y:191
display/u_fifo/u_vendor_fifo/u_efx_fifo_top/xefx_fifo_ctl/genblk7.genblk1.waddr_cntr_sync_g2b_r[10]~FF|CLK    EFX_FF       0.000             1.239             288       (213,191)

++++ Path 4 ++++++++++++++++++++++++++++++++++++++++++++++++++++++++++++++++++++

Path Begin    : display/u_fifo/u_vendor_fifo/u_efx_fifo_top/xefx_fifo_ctl/genblk7.wr2rd_addr_sync/dff_5/i15_2|CLK      
Path End      : display/u_fifo/u_vendor_fifo/u_efx_fifo_top/xefx_fifo_ctl/genblk7.genblk1.waddr_cntr_sync_g2b_r[2]~FF|D
Launch Clock  : hdmi_tx_slow_clk (RISE)                                                                                
Capture Clock : hdmi_tx_slow_clk (RISE)                                                                                
Slack         : 0.071 (arrival time - required time)                                                                   
Delay         : 0.069                                                                                                  

Logic Level             : 1
Non-global nets on path : 2
Global nets on path     : 0

Launch Clock Path Delay        : 1.239
+ Clock To Q + Data Path Delay : 0.141
--------------------------------------
End-of-path arrival time       : 1.380

Constraint                     : 0.000
+ Capture Clock Path Delay     : 1.239
+ Clock Uncertainty            : 0.070
--------------------------------------
End-of-path required time      : 1.309

Launch Clock Path
                                              name                                                 model name   delay (ns)  cumulative delay (ns) pins on net    location
===========================================================================================================================================================================
hdmi_tx_slow_clk                                                                                    input         0.000             0.000               0       (107,0)  
hdmi_tx_slow_clk                                                                                    input         0.070             0.070             288       (107,0)  
hdmi_tx_slow_clk                                                                                    net           1.169             1.239             288       (107,0)  
   Routing elements:
      Manhattan distance of X:106, Y:195
display/u_fifo/u_vendor_fifo/u_efx_fifo_top/xefx_fifo_ctl/genblk7.wr2rd_addr_sync/dff_5/i15_2|CLK   EFX_SRL8      0.000             1.239             288       (213,195)

Data Path
                                                 name                                                    model name   delay (ns)  cumulative delay (ns) pins on net    location
=================================================================================================================================================================================
display/u_fifo/u_vendor_fifo/u_efx_fifo_top/xefx_fifo_ctl/genblk7.wr2rd_addr_sync/dff_5/i15_2|Q           EFX_SRL8      0.072             0.072              2        (213,195)
display/u_fifo/u_vendor_fifo/u_efx_fifo_top/xefx_fifo_ctl/genblk7.wr2rd_addr_sync/dff_5/i15_pre           net           0.034             0.106              2        (213,195)
   Routing elements:
      Manhattan distance of X:0, Y:1
LUT__139450|in[1]                                                                                         EFX_LUT4      0.035             0.141              2        (213,194)
LUT__139450|out                                                                                           EFX_LUT4      0.000             0.141              3        (213,194)
display/u_fifo/u_vendor_fifo/u_efx_fifo_top/xefx_fifo_ctl/genblk7.waddr_cntr_sync_g2b[2]                  net           0.000             0.141              3        (213,194)
display/u_fifo/u_vendor_fifo/u_efx_fifo_top/xefx_fifo_ctl/genblk7.genblk1.waddr_cntr_sync_g2b_r[2]~FF|D   EFX_FF        0.000             0.141              3        (213,194)

Capture Clock Path
                                                  name                                                     model name   delay (ns)  cumulative delay (ns) pins on net    location
===================================================================================================================================================================================
hdmi_tx_slow_clk                                                                                             input        0.000             0.000               0       (107,0)  
hdmi_tx_slow_clk                                                                                             input        0.070             0.070             288       (107,0)  
hdmi_tx_slow_clk                                                                                             net          1.169             1.239             288       (107,0)  
   Routing elements:
      Manhattan distance of X:106, Y:194
display/u_fifo/u_vendor_fifo/u_efx_fifo_top/xefx_fifo_ctl/genblk7.genblk1.waddr_cntr_sync_g2b_r[2]~FF|CLK    EFX_FF       0.000             1.239             288       (213,194)

++++ Path 5 ++++++++++++++++++++++++++++++++++++++++++++++++++++++++++++++++++++

Path Begin    : display/u_fifo/u_vendor_fifo/u_efx_fifo_top/xefx_fifo_ctl/genblk7.wr2rd_addr_sync/dff_5/i24_2|CLK       
Path End      : display/u_fifo/u_vendor_fifo/u_efx_fifo_top/xefx_fifo_ctl/genblk7.genblk1.waddr_cntr_sync_g2b_r[11]~FF|D
Launch Clock  : hdmi_tx_slow_clk (RISE)                                                                                 
Capture Clock : hdmi_tx_slow_clk (RISE)                                                                                 
Slack         : 0.072 (arrival time - required time)                                                                    
Delay         : 0.070                                                                                                   

Logic Level             : 0
Non-global nets on path : 1
Global nets on path     : 0

Launch Clock Path Delay        : 1.239
+ Clock To Q + Data Path Delay : 0.142
--------------------------------------
End-of-path arrival time       : 1.381

Constraint                     : 0.000
+ Capture Clock Path Delay     : 1.239
+ Clock Uncertainty            : 0.070
--------------------------------------
End-of-path required time      : 1.309

Launch Clock Path
                                              name                                                 model name   delay (ns)  cumulative delay (ns) pins on net    location
===========================================================================================================================================================================
hdmi_tx_slow_clk                                                                                    input         0.000             0.000               0       (107,0)  
hdmi_tx_slow_clk                                                                                    input         0.070             0.070             288       (107,0)  
hdmi_tx_slow_clk                                                                                    net           1.169             1.239             288       (107,0)  
   Routing elements:
      Manhattan distance of X:106, Y:197
display/u_fifo/u_vendor_fifo/u_efx_fifo_top/xefx_fifo_ctl/genblk7.wr2rd_addr_sync/dff_5/i24_2|CLK   EFX_SRL8      0.000             1.239             288       (213,197)

Data Path
                                                  name                                                    model name   delay (ns)  cumulative delay (ns) pins on net    location
==================================================================================================================================================================================
display/u_fifo/u_vendor_fifo/u_efx_fifo_top/xefx_fifo_ctl/genblk7.wr2rd_addr_sync/dff_5/i24_2|Q            EFX_SRL8      0.072             0.072              3        (213,197)
display/u_fifo/u_vendor_fifo/u_efx_fifo_top/xefx_fifo_ctl/genblk7.wr2rd_addr_sync/dff_5/i24_pre            net           0.070             0.142              3        (213,197)
   Routing elements:
      Manhattan distance of X:0, Y:1
display/u_fifo/u_vendor_fifo/u_efx_fifo_top/xefx_fifo_ctl/genblk7.genblk1.waddr_cntr_sync_g2b_r[11]~FF|D   EFX_FF        0.000             0.142              3        (213,196)

Capture Clock Path
                                                   name                                                     model name   delay (ns)  cumulative delay (ns) pins on net    location
====================================================================================================================================================================================
hdmi_tx_slow_clk                                                                                              input        0.000             0.000               0       (107,0)  
hdmi_tx_slow_clk                                                                                              input        0.070             0.070             288       (107,0)  
hdmi_tx_slow_clk                                                                                              net          1.169             1.239             288       (107,0)  
   Routing elements:
      Manhattan distance of X:106, Y:196
display/u_fifo/u_vendor_fifo/u_efx_fifo_top/xefx_fifo_ctl/genblk7.genblk1.waddr_cntr_sync_g2b_r[11]~FF|CLK    EFX_FF       0.000             1.239             288       (213,196)

++++ Path 6 ++++++++++++++++++++++++++++++++++++++++++++++++++++++++++++++++++++

Path Begin    : display/u_scale/h_count[6]~FF|CLK   
Path End      : display/u_scale/h_count[7]~FF|D     
Launch Clock  : hdmi_tx_slow_clk (RISE)             
Capture Clock : hdmi_tx_slow_clk (RISE)             
Slack         : 0.091 (arrival time - required time)
Delay         : 0.089                               

Logic Level             : 1
Non-global nets on path : 2
Global nets on path     : 0

Launch Clock Path Delay        : 1.239
+ Clock To Q + Data Path Delay : 0.161
--------------------------------------
End-of-path arrival time       : 1.400

Constraint                     : 0.000
+ Capture Clock Path Delay     : 1.239
+ Clock Uncertainty            : 0.070
--------------------------------------
End-of-path required time      : 1.309

Launch Clock Path
              name                 model name   delay (ns)  cumulative delay (ns) pins on net    location
===========================================================================================================
hdmi_tx_slow_clk                     input        0.000             0.000               0       (107,0)  
hdmi_tx_slow_clk                     input        0.070             0.070             288       (107,0)  
hdmi_tx_slow_clk                     net          1.169             1.239             288       (107,0)  
   Routing elements:
      Manhattan distance of X:106, Y:277
display/u_scale/h_count[6]~FF|CLK    EFX_FF       0.000             1.239             288       (213,277)

Data Path
             name                model name   delay (ns)  cumulative delay (ns) pins on net    location
=========================================================================================================
display/u_scale/h_count[6]~FF|Q   EFX_FF        0.072             0.072              6        (213,277)
display/u_scale/h_count[6]        net           0.055             0.127              6        (213,277)
   Routing elements:
      Manhattan distance of X:2, Y:0
LUT__139513|in[1]                 EFX_LUT4      0.034             0.161              6        (211,277)
LUT__139513|out                   EFX_LUT4      0.000             0.161              5        (211,277)
display/u_scale/next_h_count[7]   net           0.000             0.161              5        (211,277)
display/u_scale/h_count[7]~FF|D   EFX_FF        0.000             0.161              5        (211,277)

Capture Clock Path
              name                 model name   delay (ns)  cumulative delay (ns) pins on net    location
===========================================================================================================
hdmi_tx_slow_clk                     input        0.000             0.000               0       (107,0)  
hdmi_tx_slow_clk                     input        0.070             0.070             288       (107,0)  
hdmi_tx_slow_clk                     net          1.169             1.239             288       (107,0)  
   Routing elements:
      Manhattan distance of X:104, Y:277
display/u_scale/h_count[7]~FF|CLK    EFX_FF       0.000             1.239             288       (211,277)

++++ Path 7 ++++++++++++++++++++++++++++++++++++++++++++++++++++++++++++++++++++

Path Begin    : display/u_fifo/u_vendor_fifo/u_efx_fifo_top/xefx_fifo_ctl/genblk7.wr2rd_addr_sync/dff_5/i21_2|CLK      
Path End      : display/u_fifo/u_vendor_fifo/u_efx_fifo_top/xefx_fifo_ctl/genblk7.genblk1.waddr_cntr_sync_g2b_r[8]~FF|D
Launch Clock  : hdmi_tx_slow_clk (RISE)                                                                                
Capture Clock : hdmi_tx_slow_clk (RISE)                                                                                
Slack         : 0.092 (arrival time - required time)                                                                   
Delay         : 0.090                                                                                                  

Logic Level             : 1
Non-global nets on path : 2
Global nets on path     : 0

Launch Clock Path Delay        : 1.239
+ Clock To Q + Data Path Delay : 0.162
--------------------------------------
End-of-path arrival time       : 1.401

Constraint                     : 0.000
+ Capture Clock Path Delay     : 1.239
+ Clock Uncertainty            : 0.070
--------------------------------------
End-of-path required time      : 1.309

Launch Clock Path
                                              name                                                 model name   delay (ns)  cumulative delay (ns) pins on net    location
===========================================================================================================================================================================
hdmi_tx_slow_clk                                                                                    input         0.000             0.000               0       (107,0)  
hdmi_tx_slow_clk                                                                                    input         0.070             0.070             288       (107,0)  
hdmi_tx_slow_clk                                                                                    net           1.169             1.239             288       (107,0)  
   Routing elements:
      Manhattan distance of X:106, Y:189
display/u_fifo/u_vendor_fifo/u_efx_fifo_top/xefx_fifo_ctl/genblk7.wr2rd_addr_sync/dff_5/i21_2|CLK   EFX_SRL8      0.000             1.239             288       (213,189)

Data Path
                                                 name                                                    model name   delay (ns)  cumulative delay (ns) pins on net    location
=================================================================================================================================================================================
display/u_fifo/u_vendor_fifo/u_efx_fifo_top/xefx_fifo_ctl/genblk7.wr2rd_addr_sync/dff_5/i21_2|Q           EFX_SRL8      0.072             0.072              2        (213,189)
display/u_fifo/u_vendor_fifo/u_efx_fifo_top/xefx_fifo_ctl/genblk7.wr2rd_addr_sync/dff_5/i21_pre           net           0.055             0.127              2        (213,189)
   Routing elements:
      Manhattan distance of X:0, Y:3
LUT__139445|in[1]                                                                                         EFX_LUT4      0.035             0.162              2        (213,186)
LUT__139445|out                                                                                           EFX_LUT4      0.000             0.162              3        (213,186)
display/u_fifo/u_vendor_fifo/u_efx_fifo_top/xefx_fifo_ctl/genblk7.waddr_cntr_sync_g2b[8]                  net           0.000             0.162              3        (213,186)
display/u_fifo/u_vendor_fifo/u_efx_fifo_top/xefx_fifo_ctl/genblk7.genblk1.waddr_cntr_sync_g2b_r[8]~FF|D   EFX_FF        0.000             0.162              3        (213,186)

Capture Clock Path
                                                  name                                                     model name   delay (ns)  cumulative delay (ns) pins on net    location
===================================================================================================================================================================================
hdmi_tx_slow_clk                                                                                             input        0.000             0.000               0       (107,0)  
hdmi_tx_slow_clk                                                                                             input        0.070             0.070             288       (107,0)  
hdmi_tx_slow_clk                                                                                             net          1.169             1.239             288       (107,0)  
   Routing elements:
      Manhattan distance of X:106, Y:186
display/u_fifo/u_vendor_fifo/u_efx_fifo_top/xefx_fifo_ctl/genblk7.genblk1.waddr_cntr_sync_g2b_r[8]~FF|CLK    EFX_FF       0.000             1.239             288       (213,186)

++++ Path 8 ++++++++++++++++++++++++++++++++++++++++++++++++++++++++++++++++++++

Path Begin    : display/u_line_buffer/active_bank~FF|CLK 
Path End      : display/u_hdmi/encoder/encb/din_q[6]~FF|D
Launch Clock  : hdmi_tx_slow_clk (RISE)                  
Capture Clock : hdmi_tx_slow_clk (RISE)                  
Slack         : 0.094 (arrival time - required time)     
Delay         : 0.092                                    

Logic Level             : 1
Non-global nets on path : 2
Global nets on path     : 0

Launch Clock Path Delay        : 1.239
+ Clock To Q + Data Path Delay : 0.164
--------------------------------------
End-of-path arrival time       : 1.403

Constraint                     : 0.000
+ Capture Clock Path Delay     : 1.239
+ Clock Uncertainty            : 0.070
--------------------------------------
End-of-path required time      : 1.309

Launch Clock Path
                  name                    model name   delay (ns)  cumulative delay (ns) pins on net    location
==================================================================================================================
hdmi_tx_slow_clk                            input        0.000             0.000               0       (107,0)  
hdmi_tx_slow_clk                            input        0.070             0.070             288       (107,0)  
hdmi_tx_slow_clk                            net          1.169             1.239             288       (107,0)  
   Routing elements:
      Manhattan distance of X:106, Y:267
display/u_line_buffer/active_bank~FF|CLK    EFX_FF       0.000             1.239             288       (213,267)

Data Path
                  name                     model name   delay (ns)  cumulative delay (ns) pins on net    location
===================================================================================================================
display/u_line_buffer/active_bank~FF|Q      EFX_FF        0.072             0.072              20       (213,267)
display/u_line_buffer/active_bank           net           0.058             0.130              20       (213,267)
   Routing elements:
      Manhattan distance of X:1, Y:0
LUT__139237|in[2]                           EFX_LUT4      0.034             0.164              20       (214,267)
LUT__139237|out                             EFX_LUT4      0.000             0.164               5       (214,267)
display/line_pixel[3]                       net           0.000             0.164               5       (214,267)
display/u_hdmi/encoder/encb/din_q[6]~FF|D   EFX_FF        0.000             0.164               5       (214,267)

Capture Clock Path
                   name                      model name   delay (ns)  cumulative delay (ns) pins on net    location
=====================================================================================================================
hdmi_tx_slow_clk                               input        0.000             0.000               0       (107,0)  
hdmi_tx_slow_clk                               input        0.070             0.070             288       (107,0)  
hdmi_tx_slow_clk                               net          1.169             1.239             288       (107,0)  
   Routing elements:
      Manhattan distance of X:107, Y:267
display/u_hdmi/encoder/encb/din_q[6]~FF|CLK    EFX_FF       0.000             1.239             288       (214,267)

++++ Path 9 ++++++++++++++++++++++++++++++++++++++++++++++++++++++++++++++++++++

Path Begin    : display/u_underflow_sync/pixel_event_count[2]~FF|CLK
Path End      : display/u_underflow_sync/pixel_event_gray[2]~FF|D   
Launch Clock  : hdmi_tx_slow_clk (RISE)                             
Capture Clock : hdmi_tx_slow_clk (RISE)                             
Slack         : 0.097 (arrival time - required time)                
Delay         : 0.095                                               

Logic Level             : 1
Non-global nets on path : 2
Global nets on path     : 0

Launch Clock Path Delay        : 1.239
+ Clock To Q + Data Path Delay : 0.167
--------------------------------------
End-of-path arrival time       : 1.406

Constraint                     : 0.000
+ Capture Clock Path Delay     : 1.239
+ Clock Uncertainty            : 0.070
--------------------------------------
End-of-path required time      : 1.309

Launch Clock Path
                        name                          model name   delay (ns)  cumulative delay (ns) pins on net    location
==============================================================================================================================
hdmi_tx_slow_clk                                        input        0.000             0.000               0       (107,0)  
hdmi_tx_slow_clk                                        input        0.070             0.070             288       (107,0)  
hdmi_tx_slow_clk                                        net          1.169             1.239             288       (107,0)  
   Routing elements:
      Manhattan distance of X:91, Y:293
display/u_underflow_sync/pixel_event_count[2]~FF|CLK    EFX_FF       0.000             1.239             288       (198,293)

Data Path
                       name                         model name   delay (ns)  cumulative delay (ns) pins on net    location
============================================================================================================================
display/u_underflow_sync/pixel_event_count[2]~FF|Q   EFX_FF        0.072             0.072              5        (198,293)
display/u_underflow_sync/pixel_event_count[2]        net           0.061             0.133              5        (198,293)
   Routing elements:
      Manhattan distance of X:4, Y:0
LUT__139579|in[2]                                    EFX_LUT4      0.034             0.167              5        (202,293)
LUT__139579|out                                      EFX_LUT4      0.000             0.167              2        (202,293)
display/u_underflow_sync/pixel_event_gray_next[2]    net           0.000             0.167              2        (202,293)
display/u_underflow_sync/pixel_event_gray[2]~FF|D    EFX_FF        0.000             0.167              2        (202,293)

Capture Clock Path
                       name                          model name   delay (ns)  cumulative delay (ns) pins on net    location
=============================================================================================================================
hdmi_tx_slow_clk                                       input        0.000             0.000               0       (107,0)  
hdmi_tx_slow_clk                                       input        0.070             0.070             288       (107,0)  
hdmi_tx_slow_clk                                       net          1.169             1.239             288       (107,0)  
   Routing elements:
      Manhattan distance of X:95, Y:293
display/u_underflow_sync/pixel_event_gray[2]~FF|CLK    EFX_FF       0.000             1.239             288       (202,293)

++++ Path 10 +++++++++++++++++++++++++++++++++++++++++++++++++++++++++++++++++++

Path Begin    : fifo_empty~FF|CLK                                                                         
Path End      : display/u_fifo/u_vendor_fifo/u_efx_fifo_top/xefx_fifo_ctl/genblk7.raddr_cntr_gry_r[9]~FF|D
Launch Clock  : hdmi_tx_slow_clk (RISE)                                                                   
Capture Clock : hdmi_tx_slow_clk (RISE)                                                                   
Slack         : 0.098 (arrival time - required time)                                                      
Delay         : 0.096                                                                                     

Logic Level             : 1
Non-global nets on path : 2
Global nets on path     : 0

Launch Clock Path Delay        : 1.239
+ Clock To Q + Data Path Delay : 0.168
--------------------------------------
End-of-path arrival time       : 1.407

Constraint                     : 0.000
+ Capture Clock Path Delay     : 1.239
+ Clock Uncertainty            : 0.070
--------------------------------------
End-of-path required time      : 1.309

Launch Clock Path
      name         model name   delay (ns)  cumulative delay (ns) pins on net    location
===========================================================================================
hdmi_tx_slow_clk     input        0.000             0.000               0       (107,0)  
hdmi_tx_slow_clk     input        0.070             0.070             288       (107,0)  
hdmi_tx_slow_clk     net          1.169             1.239             288       (107,0)  
   Routing elements:
      Manhattan distance of X:101, Y:201
fifo_empty~FF|CLK    EFX_FF       0.000             1.239             288       (208,201)

Data Path
                                           name                                             model name   delay (ns)  cumulative delay (ns) pins on net    location
====================================================================================================================================================================
fifo_empty~FF|Q                                                                              EFX_FF        0.072             0.072              15       (208,201)
fifo_empty                                                                                   net           0.062             0.134              15       (208,201)
   Routing elements:
      Manhattan distance of X:0, Y:2
LUT__139476|in[2]                                                                            EFX_LUT4      0.034             0.168              15       (208,199)
LUT__139476|out                                                                              EFX_LUT4      0.000             0.168               2       (208,199)
display/u_fifo/u_vendor_fifo/u_efx_fifo_top/xefx_fifo_ctl/genblk7.raddr_cntr_gry[9]          net           0.000             0.168               2       (208,199)
display/u_fifo/u_vendor_fifo/u_efx_fifo_top/xefx_fifo_ctl/genblk7.raddr_cntr_gry_r[9]~FF|D   EFX_FF        0.000             0.168               2       (208,199)

Capture Clock Path
                                            name                                              model name   delay (ns)  cumulative delay (ns) pins on net    location
======================================================================================================================================================================
hdmi_tx_slow_clk                                                                                input        0.000             0.000               0       (107,0)  
hdmi_tx_slow_clk                                                                                input        0.070             0.070             288       (107,0)  
hdmi_tx_slow_clk                                                                                net          1.169             1.239             288       (107,0)  
   Routing elements:
      Manhattan distance of X:101, Y:199
display/u_fifo/u_vendor_fifo/u_efx_fifo_top/xefx_fifo_ctl/genblk7.raddr_cntr_gry_r[9]~FF|CLK    EFX_FF       0.000             1.239             288       (208,199)

################################################################################
Path Detail Report (rxc vs rxc)
################################################################################


++++ Path 1 ++++++++++++++++++++++++++++++++++++++++++++++++++++++++++++++++++++

Path Begin    : sapphire/u_asset_network/u_parser/packet[12][6]~FF|CLK
Path End      : sapphire/u_asset_network/m_in[158]~FF|D               
Launch Clock  : rxc (RISE)                                            
Capture Clock : rxc (RISE)                                            
Slack         : 0.019 (arrival time - required time)                  
Delay         : 0.113                                                 

Logic Level             : 0
Non-global nets on path : 1
Global nets on path     : 0

Launch Clock Path Delay        : 1.269
+ Clock To Q + Data Path Delay : 0.166
--------------------------------------
End-of-path arrival time       : 1.435

Constraint                     : 0.000
+ Capture Clock Path Delay     : 1.346
+ Clock Uncertainty            : 0.070
--------------------------------------
End-of-path required time      : 1.416

Launch Clock Path
                         name                           model name   delay (ns)  cumulative delay (ns) pins on net    location
================================================================================================================================
rxc                                                       input        0.000             0.000                0      (0,160)  
rxc                                                       input        0.070             0.070            11911      (0,160)  
rxc                                                       net          1.199             1.269            11911      (0,160)  
   Routing elements:
      Manhattan distance of X:107, Y:52
sapphire/u_asset_network/u_parser/packet[12][6]~FF|CLK    EFX_FF       0.000             1.269            11911      (107,212)

Data Path
                        name                          model name   delay (ns)  cumulative delay (ns) pins on net    location
==============================================================================================================================
sapphire/u_asset_network/u_parser/packet[12][6]~FF|Q    EFX_FF        0.072            0.072              3        (107,212)
sapphire/u_asset_network/u_parser/packet[12][6]         net           0.113            0.185              3        (107,212)
   Routing elements:
      Manhattan distance of X:1, Y:0
sapphire/u_asset_network/m_in[158]~FF|D                 EFX_FF       -0.019            0.166              3        (106,212)

Capture Clock Path
                  name                     model name   delay (ns)  cumulative delay (ns) pins on net    location
===================================================================================================================
rxc                                          input        0.000             0.000                0      (0,160)  
rxc                                          input        0.070             0.070            11911      (0,160)  
rxc                                          net          1.276             1.346            11911      (0,160)  
   Routing elements:
      Manhattan distance of X:106, Y:52
sapphire/u_asset_network/m_in[158]~FF|CLK    EFX_FF       0.000             1.346            11911      (106,212)

++++ Path 2 ++++++++++++++++++++++++++++++++++++++++++++++++++++++++++++++++++++

Path Begin    : sapphire/u_asset_network/m_in[132]~FF|CLK                                                         
Path End      : sapphire/u_asset_network/u_metadata/u_vendor_fifo/u_efx_fifo_top/xefx_fifo_ram/ram__D$f12|WDATA[2]
Launch Clock  : rxc (RISE)                                                                                        
Capture Clock : rxc (RISE)                                                                                        
Slack         : 0.026 (arrival time - required time)                                                              
Delay         : 0.135                                                                                             

Logic Level             : 0
Non-global nets on path : 1
Global nets on path     : 0

Launch Clock Path Delay        : 1.219
+ Clock To Q + Data Path Delay : 0.096
--------------------------------------
End-of-path arrival time       : 1.315

Constraint                     : 0.000
+ Capture Clock Path Delay     : 1.219
+ Clock Uncertainty            : 0.070
--------------------------------------
End-of-path required time      : 1.289

Launch Clock Path
                  name                     model name   delay (ns)  cumulative delay (ns) pins on net    location
===================================================================================================================
rxc                                          input        0.000             0.000                0      (0,160)  
rxc                                          input        0.070             0.070            11911      (0,160)  
rxc                                          net          1.149             1.219            11911      (0,160)  
   Routing elements:
      Manhattan distance of X:101, Y:24
sapphire/u_asset_network/m_in[132]~FF|CLK    EFX_FF       0.000             1.219            11911      (101,184)

Data Path
                                               name                                                 model name   delay (ns)  cumulative delay (ns) pins on net    location
============================================================================================================================================================================
sapphire/u_asset_network/m_in[132]~FF|Q                                                             EFX_FF          0.072            0.072              2        (101,184)
sapphire/u_asset_network/m_in[132]                                                                  net             0.135            0.207              2        (101,184)
   Routing elements:
      Manhattan distance of X:1, Y:2
sapphire/u_asset_network/u_metadata/u_vendor_fifo/u_efx_fifo_top/xefx_fifo_ram/ram__D$f12|WDATA[2]  EFX_RAM10      -0.111            0.096              2        (102,182)

Capture Clock Path
                                             name                                               model name   delay (ns)  cumulative delay (ns) pins on net    location
========================================================================================================================================================================
rxc                                                                                             input          0.000             0.000                0      (0,160)  
rxc                                                                                             input          0.070             0.070            11911      (0,160)  
rxc                                                                                             net            1.149             1.219            11911      (0,160)  
   Routing elements:
      Manhattan distance of X:102, Y:22
sapphire/u_asset_network/u_metadata/u_vendor_fifo/u_efx_fifo_top/xefx_fifo_ram/ram__D$f12|WCLK  EFX_RAM10      0.000             1.219            11911      (102,182)

++++ Path 3 ++++++++++++++++++++++++++++++++++++++++++++++++++++++++++++++++++++

Path Begin    : sapphire/u_asset_network/m_in[140]~FF|CLK                                                          
Path End      : sapphire/u_asset_network/u_metadata/u_vendor_fifo/u_efx_fifo_top/xefx_fifo_ram/ram__D$g12|WDATA[10]
Launch Clock  : rxc (RISE)                                                                                         
Capture Clock : rxc (RISE)                                                                                         
Slack         : 0.026 (arrival time - required time)                                                               
Delay         : 0.135                                                                                              

Logic Level             : 0
Non-global nets on path : 1
Global nets on path     : 0

Launch Clock Path Delay        : 1.219
+ Clock To Q + Data Path Delay : 0.096
--------------------------------------
End-of-path arrival time       : 1.315

Constraint                     : 0.000
+ Capture Clock Path Delay     : 1.219
+ Clock Uncertainty            : 0.070
--------------------------------------
End-of-path required time      : 1.289

Launch Clock Path
                  name                     model name   delay (ns)  cumulative delay (ns) pins on net    location
===================================================================================================================
rxc                                          input        0.000             0.000                0      (0,160)  
rxc                                          input        0.070             0.070            11911      (0,160)  
rxc                                          net          1.149             1.219            11911      (0,160)  
   Routing elements:
      Manhattan distance of X:101, Y:52
sapphire/u_asset_network/m_in[140]~FF|CLK    EFX_FF       0.000             1.219            11911      (101,212)

Data Path
                                               name                                                  model name   delay (ns)  cumulative delay (ns) pins on net    location
=============================================================================================================================================================================
sapphire/u_asset_network/m_in[140]~FF|Q                                                              EFX_FF          0.072            0.072              2        (101,212)
sapphire/u_asset_network/m_in[140]                                                                   net             0.135            0.207              2        (101,212)
   Routing elements:
      Manhattan distance of X:1, Y:10
sapphire/u_asset_network/u_metadata/u_vendor_fifo/u_efx_fifo_top/xefx_fifo_ram/ram__D$g12|WDATA[10]  EFX_RAM10      -0.111            0.096              2        (102,202)

Capture Clock Path
                                             name                                               model name   delay (ns)  cumulative delay (ns) pins on net    location
========================================================================================================================================================================
rxc                                                                                             input          0.000             0.000                0      (0,160)  
rxc                                                                                             input          0.070             0.070            11911      (0,160)  
rxc                                                                                             net            1.149             1.219            11911      (0,160)  
   Routing elements:
      Manhattan distance of X:102, Y:42
sapphire/u_asset_network/u_metadata/u_vendor_fifo/u_efx_fifo_top/xefx_fifo_ram/ram__D$g12|WCLK  EFX_RAM10      0.000             1.219            11911      (102,202)

++++ Path 4 ++++++++++++++++++++++++++++++++++++++++++++++++++++++++++++++++++++

Path Begin    : sapphire/u_asset_network/m_in[177]~FF|CLK                                                         
Path End      : sapphire/u_asset_network/u_metadata/u_vendor_fifo/u_efx_fifo_top/xefx_fifo_ram/ram__D$h12|WDATA[7]
Launch Clock  : rxc (RISE)                                                                                        
Capture Clock : rxc (RISE)                                                                                        
Slack         : 0.027 (arrival time - required time)                                                              
Delay         : 0.136                                                                                             

Logic Level             : 0
Non-global nets on path : 1
Global nets on path     : 0

Launch Clock Path Delay        : 1.219
+ Clock To Q + Data Path Delay : 0.097
--------------------------------------
End-of-path arrival time       : 1.316

Constraint                     : 0.000
+ Capture Clock Path Delay     : 1.219
+ Clock Uncertainty            : 0.070
--------------------------------------
End-of-path required time      : 1.289

Launch Clock Path
                  name                     model name   delay (ns)  cumulative delay (ns) pins on net    location
===================================================================================================================
rxc                                          input        0.000             0.000                0       (0,160) 
rxc                                          input        0.070             0.070            11911       (0,160) 
rxc                                          net          1.149             1.219            11911       (0,160) 
   Routing elements:
      Manhattan distance of X:61, Y:69
sapphire/u_asset_network/m_in[177]~FF|CLK    EFX_FF       0.000             1.219            11911       (61,229)

Data Path
                                               name                                                 model name   delay (ns)  cumulative delay (ns) pins on net    location
============================================================================================================================================================================
sapphire/u_asset_network/m_in[177]~FF|Q                                                             EFX_FF          0.072            0.072              2         (61,229)
sapphire/u_asset_network/m_in[177]                                                                  net             0.136            0.208              2         (61,229)
   Routing elements:
      Manhattan distance of X:2, Y:7
sapphire/u_asset_network/u_metadata/u_vendor_fifo/u_efx_fifo_top/xefx_fifo_ram/ram__D$h12|WDATA[7]  EFX_RAM10      -0.111            0.097              2         (63,222)

Capture Clock Path
                                             name                                               model name   delay (ns)  cumulative delay (ns) pins on net    location
========================================================================================================================================================================
rxc                                                                                             input          0.000             0.000                0       (0,160) 
rxc                                                                                             input          0.070             0.070            11911       (0,160) 
rxc                                                                                             net            1.149             1.219            11911       (0,160) 
   Routing elements:
      Manhattan distance of X:63, Y:62
sapphire/u_asset_network/u_metadata/u_vendor_fifo/u_efx_fifo_top/xefx_fifo_ram/ram__D$h12|WCLK  EFX_RAM10      0.000             1.219            11911       (63,222)

++++ Path 5 ++++++++++++++++++++++++++++++++++++++++++++++++++++++++++++++++++++

Path Begin    : sapphire/u_asset_network/m_in[179]~FF|CLK                                                         
Path End      : sapphire/u_asset_network/u_metadata/u_vendor_fifo/u_efx_fifo_top/xefx_fifo_ram/ram__D$h12|WDATA[9]
Launch Clock  : rxc (RISE)                                                                                        
Capture Clock : rxc (RISE)                                                                                        
Slack         : 0.029 (arrival time - required time)                                                              
Delay         : 0.138                                                                                             

Logic Level             : 0
Non-global nets on path : 1
Global nets on path     : 0

Launch Clock Path Delay        : 1.219
+ Clock To Q + Data Path Delay : 0.099
--------------------------------------
End-of-path arrival time       : 1.318

Constraint                     : 0.000
+ Capture Clock Path Delay     : 1.219
+ Clock Uncertainty            : 0.070
--------------------------------------
End-of-path required time      : 1.289

Launch Clock Path
                  name                     model name   delay (ns)  cumulative delay (ns) pins on net    location
===================================================================================================================
rxc                                          input        0.000             0.000                0       (0,160) 
rxc                                          input        0.070             0.070            11911       (0,160) 
rxc                                          net          1.149             1.219            11911       (0,160) 
   Routing elements:
      Manhattan distance of X:60, Y:71
sapphire/u_asset_network/m_in[179]~FF|CLK    EFX_FF       0.000             1.219            11911       (60,231)

Data Path
                                               name                                                 model name   delay (ns)  cumulative delay (ns) pins on net    location
============================================================================================================================================================================
sapphire/u_asset_network/m_in[179]~FF|Q                                                             EFX_FF          0.072            0.072              2         (60,231)
sapphire/u_asset_network/m_in[179]                                                                  net             0.138            0.210              2         (60,231)
   Routing elements:
      Manhattan distance of X:3, Y:9
sapphire/u_asset_network/u_metadata/u_vendor_fifo/u_efx_fifo_top/xefx_fifo_ram/ram__D$h12|WDATA[9]  EFX_RAM10      -0.111            0.099              2         (63,222)

Capture Clock Path
                                             name                                               model name   delay (ns)  cumulative delay (ns) pins on net    location
========================================================================================================================================================================
rxc                                                                                             input          0.000             0.000                0       (0,160) 
rxc                                                                                             input          0.070             0.070            11911       (0,160) 
rxc                                                                                             net            1.149             1.219            11911       (0,160) 
   Routing elements:
      Manhattan distance of X:63, Y:62
sapphire/u_asset_network/u_metadata/u_vendor_fifo/u_efx_fifo_top/xefx_fifo_ram/ram__D$h12|WCLK  EFX_RAM10      0.000             1.219            11911       (63,222)

++++ Path 6 ++++++++++++++++++++++++++++++++++++++++++++++++++++++++++++++++++++

Path Begin    : sapphire/u_asset_network/m_in[173]~FF|CLK                                                         
Path End      : sapphire/u_asset_network/u_metadata/u_vendor_fifo/u_efx_fifo_top/xefx_fifo_ram/ram__D$h12|WDATA[3]
Launch Clock  : rxc (RISE)                                                                                        
Capture Clock : rxc (RISE)                                                                                        
Slack         : 0.030 (arrival time - required time)                                                              
Delay         : 0.139                                                                                             

Logic Level             : 0
Non-global nets on path : 1
Global nets on path     : 0

Launch Clock Path Delay        : 1.219
+ Clock To Q + Data Path Delay : 0.100
--------------------------------------
End-of-path arrival time       : 1.319

Constraint                     : 0.000
+ Capture Clock Path Delay     : 1.219
+ Clock Uncertainty            : 0.070
--------------------------------------
End-of-path required time      : 1.289

Launch Clock Path
                  name                     model name   delay (ns)  cumulative delay (ns) pins on net    location
===================================================================================================================
rxc                                          input        0.000             0.000                0       (0,160) 
rxc                                          input        0.070             0.070            11911       (0,160) 
rxc                                          net          1.149             1.219            11911       (0,160) 
   Routing elements:
      Manhattan distance of X:66, Y:65
sapphire/u_asset_network/m_in[173]~FF|CLK    EFX_FF       0.000             1.219            11911       (66,225)

Data Path
                                               name                                                 model name   delay (ns)  cumulative delay (ns) pins on net    location
============================================================================================================================================================================
sapphire/u_asset_network/m_in[173]~FF|Q                                                             EFX_FF          0.072            0.072              2         (66,225)
sapphire/u_asset_network/m_in[173]                                                                  net             0.139            0.211              2         (66,225)
   Routing elements:
      Manhattan distance of X:3, Y:3
sapphire/u_asset_network/u_metadata/u_vendor_fifo/u_efx_fifo_top/xefx_fifo_ram/ram__D$h12|WDATA[3]  EFX_RAM10      -0.111            0.100              2         (63,222)

Capture Clock Path
                                             name                                               model name   delay (ns)  cumulative delay (ns) pins on net    location
========================================================================================================================================================================
rxc                                                                                             input          0.000             0.000                0       (0,160) 
rxc                                                                                             input          0.070             0.070            11911       (0,160) 
rxc                                                                                             net            1.149             1.219            11911       (0,160) 
   Routing elements:
      Manhattan distance of X:63, Y:62
sapphire/u_asset_network/u_metadata/u_vendor_fifo/u_efx_fifo_top/xefx_fifo_ram/ram__D$h12|WCLK  EFX_RAM10      0.000             1.219            11911       (63,222)

++++ Path 7 ++++++++++++++++++++++++++++++++++++++++++++++++++++++++++++++++++++

Path Begin    : sapphire/u_asset_network/m_in[178]~FF|CLK                                                         
Path End      : sapphire/u_asset_network/u_metadata/u_vendor_fifo/u_efx_fifo_top/xefx_fifo_ram/ram__D$h12|WDATA[8]
Launch Clock  : rxc (RISE)                                                                                        
Capture Clock : rxc (RISE)                                                                                        
Slack         : 0.030 (arrival time - required time)                                                              
Delay         : 0.139                                                                                             

Logic Level             : 0
Non-global nets on path : 1
Global nets on path     : 0

Launch Clock Path Delay        : 1.219
+ Clock To Q + Data Path Delay : 0.100
--------------------------------------
End-of-path arrival time       : 1.319

Constraint                     : 0.000
+ Capture Clock Path Delay     : 1.219
+ Clock Uncertainty            : 0.070
--------------------------------------
End-of-path required time      : 1.289

Launch Clock Path
                  name                     model name   delay (ns)  cumulative delay (ns) pins on net    location
===================================================================================================================
rxc                                          input        0.000             0.000                0       (0,160) 
rxc                                          input        0.070             0.070            11911       (0,160) 
rxc                                          net          1.149             1.219            11911       (0,160) 
   Routing elements:
      Manhattan distance of X:66, Y:70
sapphire/u_asset_network/m_in[178]~FF|CLK    EFX_FF       0.000             1.219            11911       (66,230)

Data Path
                                               name                                                 model name   delay (ns)  cumulative delay (ns) pins on net    location
============================================================================================================================================================================
sapphire/u_asset_network/m_in[178]~FF|Q                                                             EFX_FF          0.072            0.072              2         (66,230)
sapphire/u_asset_network/m_in[178]                                                                  net             0.139            0.211              2         (66,230)
   Routing elements:
      Manhattan distance of X:3, Y:8
sapphire/u_asset_network/u_metadata/u_vendor_fifo/u_efx_fifo_top/xefx_fifo_ram/ram__D$h12|WDATA[8]  EFX_RAM10      -0.111            0.100              2         (63,222)

Capture Clock Path
                                             name                                               model name   delay (ns)  cumulative delay (ns) pins on net    location
========================================================================================================================================================================
rxc                                                                                             input          0.000             0.000                0       (0,160) 
rxc                                                                                             input          0.070             0.070            11911       (0,160) 
rxc                                                                                             net            1.149             1.219            11911       (0,160) 
   Routing elements:
      Manhattan distance of X:63, Y:62
sapphire/u_asset_network/u_metadata/u_vendor_fifo/u_efx_fifo_top/xefx_fifo_ram/ram__D$h12|WCLK  EFX_RAM10      0.000             1.219            11911       (63,222)

++++ Path 8 ++++++++++++++++++++++++++++++++++++++++++++++++++++++++++++++++++++

Path Begin    : sapphire/u_asset_network/m_in[167]~FF|CLK                                                          
Path End      : sapphire/u_asset_network/u_metadata/u_vendor_fifo/u_efx_fifo_top/xefx_fifo_ram/ram__D$h12|WDATA[17]
Launch Clock  : rxc (RISE)                                                                                         
Capture Clock : rxc (RISE)                                                                                         
Slack         : 0.030 (arrival time - required time)                                                               
Delay         : 0.139                                                                                              

Logic Level             : 0
Non-global nets on path : 1
Global nets on path     : 0

Launch Clock Path Delay        : 1.219
+ Clock To Q + Data Path Delay : 0.100
--------------------------------------
End-of-path arrival time       : 1.319

Constraint                     : 0.000
+ Capture Clock Path Delay     : 1.219
+ Clock Uncertainty            : 0.070
--------------------------------------
End-of-path required time      : 1.289

Launch Clock Path
                  name                     model name   delay (ns)  cumulative delay (ns) pins on net    location
===================================================================================================================
rxc                                          input        0.000             0.000                0       (0,160) 
rxc                                          input        0.070             0.070            11911       (0,160) 
rxc                                          net          1.149             1.219            11911       (0,160) 
   Routing elements:
      Manhattan distance of X:67, Y:79
sapphire/u_asset_network/m_in[167]~FF|CLK    EFX_FF       0.000             1.219            11911       (67,239)

Data Path
                                               name                                                  model name   delay (ns)  cumulative delay (ns) pins on net    location
=============================================================================================================================================================================
sapphire/u_asset_network/m_in[167]~FF|Q                                                              EFX_FF          0.072            0.072              2         (67,239)
sapphire/u_asset_network/m_in[167]                                                                   net             0.139            0.211              2         (67,239)
   Routing elements:
      Manhattan distance of X:4, Y:17
sapphire/u_asset_network/u_metadata/u_vendor_fifo/u_efx_fifo_top/xefx_fifo_ram/ram__D$h12|WDATA[17]  EFX_RAM10      -0.111            0.100              2         (63,222)

Capture Clock Path
                                             name                                               model name   delay (ns)  cumulative delay (ns) pins on net    location
========================================================================================================================================================================
rxc                                                                                             input          0.000             0.000                0       (0,160) 
rxc                                                                                             input          0.070             0.070            11911       (0,160) 
rxc                                                                                             net            1.149             1.219            11911       (0,160) 
   Routing elements:
      Manhattan distance of X:63, Y:62
sapphire/u_asset_network/u_metadata/u_vendor_fifo/u_efx_fifo_top/xefx_fifo_ram/ram__D$h12|WCLK  EFX_RAM10      0.000             1.219            11911       (63,222)

++++ Path 9 ++++++++++++++++++++++++++++++++++++++++++++++++++++++++++++++++++++

Path Begin    : sapphire/u_asset_network/m_in[163]~FF|CLK                                                          
Path End      : sapphire/u_asset_network/u_metadata/u_vendor_fifo/u_efx_fifo_top/xefx_fifo_ram/ram__D$h12|WDATA[13]
Launch Clock  : rxc (RISE)                                                                                         
Capture Clock : rxc (RISE)                                                                                         
Slack         : 0.030 (arrival time - required time)                                                               
Delay         : 0.139                                                                                              

Logic Level             : 0
Non-global nets on path : 1
Global nets on path     : 0

Launch Clock Path Delay        : 1.219
+ Clock To Q + Data Path Delay : 0.100
--------------------------------------
End-of-path arrival time       : 1.319

Constraint                     : 0.000
+ Capture Clock Path Delay     : 1.219
+ Clock Uncertainty            : 0.070
--------------------------------------
End-of-path required time      : 1.289

Launch Clock Path
                  name                     model name   delay (ns)  cumulative delay (ns) pins on net    location
===================================================================================================================
rxc                                          input        0.000             0.000                0       (0,160) 
rxc                                          input        0.070             0.070            11911       (0,160) 
rxc                                          net          1.149             1.219            11911       (0,160) 
   Routing elements:
      Manhattan distance of X:66, Y:75
sapphire/u_asset_network/m_in[163]~FF|CLK    EFX_FF       0.000             1.219            11911       (66,235)

Data Path
                                               name                                                  model name   delay (ns)  cumulative delay (ns) pins on net    location
=============================================================================================================================================================================
sapphire/u_asset_network/m_in[163]~FF|Q                                                              EFX_FF          0.072            0.072              2         (66,235)
sapphire/u_asset_network/m_in[163]                                                                   net             0.139            0.211              2         (66,235)
   Routing elements:
      Manhattan distance of X:3, Y:13
sapphire/u_asset_network/u_metadata/u_vendor_fifo/u_efx_fifo_top/xefx_fifo_ram/ram__D$h12|WDATA[13]  EFX_RAM10      -0.111            0.100              2         (63,222)

Capture Clock Path
                                             name                                               model name   delay (ns)  cumulative delay (ns) pins on net    location
========================================================================================================================================================================
rxc                                                                                             input          0.000             0.000                0       (0,160) 
rxc                                                                                             input          0.070             0.070            11911       (0,160) 
rxc                                                                                             net            1.149             1.219            11911       (0,160) 
   Routing elements:
      Manhattan distance of X:63, Y:62
sapphire/u_asset_network/u_metadata/u_vendor_fifo/u_efx_fifo_top/xefx_fifo_ram/ram__D$h12|WCLK  EFX_RAM10      0.000             1.219            11911       (63,222)

++++ Path 10 +++++++++++++++++++++++++++++++++++++++++++++++++++++++++++++++++++

Path Begin    : sapphire/u_asset_network/m_in[41]~FF|CLK                                                           
Path End      : sapphire/u_asset_network/u_metadata/u_vendor_fifo/u_efx_fifo_top/xefx_fifo_ram/ram__D$b12|WDATA[11]
Launch Clock  : rxc (RISE)                                                                                         
Capture Clock : rxc (RISE)                                                                                         
Slack         : 0.030 (arrival time - required time)                                                               
Delay         : 0.139                                                                                              

Logic Level             : 0
Non-global nets on path : 1
Global nets on path     : 0

Launch Clock Path Delay        : 1.219
+ Clock To Q + Data Path Delay : 0.100
--------------------------------------
End-of-path arrival time       : 1.319

Constraint                     : 0.000
+ Capture Clock Path Delay     : 1.219
+ Clock Uncertainty            : 0.070
--------------------------------------
End-of-path required time      : 1.289

Launch Clock Path
                  name                    model name   delay (ns)  cumulative delay (ns) pins on net    location
==================================================================================================================
rxc                                         input        0.000             0.000                0       (0,160) 
rxc                                         input        0.070             0.070            11911       (0,160) 
rxc                                         net          1.149             1.219            11911       (0,160) 
   Routing elements:
      Manhattan distance of X:75, Y:53
sapphire/u_asset_network/m_in[41]~FF|CLK    EFX_FF       0.000             1.219            11911       (75,213)

Data Path
                                               name                                                  model name   delay (ns)  cumulative delay (ns) pins on net    location
=============================================================================================================================================================================
sapphire/u_asset_network/m_in[41]~FF|Q                                                               EFX_FF          0.072            0.072              2         (75,213)
sapphire/u_asset_network/m_in[41]                                                                    net             0.139            0.211              2         (75,213)
   Routing elements:
      Manhattan distance of X:3, Y:11
sapphire/u_asset_network/u_metadata/u_vendor_fifo/u_efx_fifo_top/xefx_fifo_ram/ram__D$b12|WDATA[11]  EFX_RAM10      -0.111            0.100              2         (72,202)

Capture Clock Path
                                             name                                               model name   delay (ns)  cumulative delay (ns) pins on net    location
========================================================================================================================================================================
rxc                                                                                             input          0.000             0.000                0       (0,160) 
rxc                                                                                             input          0.070             0.070            11911       (0,160) 
rxc                                                                                             net            1.149             1.219            11911       (0,160) 
   Routing elements:
      Manhattan distance of X:72, Y:42
sapphire/u_asset_network/u_metadata/u_vendor_fifo/u_efx_fifo_top/xefx_fifo_ram/ram__D$b12|WCLK  EFX_RAM10      0.000             1.219            11911       (72,202)

################################################################################
Path Detail Report (rxc vs ge0_tx_clk)
################################################################################


++++ Path 1 ++++++++++++++++++++++++++++++++++++++++++++++++++++++++++++++++++++

Path Begin    : txd_hi_o[1]~FF|CLK                  
Path End      : txd_hi_o[1]                         
Launch Clock  : rxc (RISE)                          
Capture Clock : ge0_tx_clk (RISE)                   
Slack         : 6.019 (arrival time - required time)
Delay         : 0.159                               

Logic Level             : 0
Non-global nets on path : 1
Global nets on path     : 0

Launch Clock Path Delay        : 1.219
+ Clock To Q + Data Path Delay : 0.231
--------------------------------------
End-of-path arrival time       : 1.450

Constraint                     : -6.000
+ Capture Clock Path Delay     :  1.221
+ Clock Uncertainty            :  0.070
- Output Delay                 : -0.140
---------------------------------------
End-of-path required time      : -4.569

Launch Clock Path
       name         model name   delay (ns)  cumulative delay (ns) pins on net    location
============================================================================================
rxc                   input        0.000             0.000                0       (0,160)
rxc                   input        0.070             0.070            11911       (0,160)
rxc                   net          1.149             1.219            11911       (0,160)
   Routing elements:
      Manhattan distance of X:2, Y:64
txd_hi_o[1]~FF|CLK    EFX_FF       0.000             1.219            11911       (2,96) 

Data Path
      name        model name   delay (ns)  cumulative delay (ns) pins on net    location
==========================================================================================
txd_hi_o[1]~FF|Q    EFX_FF       0.072             0.072              2          (2,96)
txd_hi_o[1]         net          0.131             0.203              2          (2,96)
   Routing elements:
      Manhattan distance of X:2, Y:0
txd_hi_o[1]         output       0.028             0.231              2          (0,96)
txd_hi_o[1]         output       0.000             0.231              0          (0,96)

Capture Clock Path
         name           model name   delay (ns)  cumulative delay (ns) pins on net    location
================================================================================================
ge0_tx_clk                input        0.000             0.000              0         (112,0)
ge0_tx_clk                input        0.070             0.070              6         (112,0)
ge0_tx_clk                net          1.123             1.193              6         (112,0)
   Routing elements:
      Manhattan distance of X:112, Y:97
ge0_tx_clk~CLKOUT~1~97    output       0.028             1.221              6         (0,97) 
ge0_tx_clk~CLKOUT~1~97    output       0.000             1.221              0         (0,97) 

++++ Path 2 ++++++++++++++++++++++++++++++++++++++++++++++++++++++++++++++++++++

Path Begin    : txd_hi_o[0]~FF|CLK                  
Path End      : txd_hi_o[0]                         
Launch Clock  : rxc (RISE)                          
Capture Clock : ge0_tx_clk (RISE)                   
Slack         : 6.134 (arrival time - required time)
Delay         : 0.274                               

Logic Level             : 0
Non-global nets on path : 1
Global nets on path     : 0

Launch Clock Path Delay        : 1.219
+ Clock To Q + Data Path Delay : 0.346
--------------------------------------
End-of-path arrival time       : 1.565

Constraint                     : -6.000
+ Capture Clock Path Delay     :  1.221
+ Clock Uncertainty            :  0.070
- Output Delay                 : -0.140
---------------------------------------
End-of-path required time      : -4.569

Launch Clock Path
       name         model name   delay (ns)  cumulative delay (ns) pins on net    location
============================================================================================
rxc                   input        0.000             0.000                0       (0,160)
rxc                   input        0.070             0.070            11911       (0,160)
rxc                   net          1.149             1.219            11911       (0,160)
   Routing elements:
      Manhattan distance of X:2, Y:44
txd_hi_o[0]~FF|CLK    EFX_FF       0.000             1.219            11911       (2,116)

Data Path
      name        model name   delay (ns)  cumulative delay (ns) pins on net    location
==========================================================================================
txd_hi_o[0]~FF|Q    EFX_FF       0.072             0.072              2         (2,116)
txd_hi_o[0]         net          0.246             0.318              2         (2,116)
   Routing elements:
      Manhattan distance of X:2, Y:4
txd_hi_o[0]         output       0.028             0.346              2         (0,112)
txd_hi_o[0]         output       0.000             0.346              0         (0,112)

Capture Clock Path
         name            model name   delay (ns)  cumulative delay (ns) pins on net    location
=================================================================================================
ge0_tx_clk                 input        0.000             0.000              0         (112,0)
ge0_tx_clk                 input        0.070             0.070              6         (112,0)
ge0_tx_clk                 net          1.123             1.193              6         (112,0)
   Routing elements:
      Manhattan distance of X:112, Y:114
ge0_tx_clk~CLKOUT~1~114    output       0.028             1.221              6         (0,114)
ge0_tx_clk~CLKOUT~1~114    output       0.000             1.221              0         (0,114)

++++ Path 3 ++++++++++++++++++++++++++++++++++++++++++++++++++++++++++++++++++++

Path Begin    : txd_lo_o[0]~FF|CLK                  
Path End      : txd_lo_o[0]                         
Launch Clock  : rxc (RISE)                          
Capture Clock : ge0_tx_clk (RISE)                   
Slack         : 6.155 (arrival time - required time)
Delay         : 0.295                               

Logic Level             : 0
Non-global nets on path : 1
Global nets on path     : 0

Launch Clock Path Delay        : 1.219
+ Clock To Q + Data Path Delay : 0.367
--------------------------------------
End-of-path arrival time       : 1.586

Constraint                     : -6.000
+ Capture Clock Path Delay     :  1.221
+ Clock Uncertainty            :  0.070
- Output Delay                 : -0.140
---------------------------------------
End-of-path required time      : -4.569

Launch Clock Path
       name         model name   delay (ns)  cumulative delay (ns) pins on net    location
============================================================================================
rxc                   input        0.000             0.000                0       (0,160)
rxc                   input        0.070             0.070            11911       (0,160)
rxc                   net          1.149             1.219            11911       (0,160)
   Routing elements:
      Manhattan distance of X:5, Y:31
txd_lo_o[0]~FF|CLK    EFX_FF       0.000             1.219            11911       (5,129)

Data Path
      name        model name   delay (ns)  cumulative delay (ns) pins on net    location
==========================================================================================
txd_lo_o[0]~FF|Q    EFX_FF       0.072             0.072              2         (5,129)
txd_lo_o[0]         net          0.267             0.339              2         (5,129)
   Routing elements:
      Manhattan distance of X:5, Y:17
txd_lo_o[0]         output       0.028             0.367              2         (0,112)
txd_lo_o[0]         output       0.000             0.367              0         (0,112)

Capture Clock Path
         name            model name   delay (ns)  cumulative delay (ns) pins on net    location
=================================================================================================
ge0_tx_clk                 input        0.000             0.000              0         (112,0)
ge0_tx_clk                 input        0.070             0.070              6         (112,0)
ge0_tx_clk                 net          1.123             1.193              6         (112,0)
   Routing elements:
      Manhattan distance of X:112, Y:114
ge0_tx_clk~CLKOUT~1~114    output       0.028             1.221              6         (0,114)
ge0_tx_clk~CLKOUT~1~114    output       0.000             1.221              0         (0,114)

++++ Path 4 ++++++++++++++++++++++++++++++++++++++++++++++++++++++++++++++++++++

Path Begin    : tx_en_o_LO~FF|CLK                   
Path End      : tx_en_o_HI                          
Launch Clock  : rxc (RISE)                          
Capture Clock : ge0_tx_clk (RISE)                   
Slack         : 6.299 (arrival time - required time)
Delay         : 0.439                               

Logic Level             : 0
Non-global nets on path : 1
Global nets on path     : 0

Launch Clock Path Delay        : 1.219
+ Clock To Q + Data Path Delay : 0.511
--------------------------------------
End-of-path arrival time       : 1.730

Constraint                     : -6.000
+ Capture Clock Path Delay     :  1.221
+ Clock Uncertainty            :  0.070
- Output Delay                 : -0.140
---------------------------------------
End-of-path required time      : -4.569

Launch Clock Path
      name         model name   delay (ns)  cumulative delay (ns) pins on net    location
===========================================================================================
rxc                  input        0.000             0.000                0       (0,160)
rxc                  input        0.070             0.070            11911       (0,160)
rxc                  net          1.149             1.219            11911       (0,160)
   Routing elements:
      Manhattan distance of X:4, Y:75
tx_en_o_LO~FF|CLK    EFX_FF       0.000             1.219            11911       (4,85) 

Data Path
     name        model name   delay (ns)  cumulative delay (ns) pins on net    location
=========================================================================================
tx_en_o_LO~FF|Q    EFX_FF       0.072             0.072              3          (4,85)
tx_en_o_LO         net          0.411             0.483              3          (4,85)
   Routing elements:
      Manhattan distance of X:4, Y:68
tx_en_o_HI         output       0.028             0.511              3          (0,17)
tx_en_o_HI         output       0.000             0.511              0          (0,17)

Capture Clock Path
         name           model name   delay (ns)  cumulative delay (ns) pins on net    location
================================================================================================
ge0_tx_clk                input        0.000             0.000              0         (112,0)
ge0_tx_clk                input        0.070             0.070              6         (112,0)
ge0_tx_clk                net          1.123             1.193              6         (112,0)
   Routing elements:
      Manhattan distance of X:112, Y:15
ge0_tx_clk~CLKOUT~1~15    output       0.028             1.221              6         (0,15) 
ge0_tx_clk~CLKOUT~1~15    output       0.000             1.221              0         (0,15) 

++++ Path 5 ++++++++++++++++++++++++++++++++++++++++++++++++++++++++++++++++++++

Path Begin    : tx_en_o_LO~FF|CLK                   
Path End      : tx_en_o_LO                          
Launch Clock  : rxc (RISE)                          
Capture Clock : ge0_tx_clk (RISE)                   
Slack         : 6.301 (arrival time - required time)
Delay         : 0.441                               

Logic Level             : 0
Non-global nets on path : 1
Global nets on path     : 0

Launch Clock Path Delay        : 1.219
+ Clock To Q + Data Path Delay : 0.513
--------------------------------------
End-of-path arrival time       : 1.732

Constraint                     : -6.000
+ Capture Clock Path Delay     :  1.221
+ Clock Uncertainty            :  0.070
- Output Delay                 : -0.140
---------------------------------------
End-of-path required time      : -4.569

Launch Clock Path
      name         model name   delay (ns)  cumulative delay (ns) pins on net    location
===========================================================================================
rxc                  input        0.000             0.000                0       (0,160)
rxc                  input        0.070             0.070            11911       (0,160)
rxc                  net          1.149             1.219            11911       (0,160)
   Routing elements:
      Manhattan distance of X:4, Y:75
tx_en_o_LO~FF|CLK    EFX_FF       0.000             1.219            11911       (4,85) 

Data Path
     name        model name   delay (ns)  cumulative delay (ns) pins on net    location
=========================================================================================
tx_en_o_LO~FF|Q    EFX_FF       0.072             0.072              3          (4,85)
tx_en_o_LO         net          0.413             0.485              3          (4,85)
   Routing elements:
      Manhattan distance of X:4, Y:69
tx_en_o_LO         output       0.028             0.513              3          (0,16)
tx_en_o_LO         output       0.000             0.513              0          (0,16)

Capture Clock Path
         name           model name   delay (ns)  cumulative delay (ns) pins on net    location
================================================================================================
ge0_tx_clk                input        0.000             0.000              0         (112,0)
ge0_tx_clk                input        0.070             0.070              6         (112,0)
ge0_tx_clk                net          1.123             1.193              6         (112,0)
   Routing elements:
      Manhattan distance of X:112, Y:15
ge0_tx_clk~CLKOUT~1~15    output       0.028             1.221              6         (0,15) 
ge0_tx_clk~CLKOUT~1~15    output       0.000             1.221              0         (0,15) 

++++ Path 6 ++++++++++++++++++++++++++++++++++++++++++++++++++++++++++++++++++++

Path Begin    : txd_lo_o[1]~FF|CLK                  
Path End      : txd_lo_o[1]                         
Launch Clock  : rxc (RISE)                          
Capture Clock : ge0_tx_clk (RISE)                   
Slack         : 6.368 (arrival time - required time)
Delay         : 0.508                               

Logic Level             : 0
Non-global nets on path : 1
Global nets on path     : 0

Launch Clock Path Delay        : 1.219
+ Clock To Q + Data Path Delay : 0.580
--------------------------------------
End-of-path arrival time       : 1.799

Constraint                     : -6.000
+ Capture Clock Path Delay     :  1.221
+ Clock Uncertainty            :  0.070
- Output Delay                 : -0.140
---------------------------------------
End-of-path required time      : -4.569

Launch Clock Path
       name         model name   delay (ns)  cumulative delay (ns) pins on net    location
============================================================================================
rxc                   input        0.000             0.000                0       (0,160)
rxc                   input        0.070             0.070            11911       (0,160)
rxc                   net          1.149             1.219            11911       (0,160)
   Routing elements:
      Manhattan distance of X:3, Y:13
txd_lo_o[1]~FF|CLK    EFX_FF       0.000             1.219            11911       (3,173)

Data Path
      name        model name   delay (ns)  cumulative delay (ns) pins on net    location
==========================================================================================
txd_lo_o[1]~FF|Q    EFX_FF       0.072             0.072              2         (3,173)
txd_lo_o[1]         net          0.480             0.552              2         (3,173)
   Routing elements:
      Manhattan distance of X:3, Y:77
txd_lo_o[1]         output       0.028             0.580              2         (0,96) 
txd_lo_o[1]         output       0.000             0.580              0         (0,96) 

Capture Clock Path
         name           model name   delay (ns)  cumulative delay (ns) pins on net    location
================================================================================================
ge0_tx_clk                input        0.000             0.000              0         (112,0)
ge0_tx_clk                input        0.070             0.070              6         (112,0)
ge0_tx_clk                net          1.123             1.193              6         (112,0)
   Routing elements:
      Manhattan distance of X:112, Y:97
ge0_tx_clk~CLKOUT~1~97    output       0.028             1.221              6         (0,97) 
ge0_tx_clk~CLKOUT~1~97    output       0.000             1.221              0         (0,97) 

################################################################################
Path Detail Report (core_clk vs core_clk)
################################################################################


++++ Path 1 ++++++++++++++++++++++++++++++++++++++++++++++++++++++++++++++++++++

Path Begin    : sapphire/u_sapphire_soc/u_EfxSapphireSoc/system_ddr_bmb_slaveModel_arbiterGen_oneToOne_arbiter_cmd_s2mPipe_rData_fragment_data[7]~FF|CLK
Path End      : sapphire/u_sapphire_soc/u_EfxSapphireSoc/system_ddr_ddrLogic_cc_fifo/io_input_cmd_queue/ram__D$b12|WDATA[18]                            
Launch Clock  : core_clk (RISE)                                                                                                                         
Capture Clock : core_clk (RISE)                                                                                                                         
Slack         : 0.026 (arrival time - required time)                                                                                                    
Delay         : 0.135                                                                                                                                   

Logic Level             : 0
Non-global nets on path : 1
Global nets on path     : 0

Launch Clock Path Delay        : 1.189
+ Clock To Q + Data Path Delay : 0.096
--------------------------------------
End-of-path arrival time       : 1.285

Constraint                     : 0.000
+ Capture Clock Path Delay     : 1.189
+ Clock Uncertainty            : 0.070
--------------------------------------
End-of-path required time      : 1.259

Launch Clock Path
                                                                  name                                                                    model name   delay (ns)  cumulative delay (ns) pins on net    location
==================================================================================================================================================================================================================
core_clk                                                                                                                                    input        0.000             0.000                0       (0,162)
core_clk                                                                                                                                    input        0.070             0.070            15353       (0,162)
core_clk                                                                                                                                    net          1.119             1.189            15353       (0,162)
   Routing elements:
      Manhattan distance of X:71, Y:142
sapphire/u_sapphire_soc/u_EfxSapphireSoc/system_ddr_bmb_slaveModel_arbiterGen_oneToOne_arbiter_cmd_s2mPipe_rData_fragment_data[7]~FF|CLK    EFX_FF       0.000             1.189            15353       (71,20)

Data Path
                                                                 name                                                                   model name   delay (ns)  cumulative delay (ns) pins on net    location
================================================================================================================================================================================================================
sapphire/u_sapphire_soc/u_EfxSapphireSoc/system_ddr_bmb_slaveModel_arbiterGen_oneToOne_arbiter_cmd_s2mPipe_rData_fragment_data[7]~FF|Q  EFX_FF          0.072            0.072              2         (71,20)
sapphire/u_sapphire_soc/u_EfxSapphireSoc/system_ddr_bmb_slaveModel_arbiterGen_oneToOne_arbiter_cmd_s2mPipe_rData_fragment_data[7]       net             0.135            0.207              2         (71,20)
   Routing elements:
      Manhattan distance of X:1, Y:18
sapphire/u_sapphire_soc/u_EfxSapphireSoc/system_ddr_ddrLogic_cc_fifo/io_input_cmd_queue/ram__D$b12|WDATA[18]                            EFX_RAM10      -0.111            0.096              2         (72,2) 

Capture Clock Path
                                                 name                                                    model name   delay (ns)  cumulative delay (ns) pins on net    location
=================================================================================================================================================================================
core_clk                                                                                                 input          0.000             0.000                0       (0,162)
core_clk                                                                                                 input          0.070             0.070            15353       (0,162)
core_clk                                                                                                 net            1.119             1.189            15353       (0,162)
   Routing elements:
      Manhattan distance of X:72, Y:160
sapphire/u_sapphire_soc/u_EfxSapphireSoc/system_ddr_ddrLogic_cc_fifo/io_input_cmd_queue/ram__D$b12|WCLK  EFX_RAM10      0.000             1.189            15353       (72,2) 

++++ Path 2 ++++++++++++++++++++++++++++++++++++++++++++++++++++++++++++++++++++

Path Begin    : sapphire/u_asset_network/ports[19]~FF|CLK                                                        
Path End      : sapphire/u_asset_network/u_request/u_vendor_fifo/u_efx_fifo_top/xefx_fifo_ram/ram__D$p12|WDATA[9]
Launch Clock  : core_clk (RISE)                                                                                  
Capture Clock : core_clk (RISE)                                                                                  
Slack         : 0.026 (arrival time - required time)                                                             
Delay         : 0.135                                                                                            

Logic Level             : 0
Non-global nets on path : 1
Global nets on path     : 0

Launch Clock Path Delay        : 1.189
+ Clock To Q + Data Path Delay : 0.096
--------------------------------------
End-of-path arrival time       : 1.285

Constraint                     : 0.000
+ Capture Clock Path Delay     : 1.189
+ Clock Uncertainty            : 0.070
--------------------------------------
End-of-path required time      : 1.259

Launch Clock Path
                  name                     model name   delay (ns)  cumulative delay (ns) pins on net    location
===================================================================================================================
core_clk                                     input        0.000             0.000                0       (0,162) 
core_clk                                     input        0.070             0.070            15353       (0,162) 
core_clk                                     net          1.119             1.189            15353       (0,162) 
   Routing elements:
      Manhattan distance of X:32, Y:11
sapphire/u_asset_network/ports[19]~FF|CLK    EFX_FF       0.000             1.189            15353       (32,151)

Data Path
                                              name                                                 model name   delay (ns)  cumulative delay (ns) pins on net    location
===========================================================================================================================================================================
sapphire/u_asset_network/ports[19]~FF|Q                                                            EFX_FF          0.072            0.072              3         (32,151)
sapphire/u_asset_network/ports[19]                                                                 net             0.135            0.207              3         (32,151)
   Routing elements:
      Manhattan distance of X:1, Y:9
sapphire/u_asset_network/u_request/u_vendor_fifo/u_efx_fifo_top/xefx_fifo_ram/ram__D$p12|WDATA[9]  EFX_RAM10      -0.111            0.096              3         (33,142)

Capture Clock Path
                                            name                                               model name   delay (ns)  cumulative delay (ns) pins on net    location
=======================================================================================================================================================================
core_clk                                                                                       input          0.000             0.000                0       (0,162) 
core_clk                                                                                       input          0.070             0.070            15353       (0,162) 
core_clk                                                                                       net            1.119             1.189            15353       (0,162) 
   Routing elements:
      Manhattan distance of X:33, Y:20
sapphire/u_asset_network/u_request/u_vendor_fifo/u_efx_fifo_top/xefx_fifo_ram/ram__D$p12|WCLK  EFX_RAM10      0.000             1.189            15353       (33,142)

++++ Path 3 ++++++++++++++++++++++++++++++++++++++++++++++++++++++++++++++++++++

Path Begin    : sapphire/u_sapphire_soc/u_EfxSapphireSoc/_zz_io_output_rsp_payload_fragment_data[33]~FF|CLK                
Path End      : sapphire/u_sapphire_soc/u_EfxSapphireSoc/system_ddr_ddrLogic_cc_fifo/io_output_rsp_queue/ram__D$12|WDATA[6]
Launch Clock  : core_clk (RISE)                                                                                            
Capture Clock : core_clk (RISE)                                                                                            
Slack         : 0.026 (arrival time - required time)                                                                       
Delay         : 0.135                                                                                                      

Logic Level             : 0
Non-global nets on path : 1
Global nets on path     : 0

Launch Clock Path Delay        : 1.189
+ Clock To Q + Data Path Delay : 0.096
--------------------------------------
End-of-path arrival time       : 1.285

Constraint                     : 0.000
+ Capture Clock Path Delay     : 1.189
+ Clock Uncertainty            : 0.070
--------------------------------------
End-of-path required time      : 1.259

Launch Clock Path
                                           name                                              model name   delay (ns)  cumulative delay (ns) pins on net    location
=====================================================================================================================================================================
core_clk                                                                                       input        0.000             0.000                0       (0,162) 
core_clk                                                                                       input        0.070             0.070            15353       (0,162) 
core_clk                                                                                       net          1.119             1.189            15353       (0,162) 
   Routing elements:
      Manhattan distance of X:170, Y:94
sapphire/u_sapphire_soc/u_EfxSapphireSoc/_zz_io_output_rsp_payload_fragment_data[33]~FF|CLK    EFX_FF       0.000             1.189            15353       (170,68)

Data Path
                                                   name                                                      model name   delay (ns)  cumulative delay (ns) pins on net    location
=====================================================================================================================================================================================
sapphire/u_sapphire_soc/u_EfxSapphireSoc/_zz_io_output_rsp_payload_fragment_data[33]~FF|Q                    EFX_FF          0.072            0.072              2         (170,68)
sapphire/u_sapphire_soc/u_EfxSapphireSoc/_zz_io_output_rsp_payload_fragment_data[33]                         net             0.135            0.207              2         (170,68)
   Routing elements:
      Manhattan distance of X:1, Y:6
sapphire/u_sapphire_soc/u_EfxSapphireSoc/system_ddr_ddrLogic_cc_fifo/io_output_rsp_queue/ram__D$12|WDATA[6]  EFX_RAM10      -0.111            0.096              2         (171,62)

Capture Clock Path
                                                 name                                                    model name   delay (ns)  cumulative delay (ns) pins on net    location
=================================================================================================================================================================================
core_clk                                                                                                 input          0.000             0.000                0       (0,162) 
core_clk                                                                                                 input          0.070             0.070            15353       (0,162) 
core_clk                                                                                                 net            1.119             1.189            15353       (0,162) 
   Routing elements:
      Manhattan distance of X:171, Y:100
sapphire/u_sapphire_soc/u_EfxSapphireSoc/system_ddr_ddrLogic_cc_fifo/io_output_rsp_queue/ram__D$12|WCLK  EFX_RAM10      0.000             1.189            15353       (171,62)

++++ Path 4 ++++++++++++++++++++++++++++++++++++++++++++++++++++++++++++++++++++

Path Begin    : sapphire/u_sapphire_soc/u_EfxSapphireSoc/system_ddr_ddrLogic_userAdapters_0_pipelineAxi4_b_rData_id[3]~FF|CLK    
Path End      : sapphire/u_sapphire_soc/u_EfxSapphireSoc/system_ddr_ddrLogic_userAdapters_0_bridge/io_output_b_queue/ram|WDATA[3]
Launch Clock  : core_clk (RISE)                                                                                                  
Capture Clock : core_clk (RISE)                                                                                                  
Slack         : 0.026 (arrival time - required time)                                                                             
Delay         : 0.135                                                                                                            

Logic Level             : 0
Non-global nets on path : 1
Global nets on path     : 0

Launch Clock Path Delay        : 1.189
+ Clock To Q + Data Path Delay : 0.096
--------------------------------------
End-of-path arrival time       : 1.285

Constraint                     : 0.000
+ Capture Clock Path Delay     : 1.189
+ Clock Uncertainty            : 0.070
--------------------------------------
End-of-path required time      : 1.259

Launch Clock Path
                                                    name                                                       model name   delay (ns)  cumulative delay (ns) pins on net    location
=======================================================================================================================================================================================
core_clk                                                                                                         input        0.000             0.000                0       (0,162) 
core_clk                                                                                                         input        0.070             0.070            15353       (0,162) 
core_clk                                                                                                         net          1.119             1.189            15353       (0,162) 
   Routing elements:
      Manhattan distance of X:185, Y:97
sapphire/u_sapphire_soc/u_EfxSapphireSoc/system_ddr_ddrLogic_userAdapters_0_pipelineAxi4_b_rData_id[3]~FF|CLK    EFX_FF       0.000             1.189            15353       (185,65)

Data Path
                                                      name                                                         model name   delay (ns)  cumulative delay (ns) pins on net    location
===========================================================================================================================================================================================
sapphire/u_sapphire_soc/u_EfxSapphireSoc/system_ddr_ddrLogic_userAdapters_0_pipelineAxi4_b_rData_id[3]~FF|Q        EFX_FF          0.072            0.072              2         (185,65)
sapphire/u_sapphire_soc/u_EfxSapphireSoc/system_ddr_ddrLogic_userAdapters_0_pipelineAxi4_b_rData_id[3]             net             0.135            0.207              2         (185,65)
   Routing elements:
      Manhattan distance of X:1, Y:3
sapphire/u_sapphire_soc/u_EfxSapphireSoc/system_ddr_ddrLogic_userAdapters_0_bridge/io_output_b_queue/ram|WDATA[3]  EFX_RAM10      -0.111            0.096              2         (186,62)

Capture Clock Path
                                                    name                                                       model name   delay (ns)  cumulative delay (ns) pins on net    location
=======================================================================================================================================================================================
core_clk                                                                                                       input          0.000             0.000                0       (0,162) 
core_clk                                                                                                       input          0.070             0.070            15353       (0,162) 
core_clk                                                                                                       net            1.119             1.189            15353       (0,162) 
   Routing elements:
      Manhattan distance of X:186, Y:100
sapphire/u_sapphire_soc/u_EfxSapphireSoc/system_ddr_ddrLogic_userAdapters_0_bridge/io_output_b_queue/ram|WCLK  EFX_RAM10      0.000             1.189            15353       (186,62)

++++ Path 5 ++++++++++++++++++++++++++++++++++++++++++++++++++++++++++++++++++++

Path Begin    : sapphire/u_sapphire_soc/u_EfxSapphireSoc/_zz_io_output_rsp_payload_fragment_data[59]~FF|CLK                  
Path End      : sapphire/u_sapphire_soc/u_EfxSapphireSoc/system_ddr_ddrLogic_cc_fifo/io_output_rsp_queue/ram__D$c12|WDATA[12]
Launch Clock  : core_clk (RISE)                                                                                              
Capture Clock : core_clk (RISE)                                                                                              
Slack         : 0.026 (arrival time - required time)                                                                         
Delay         : 0.135                                                                                                        

Logic Level             : 0
Non-global nets on path : 1
Global nets on path     : 0

Launch Clock Path Delay        : 1.189
+ Clock To Q + Data Path Delay : 0.096
--------------------------------------
End-of-path arrival time       : 1.285

Constraint                     : 0.000
+ Capture Clock Path Delay     : 1.189
+ Clock Uncertainty            : 0.070
--------------------------------------
End-of-path required time      : 1.259

Launch Clock Path
                                           name                                              model name   delay (ns)  cumulative delay (ns) pins on net    location
=====================================================================================================================================================================
core_clk                                                                                       input        0.000             0.000                0       (0,162) 
core_clk                                                                                       input        0.070             0.070            15353       (0,162) 
core_clk                                                                                       net          1.119             1.189            15353       (0,162) 
   Routing elements:
      Manhattan distance of X:146, Y:108
sapphire/u_sapphire_soc/u_EfxSapphireSoc/_zz_io_output_rsp_payload_fragment_data[59]~FF|CLK    EFX_FF       0.000             1.189            15353       (146,54)

Data Path
                                                    name                                                       model name   delay (ns)  cumulative delay (ns) pins on net    location
=======================================================================================================================================================================================
sapphire/u_sapphire_soc/u_EfxSapphireSoc/_zz_io_output_rsp_payload_fragment_data[59]~FF|Q                      EFX_FF          0.072            0.072              2         (146,54)
sapphire/u_sapphire_soc/u_EfxSapphireSoc/_zz_io_output_rsp_payload_fragment_data[59]                           net             0.135            0.207              2         (146,54)
   Routing elements:
      Manhattan distance of X:1, Y:12
sapphire/u_sapphire_soc/u_EfxSapphireSoc/system_ddr_ddrLogic_cc_fifo/io_output_rsp_queue/ram__D$c12|WDATA[12]  EFX_RAM10      -0.111            0.096              2         (147,42)

Capture Clock Path
                                                  name                                                    model name   delay (ns)  cumulative delay (ns) pins on net    location
==================================================================================================================================================================================
core_clk                                                                                                  input          0.000             0.000                0       (0,162) 
core_clk                                                                                                  input          0.070             0.070            15353       (0,162) 
core_clk                                                                                                  net            1.119             1.189            15353       (0,162) 
   Routing elements:
      Manhattan distance of X:147, Y:120
sapphire/u_sapphire_soc/u_EfxSapphireSoc/system_ddr_ddrLogic_cc_fifo/io_output_rsp_queue/ram__D$c12|WCLK  EFX_RAM10      0.000             1.189            15353       (147,42)

++++ Path 6 ++++++++++++++++++++++++++++++++++++++++++++++++++++++++++++++++++++

Path Begin    : sapphire/u_sapphire_soc/u_EfxSapphireSoc/_zz_io_output_rsp_payload_fragment_data[27]~FF|CLK                
Path End      : sapphire/u_sapphire_soc/u_EfxSapphireSoc/system_ddr_ddrLogic_cc_fifo/io_output_rsp_queue/ram__D$12|WDATA[0]
Launch Clock  : core_clk (RISE)                                                                                            
Capture Clock : core_clk (RISE)                                                                                            
Slack         : 0.026 (arrival time - required time)                                                                       
Delay         : 0.135                                                                                                      

Logic Level             : 0
Non-global nets on path : 1
Global nets on path     : 0

Launch Clock Path Delay        : 1.189
+ Clock To Q + Data Path Delay : 0.096
--------------------------------------
End-of-path arrival time       : 1.285

Constraint                     : 0.000
+ Capture Clock Path Delay     : 1.189
+ Clock Uncertainty            : 0.070
--------------------------------------
End-of-path required time      : 1.259

Launch Clock Path
                                           name                                              model name   delay (ns)  cumulative delay (ns) pins on net    location
=====================================================================================================================================================================
core_clk                                                                                       input        0.000             0.000                0       (0,162) 
core_clk                                                                                       input        0.070             0.070            15353       (0,162) 
core_clk                                                                                       net          1.119             1.189            15353       (0,162) 
   Routing elements:
      Manhattan distance of X:170, Y:100
sapphire/u_sapphire_soc/u_EfxSapphireSoc/_zz_io_output_rsp_payload_fragment_data[27]~FF|CLK    EFX_FF       0.000             1.189            15353       (170,62)

Data Path
                                                   name                                                      model name   delay (ns)  cumulative delay (ns) pins on net    location
=====================================================================================================================================================================================
sapphire/u_sapphire_soc/u_EfxSapphireSoc/_zz_io_output_rsp_payload_fragment_data[27]~FF|Q                    EFX_FF          0.072            0.072              2         (170,62)
sapphire/u_sapphire_soc/u_EfxSapphireSoc/_zz_io_output_rsp_payload_fragment_data[27]                         net             0.135            0.207              2         (170,62)
   Routing elements:
      Manhattan distance of X:1, Y:0
sapphire/u_sapphire_soc/u_EfxSapphireSoc/system_ddr_ddrLogic_cc_fifo/io_output_rsp_queue/ram__D$12|WDATA[0]  EFX_RAM10      -0.111            0.096              2         (171,62)

Capture Clock Path
                                                 name                                                    model name   delay (ns)  cumulative delay (ns) pins on net    location
=================================================================================================================================================================================
core_clk                                                                                                 input          0.000             0.000                0       (0,162) 
core_clk                                                                                                 input          0.070             0.070            15353       (0,162) 
core_clk                                                                                                 net            1.119             1.189            15353       (0,162) 
   Routing elements:
      Manhattan distance of X:171, Y:100
sapphire/u_sapphire_soc/u_EfxSapphireSoc/system_ddr_ddrLogic_cc_fifo/io_output_rsp_queue/ram__D$12|WCLK  EFX_RAM10      0.000             1.189            15353       (171,62)

++++ Path 7 ++++++++++++++++++++++++++++++++++++++++++++++++++++++++++++++++++++

Path Begin    : sapphire/u_sapphire_soc/u_EfxSapphireSoc/_zz_io_output_rsp_payload_fragment_data[63]~FF|CLK                  
Path End      : sapphire/u_sapphire_soc/u_EfxSapphireSoc/system_ddr_ddrLogic_cc_fifo/io_output_rsp_queue/ram__D$c12|WDATA[16]
Launch Clock  : core_clk (RISE)                                                                                              
Capture Clock : core_clk (RISE)                                                                                              
Slack         : 0.026 (arrival time - required time)                                                                         
Delay         : 0.135                                                                                                        

Logic Level             : 0
Non-global nets on path : 1
Global nets on path     : 0

Launch Clock Path Delay        : 1.189
+ Clock To Q + Data Path Delay : 0.096
--------------------------------------
End-of-path arrival time       : 1.285

Constraint                     : 0.000
+ Capture Clock Path Delay     : 1.189
+ Clock Uncertainty            : 0.070
--------------------------------------
End-of-path required time      : 1.259

Launch Clock Path
                                           name                                              model name   delay (ns)  cumulative delay (ns) pins on net    location
=====================================================================================================================================================================
core_clk                                                                                       input        0.000             0.000                0       (0,162) 
core_clk                                                                                       input        0.070             0.070            15353       (0,162) 
core_clk                                                                                       net          1.119             1.189            15353       (0,162) 
   Routing elements:
      Manhattan distance of X:146, Y:104
sapphire/u_sapphire_soc/u_EfxSapphireSoc/_zz_io_output_rsp_payload_fragment_data[63]~FF|CLK    EFX_FF       0.000             1.189            15353       (146,58)

Data Path
                                                    name                                                       model name   delay (ns)  cumulative delay (ns) pins on net    location
=======================================================================================================================================================================================
sapphire/u_sapphire_soc/u_EfxSapphireSoc/_zz_io_output_rsp_payload_fragment_data[63]~FF|Q                      EFX_FF          0.072            0.072              2         (146,58)
sapphire/u_sapphire_soc/u_EfxSapphireSoc/_zz_io_output_rsp_payload_fragment_data[63]                           net             0.135            0.207              2         (146,58)
   Routing elements:
      Manhattan distance of X:1, Y:16
sapphire/u_sapphire_soc/u_EfxSapphireSoc/system_ddr_ddrLogic_cc_fifo/io_output_rsp_queue/ram__D$c12|WDATA[16]  EFX_RAM10      -0.111            0.096              2         (147,42)

Capture Clock Path
                                                  name                                                    model name   delay (ns)  cumulative delay (ns) pins on net    location
==================================================================================================================================================================================
core_clk                                                                                                  input          0.000             0.000                0       (0,162) 
core_clk                                                                                                  input          0.070             0.070            15353       (0,162) 
core_clk                                                                                                  net            1.119             1.189            15353       (0,162) 
   Routing elements:
      Manhattan distance of X:147, Y:120
sapphire/u_sapphire_soc/u_EfxSapphireSoc/system_ddr_ddrLogic_cc_fifo/io_output_rsp_queue/ram__D$c12|WCLK  EFX_RAM10      0.000             1.189            15353       (147,42)

++++ Path 8 ++++++++++++++++++++++++++++++++++++++++++++++++++++++++++++++++++++

Path Begin    : sapphire/u_sapphire_soc/u_EfxSapphireSoc/_zz_io_output_rsp_payload_fragment_data[22]~FF|CLK                 
Path End      : sapphire/u_sapphire_soc/u_EfxSapphireSoc/system_ddr_ddrLogic_cc_fifo/io_output_rsp_queue/ram__D$12|WDATA[15]
Launch Clock  : core_clk (RISE)                                                                                             
Capture Clock : core_clk (RISE)                                                                                             
Slack         : 0.026 (arrival time - required time)                                                                        
Delay         : 0.135                                                                                                       

Logic Level             : 0
Non-global nets on path : 1
Global nets on path     : 0

Launch Clock Path Delay        : 1.189
+ Clock To Q + Data Path Delay : 0.096
--------------------------------------
End-of-path arrival time       : 1.285

Constraint                     : 0.000
+ Capture Clock Path Delay     : 1.189
+ Clock Uncertainty            : 0.070
--------------------------------------
End-of-path required time      : 1.259

Launch Clock Path
                                           name                                              model name   delay (ns)  cumulative delay (ns) pins on net    location
=====================================================================================================================================================================
core_clk                                                                                       input        0.000             0.000                0       (0,162) 
core_clk                                                                                       input        0.070             0.070            15353       (0,162) 
core_clk                                                                                       net          1.119             1.189            15353       (0,162) 
   Routing elements:
      Manhattan distance of X:170, Y:85
sapphire/u_sapphire_soc/u_EfxSapphireSoc/_zz_io_output_rsp_payload_fragment_data[22]~FF|CLK    EFX_FF       0.000             1.189            15353       (170,77)

Data Path
                                                    name                                                      model name   delay (ns)  cumulative delay (ns) pins on net    location
======================================================================================================================================================================================
sapphire/u_sapphire_soc/u_EfxSapphireSoc/_zz_io_output_rsp_payload_fragment_data[22]~FF|Q                     EFX_FF          0.072            0.072              2         (170,77)
sapphire/u_sapphire_soc/u_EfxSapphireSoc/_zz_io_output_rsp_payload_fragment_data[22]                          net             0.135            0.207              2         (170,77)
   Routing elements:
      Manhattan distance of X:1, Y:15
sapphire/u_sapphire_soc/u_EfxSapphireSoc/system_ddr_ddrLogic_cc_fifo/io_output_rsp_queue/ram__D$12|WDATA[15]  EFX_RAM10      -0.111            0.096              2         (171,62)

Capture Clock Path
                                                 name                                                    model name   delay (ns)  cumulative delay (ns) pins on net    location
=================================================================================================================================================================================
core_clk                                                                                                 input          0.000             0.000                0       (0,162) 
core_clk                                                                                                 input          0.070             0.070            15353       (0,162) 
core_clk                                                                                                 net            1.119             1.189            15353       (0,162) 
   Routing elements:
      Manhattan distance of X:171, Y:100
sapphire/u_sapphire_soc/u_EfxSapphireSoc/system_ddr_ddrLogic_cc_fifo/io_output_rsp_queue/ram__D$12|WCLK  EFX_RAM10      0.000             1.189            15353       (171,62)

++++ Path 9 ++++++++++++++++++++++++++++++++++++++++++++++++++++++++++++++++++++

Path Begin    : sapphire/u_efinix_2d_gpu/_regs_io_command_bits_dstStride[19]~FF|CLK       
Path End      : sapphire/u_efinix_2d_gpu/render/queue/queue/ram_ext/Memory__D$c12|WDATA[5]
Launch Clock  : core_clk (RISE)                                                           
Capture Clock : core_clk (RISE)                                                           
Slack         : 0.027 (arrival time - required time)                                      
Delay         : 0.136                                                                     

Logic Level             : 0
Non-global nets on path : 1
Global nets on path     : 0

Launch Clock Path Delay        : 1.189
+ Clock To Q + Data Path Delay : 0.097
--------------------------------------
End-of-path arrival time       : 1.286

Constraint                     : 0.000
+ Capture Clock Path Delay     : 1.189
+ Clock Uncertainty            : 0.070
--------------------------------------
End-of-path required time      : 1.259

Launch Clock Path
                               name                                  model name   delay (ns)  cumulative delay (ns) pins on net    location
=============================================================================================================================================
core_clk                                                               input        0.000             0.000                0      (0,162)  
core_clk                                                               input        0.070             0.070            15353      (0,162)  
core_clk                                                               net          1.119             1.189            15353      (0,162)  
   Routing elements:
      Manhattan distance of X:100, Y:15
sapphire/u_efinix_2d_gpu/_regs_io_command_bits_dstStride[19]~FF|CLK    EFX_FF       0.000             1.189            15353      (100,147)

Data Path
                                   name                                     model name   delay (ns)  cumulative delay (ns) pins on net    location
====================================================================================================================================================
sapphire/u_efinix_2d_gpu/_regs_io_command_bits_dstStride[19]~FF|Q           EFX_FF          0.072            0.072              4        (100,147)
sapphire/u_efinix_2d_gpu/_regs_io_command_bits_dstStride[19]                net             0.136            0.208              4        (100,147)
   Routing elements:
      Manhattan distance of X:2, Y:5
sapphire/u_efinix_2d_gpu/render/queue/queue/ram_ext/Memory__D$c12|WDATA[5]  EFX_RAM10      -0.111            0.097              4        (102,142)

Capture Clock Path
                                 name                                   model name   delay (ns)  cumulative delay (ns) pins on net    location
================================================================================================================================================
core_clk                                                                input          0.000             0.000                0      (0,162)  
core_clk                                                                input          0.070             0.070            15353      (0,162)  
core_clk                                                                net            1.119             1.189            15353      (0,162)  
   Routing elements:
      Manhattan distance of X:102, Y:20
sapphire/u_efinix_2d_gpu/render/queue/queue/ram_ext/Memory__D$c12|WCLK  EFX_RAM10      0.000             1.189            15353      (102,142)

++++ Path 10 +++++++++++++++++++++++++++++++++++++++++++++++++++++++++++++++++++

Path Begin    : sapphire/u_asset_network/header[56]~FF|CLK                                                       
Path End      : sapphire/u_asset_network/u_request/u_vendor_fifo/u_efx_fifo_top/xefx_fifo_ram/ram__D$b12|WDATA[6]
Launch Clock  : core_clk (RISE)                                                                                  
Capture Clock : core_clk (RISE)                                                                                  
Slack         : 0.028 (arrival time - required time)                                                             
Delay         : 0.137                                                                                            

Logic Level             : 0
Non-global nets on path : 1
Global nets on path     : 0

Launch Clock Path Delay        : 1.189
+ Clock To Q + Data Path Delay : 0.098
--------------------------------------
End-of-path arrival time       : 1.287

Constraint                     : 0.000
+ Capture Clock Path Delay     : 1.189
+ Clock Uncertainty            : 0.070
--------------------------------------
End-of-path required time      : 1.259

Launch Clock Path
                   name                     model name   delay (ns)  cumulative delay (ns) pins on net    location
====================================================================================================================
core_clk                                      input        0.000             0.000                0       (0,162) 
core_clk                                      input        0.070             0.070            15353       (0,162) 
core_clk                                      net          1.119             1.189            15353       (0,162) 
   Routing elements:
      Manhattan distance of X:62, Y:26
sapphire/u_asset_network/header[56]~FF|CLK    EFX_FF       0.000             1.189            15353       (62,188)

Data Path
                                              name                                                 model name   delay (ns)  cumulative delay (ns) pins on net    location
===========================================================================================================================================================================
sapphire/u_asset_network/header[56]~FF|Q                                                           EFX_FF          0.072            0.072              3         (62,188)
sapphire/u_asset_network/header[56]                                                                net             0.137            0.209              3         (62,188)
   Routing elements:
      Manhattan distance of X:1, Y:6
sapphire/u_asset_network/u_request/u_vendor_fifo/u_efx_fifo_top/xefx_fifo_ram/ram__D$b12|WDATA[6]  EFX_RAM10      -0.111            0.098              3         (63,182)

Capture Clock Path
                                            name                                               model name   delay (ns)  cumulative delay (ns) pins on net    location
=======================================================================================================================================================================
core_clk                                                                                       input          0.000             0.000                0       (0,162) 
core_clk                                                                                       input          0.070             0.070            15353       (0,162) 
core_clk                                                                                       net            1.119             1.189            15353       (0,162) 
   Routing elements:
      Manhattan distance of X:63, Y:20
sapphire/u_asset_network/u_request/u_vendor_fifo/u_efx_fifo_top/xefx_fifo_ram/ram__D$b12|WCLK  EFX_RAM10      0.000             1.189            15353       (63,182)

################################################################################
Path Detail Report (sdram_clk vs sdram_clk)
################################################################################


++++ Path 1 ++++++++++++++++++++++++++++++++++++++++++++++++++++++++++++++++++++

Path Begin    : ddr_addr[11]~FF|CLK                 
Path End      : ddr_addr[11]                        
Launch Clock  : sdram_clk (RISE)                    
Capture Clock : sdram_clk (RISE)                    
Slack         : 0.064 (arrival time - required time)
Delay         : 0.230                               

Logic Level             : 0
Non-global nets on path : 1
Global nets on path     : 0

Launch Clock Path Delay        : 1.207
+ Clock To Q + Data Path Delay : 0.302
--------------------------------------
End-of-path arrival time       : 1.509

Constraint                     :  0.000
+ Capture Clock Path Delay     :  1.235
+ Clock Uncertainty            :  0.070
- Output Delay                 : -0.140
---------------------------------------
End-of-path required time      :  1.445

Launch Clock Path
       name          model name   delay (ns)  cumulative delay (ns) pins on net    location
=============================================================================================
sdram_clk              input        0.000             0.000               0       (219,159)
sdram_clk              input        0.070             0.070             187       (219,159)
sdram_clk              net          1.137             1.207             187       (219,159)
   Routing elements:
      Manhattan distance of X:16, Y:98
ddr_addr[11]~FF|CLK    EFX_FF       0.000             1.207             187       (203,61) 

Data Path
      name         model name   delay (ns)  cumulative delay (ns) pins on net    location
===========================================================================================
ddr_addr[11]~FF|Q    EFX_FF       0.072             0.072              2         (203,61)
ddr_addr[11]         net          0.202             0.274              2         (203,61)
   Routing elements:
      Manhattan distance of X:16, Y:0
ddr_addr[11]         output       0.028             0.302              2         (219,61)
ddr_addr[11]         output       0.000             0.302              0         (219,61)

Capture Clock Path
         name            model name   delay (ns)  cumulative delay (ns) pins on net    location
=================================================================================================
sdram_clk                  input        0.000             0.000               0       (219,159)
sdram_clk                  input        0.070             0.070             187       (219,159)
sdram_clk                  net          1.137             1.207             187       (219,159)
   Routing elements:
      Manhattan distance of X:0, Y:99
sdram_clk~CLKOUT~218~60    output       0.028             1.235             187       (219,60) 
sdram_clk~CLKOUT~218~60    output       0.000             1.235               0       (219,60) 

++++ Path 2 ++++++++++++++++++++++++++++++++++++++++++++++++++++++++++++++++++++

Path Begin    : ddr_ras_n~FF|CLK                    
Path End      : ddr_ras_n                           
Launch Clock  : sdram_clk (RISE)                    
Capture Clock : sdram_clk (RISE)                    
Slack         : 0.086 (arrival time - required time)
Delay         : 0.252                               

Logic Level             : 0
Non-global nets on path : 1
Global nets on path     : 0

Launch Clock Path Delay        : 1.207
+ Clock To Q + Data Path Delay : 0.324
--------------------------------------
End-of-path arrival time       : 1.531

Constraint                     :  0.000
+ Capture Clock Path Delay     :  1.235
+ Clock Uncertainty            :  0.070
- Output Delay                 : -0.140
---------------------------------------
End-of-path required time      :  1.445

Launch Clock Path
      name        model name   delay (ns)  cumulative delay (ns) pins on net    location
==========================================================================================
sdram_clk           input        0.000             0.000               0       (219,159)
sdram_clk           input        0.070             0.070             187       (219,159)
sdram_clk           net          1.137             1.207             187       (219,159)
   Routing elements:
      Manhattan distance of X:29, Y:112
ddr_ras_n~FF|CLK    EFX_FF       0.000             1.207             187       (190,47) 

Data Path
     name       model name   delay (ns)  cumulative delay (ns) pins on net    location
========================================================================================
ddr_ras_n~FF|Q    EFX_FF       0.072             0.072              2         (190,47)
ddr_ras_n         net          0.224             0.296              2         (190,47)
   Routing elements:
      Manhattan distance of X:29, Y:0
ddr_ras_n         output       0.028             0.324              2         (219,47)
ddr_ras_n         output       0.000             0.324              0         (219,47)

Capture Clock Path
         name            model name   delay (ns)  cumulative delay (ns) pins on net    location
=================================================================================================
sdram_clk                  input        0.000             0.000               0       (219,159)
sdram_clk                  input        0.070             0.070             187       (219,159)
sdram_clk                  net          1.137             1.207             187       (219,159)
   Routing elements:
      Manhattan distance of X:0, Y:111
sdram_clk~CLKOUT~218~48    output       0.028             1.235             187       (219,48) 
sdram_clk~CLKOUT~218~48    output       0.000             1.235               0       (219,48) 

++++ Path 3 ++++++++++++++++++++++++++++++++++++++++++++++++++++++++++++++++++++

Path Begin    : sapphire/u_ddr3_top/u_phy_top/u_ddr_phy_if/rd_data_addr[23]~FF|CLK
Path End      : sapphire/u_ddr3_top/u_phy_top/u_ddr_phy_if/rd_data_addr[9]~FF|D   
Launch Clock  : sdram_clk (RISE)                                                  
Capture Clock : sdram_clk (RISE)                                                  
Slack         : 0.094 (arrival time - required time)                              
Delay         : 0.092                                                             

Logic Level             : 1
Non-global nets on path : 2
Global nets on path     : 0

Launch Clock Path Delay        : 1.207
+ Clock To Q + Data Path Delay : 0.164
--------------------------------------
End-of-path arrival time       : 1.371

Constraint                     : 0.000
+ Capture Clock Path Delay     : 1.207
+ Clock Uncertainty            : 0.070
--------------------------------------
End-of-path required time      : 1.277

Launch Clock Path
                               name                                 model name   delay (ns)  cumulative delay (ns) pins on net    location
============================================================================================================================================
sdram_clk                                                             input        0.000             0.000               0       (219,159)
sdram_clk                                                             input        0.070             0.070             187       (219,159)
sdram_clk                                                             net          1.137             1.207             187       (219,159)
   Routing elements:
      Manhattan distance of X:20, Y:89
sapphire/u_ddr3_top/u_phy_top/u_ddr_phy_if/rd_data_addr[23]~FF|CLK    EFX_FF       0.000             1.207             187       (199,70) 

Data Path
                              name                                model name   delay (ns)  cumulative delay (ns) pins on net    location
==========================================================================================================================================
sapphire/u_ddr3_top/u_phy_top/u_ddr_phy_if/rd_data_addr[23]~FF|Q   EFX_FF        0.072             0.072              2         (199,70)
sapphire/u_ddr3_top/u_phy_top/u_ddr_phy_if/rd_data_addr[23]        net           0.058             0.130              2         (199,70)
   Routing elements:
      Manhattan distance of X:1, Y:0
LUT__124719|in[1]                                                  EFX_LUT4      0.034             0.164              2         (200,70)
LUT__124719|out                                                    EFX_LUT4      0.000             0.164              2         (200,70)
sapphire/u_ddr3_top/u_phy_top/u_ddr_phy_if/n432                    net           0.000             0.164              2         (200,70)
sapphire/u_ddr3_top/u_phy_top/u_ddr_phy_if/rd_data_addr[9]~FF|D    EFX_FF        0.000             0.164              2         (200,70)

Capture Clock Path
                              name                                 model name   delay (ns)  cumulative delay (ns) pins on net    location
===========================================================================================================================================
sdram_clk                                                            input        0.000             0.000               0       (219,159)
sdram_clk                                                            input        0.070             0.070             187       (219,159)
sdram_clk                                                            net          1.137             1.207             187       (219,159)
   Routing elements:
      Manhattan distance of X:19, Y:89
sapphire/u_ddr3_top/u_phy_top/u_ddr_phy_if/rd_data_addr[9]~FF|CLK    EFX_FF       0.000             1.207             187       (200,70) 

++++ Path 4 ++++++++++++++++++++++++++++++++++++++++++++++++++++++++++++++++++++

Path Begin    : sapphire/u_ddr3_top/u_phy_top/u_ddr_phy_if/mux_odt_delay[5]~FF|CLK
Path End      : sapphire/u_ddr3_top/u_phy_top/u_ddr_phy_if/mux_odt_delay[6]~FF|D  
Launch Clock  : sdram_clk (RISE)                                                  
Capture Clock : sdram_clk (RISE)                                                  
Slack         : 0.094 (arrival time - required time)                              
Delay         : 0.092                                                             

Logic Level             : 0
Non-global nets on path : 1
Global nets on path     : 0

Launch Clock Path Delay        : 1.207
+ Clock To Q + Data Path Delay : 0.164
--------------------------------------
End-of-path arrival time       : 1.371

Constraint                     : 0.000
+ Capture Clock Path Delay     : 1.207
+ Clock Uncertainty            : 0.070
--------------------------------------
End-of-path required time      : 1.277

Launch Clock Path
                               name                                 model name   delay (ns)  cumulative delay (ns) pins on net    location
============================================================================================================================================
sdram_clk                                                             input        0.000             0.000               0       (219,159)
sdram_clk                                                             input        0.070             0.070             187       (219,159)
sdram_clk                                                             net          1.137             1.207             187       (219,159)
   Routing elements:
      Manhattan distance of X:20, Y:113
sapphire/u_ddr3_top/u_phy_top/u_ddr_phy_if/mux_odt_delay[5]~FF|CLK    EFX_FF       0.000             1.207             187       (199,46) 

Data Path
                              name                                model name   delay (ns)  cumulative delay (ns) pins on net    location
==========================================================================================================================================
sapphire/u_ddr3_top/u_phy_top/u_ddr_phy_if/mux_odt_delay[5]~FF|Q    EFX_FF       0.072             0.072              4         (199,46)
sapphire/u_ddr3_top/u_phy_top/u_ddr_phy_if/mux_odt_delay[5]         net          0.092             0.164              4         (199,46)
   Routing elements:
      Manhattan distance of X:1, Y:0
sapphire/u_ddr3_top/u_phy_top/u_ddr_phy_if/mux_odt_delay[6]~FF|D    EFX_FF       0.000             0.164              4         (200,46)

Capture Clock Path
                               name                                 model name   delay (ns)  cumulative delay (ns) pins on net    location
============================================================================================================================================
sdram_clk                                                             input        0.000             0.000               0       (219,159)
sdram_clk                                                             input        0.070             0.070             187       (219,159)
sdram_clk                                                             net          1.137             1.207             187       (219,159)
   Routing elements:
      Manhattan distance of X:19, Y:113
sapphire/u_ddr3_top/u_phy_top/u_ddr_phy_if/mux_odt_delay[6]~FF|CLK    EFX_FF       0.000             1.207             187       (200,46) 

++++ Path 5 ++++++++++++++++++++++++++++++++++++++++++++++++++++++++++++++++++++

Path Begin    : sapphire/u_ddr3_top/u_phy_top/u_ddr_phy_if/rd_data_addr[27]~FF|CLK
Path End      : sapphire/u_ddr3_top/u_phy_top/u_ddr_phy_if/rd_data_addr[13]~FF|D  
Launch Clock  : sdram_clk (RISE)                                                  
Capture Clock : sdram_clk (RISE)                                                  
Slack         : 0.096 (arrival time - required time)                              
Delay         : 0.094                                                             

Logic Level             : 1
Non-global nets on path : 2
Global nets on path     : 0

Launch Clock Path Delay        : 1.207
+ Clock To Q + Data Path Delay : 0.166
--------------------------------------
End-of-path arrival time       : 1.373

Constraint                     : 0.000
+ Capture Clock Path Delay     : 1.207
+ Clock Uncertainty            : 0.070
--------------------------------------
End-of-path required time      : 1.277

Launch Clock Path
                               name                                 model name   delay (ns)  cumulative delay (ns) pins on net    location
============================================================================================================================================
sdram_clk                                                             input        0.000             0.000               0       (219,159)
sdram_clk                                                             input        0.070             0.070             187       (219,159)
sdram_clk                                                             net          1.137             1.207             187       (219,159)
   Routing elements:
      Manhattan distance of X:20, Y:83
sapphire/u_ddr3_top/u_phy_top/u_ddr_phy_if/rd_data_addr[27]~FF|CLK    EFX_FF       0.000             1.207             187       (199,76) 

Data Path
                              name                                model name   delay (ns)  cumulative delay (ns) pins on net    location
==========================================================================================================================================
sapphire/u_ddr3_top/u_phy_top/u_ddr_phy_if/rd_data_addr[27]~FF|Q   EFX_FF        0.072             0.072              2         (199,76)
sapphire/u_ddr3_top/u_phy_top/u_ddr_phy_if/rd_data_addr[27]        net           0.060             0.132              2         (199,76)
   Routing elements:
      Manhattan distance of X:4, Y:0
LUT__124723|in[1]                                                  EFX_LUT4      0.034             0.166              2         (203,76)
LUT__124723|out                                                    EFX_LUT4      0.000             0.166              2         (203,76)
sapphire/u_ddr3_top/u_phy_top/u_ddr_phy_if/n428                    net           0.000             0.166              2         (203,76)
sapphire/u_ddr3_top/u_phy_top/u_ddr_phy_if/rd_data_addr[13]~FF|D   EFX_FF        0.000             0.166              2         (203,76)

Capture Clock Path
                               name                                 model name   delay (ns)  cumulative delay (ns) pins on net    location
============================================================================================================================================
sdram_clk                                                             input        0.000             0.000               0       (219,159)
sdram_clk                                                             input        0.070             0.070             187       (219,159)
sdram_clk                                                             net          1.137             1.207             187       (219,159)
   Routing elements:
      Manhattan distance of X:16, Y:83
sapphire/u_ddr3_top/u_phy_top/u_ddr_phy_if/rd_data_addr[13]~FF|CLK    EFX_FF       0.000             1.207             187       (203,76) 

++++ Path 6 ++++++++++++++++++++++++++++++++++++++++++++++++++++++++++++++++++++

Path Begin    : sapphire/u_ddr3_top/u_phy_top/u_ddr_phy_if/u1_cmd_fifo/u_efx_fifo_top/raddr[2]~FF|CLK                   
Path End      : sapphire/u_ddr3_top/u_phy_top/u_ddr_phy_if/u1_cmd_fifo/u_efx_fifo_top/xefx_fifo_ctl/raddr_cntr_r[2]~FF|D
Launch Clock  : sdram_clk (RISE)                                                                                        
Capture Clock : sdram_clk (RISE)                                                                                        
Slack         : 0.096 (arrival time - required time)                                                                    
Delay         : 0.240                                                                                                   

Logic Level             : 0
Non-global nets on path : 1
Global nets on path     : 0

Launch Clock Path Delay        : 1.207
+ Clock To Q + Data Path Delay : 0.293
--------------------------------------
End-of-path arrival time       : 1.500

Constraint                     : 0.000
+ Capture Clock Path Delay     : 1.334
+ Clock Uncertainty            : 0.070
--------------------------------------
End-of-path required time      : 1.404

Launch Clock Path
                                        name                                           model name   delay (ns)  cumulative delay (ns) pins on net    location
===============================================================================================================================================================
sdram_clk                                                                                input        0.000             0.000               0       (219,159)
sdram_clk                                                                                input        0.070             0.070             187       (219,159)
sdram_clk                                                                                net          1.137             1.207             187       (219,159)
   Routing elements:
      Manhattan distance of X:25, Y:96
sapphire/u_ddr3_top/u_phy_top/u_ddr_phy_if/u1_cmd_fifo/u_efx_fifo_top/raddr[2]~FF|CLK    EFX_FF       0.000             1.207             187       (194,63) 

Data Path
                                                  name                                                    model name   delay (ns)  cumulative delay (ns) pins on net    location
==================================================================================================================================================================================
sapphire/u_ddr3_top/u_phy_top/u_ddr_phy_if/u1_cmd_fifo/u_efx_fifo_top/raddr[2]~FF|Q                         EFX_FF        0.072            0.072              12        (194,63)
sapphire/u_ddr3_top/u_phy_top/u_ddr_phy_if/u1_cmd_fifo/u_efx_fifo_top/raddr[2]                              net           0.240            0.312              12        (194,63)
   Routing elements:
      Manhattan distance of X:4, Y:6
sapphire/u_ddr3_top/u_phy_top/u_ddr_phy_if/u1_cmd_fifo/u_efx_fifo_top/xefx_fifo_ctl/raddr_cntr_r[2]~FF|D    EFX_FF       -0.019            0.293              12        (190,69)

Capture Clock Path
                                                   name                                                     model name   delay (ns)  cumulative delay (ns) pins on net    location
====================================================================================================================================================================================
sdram_clk                                                                                                     input        0.000             0.000               0       (219,159)
sdram_clk                                                                                                     input        0.070             0.070             187       (219,159)
sdram_clk                                                                                                     net          1.264             1.334             187       (219,159)
   Routing elements:
      Manhattan distance of X:29, Y:90
sapphire/u_ddr3_top/u_phy_top/u_ddr_phy_if/u1_cmd_fifo/u_efx_fifo_top/xefx_fifo_ctl/raddr_cntr_r[2]~FF|CLK    EFX_FF       0.000             1.334             187       (190,69) 

++++ Path 7 ++++++++++++++++++++++++++++++++++++++++++++++++++++++++++++++++++++

Path Begin    : sapphire/u_ddr3_top/u_phy_top/u_ddr_phy_if/rd_data_cs_n[0]~FF|CLK
Path End      : ddr_cs_n[0]~FF|D                                                 
Launch Clock  : sdram_clk (RISE)                                                 
Capture Clock : sdram_clk (RISE)                                                 
Slack         : 0.097 (arrival time - required time)                             
Delay         : 0.095                                                            

Logic Level             : 0
Non-global nets on path : 1
Global nets on path     : 0

Launch Clock Path Delay        : 1.207
+ Clock To Q + Data Path Delay : 0.167
--------------------------------------
End-of-path arrival time       : 1.374

Constraint                     : 0.000
+ Capture Clock Path Delay     : 1.207
+ Clock Uncertainty            : 0.070
--------------------------------------
End-of-path required time      : 1.277

Launch Clock Path
                              name                                 model name   delay (ns)  cumulative delay (ns) pins on net    location
===========================================================================================================================================
sdram_clk                                                            input        0.000             0.000               0       (219,159)
sdram_clk                                                            input        0.070             0.070             187       (219,159)
sdram_clk                                                            net          1.137             1.207             187       (219,159)
   Routing elements:
      Manhattan distance of X:29, Y:107
sapphire/u_ddr3_top/u_phy_top/u_ddr_phy_if/rd_data_cs_n[0]~FF|CLK    EFX_FF       0.000             1.207             187       (190,52) 

Data Path
                             name                                model name   delay (ns)  cumulative delay (ns) pins on net    location
=========================================================================================================================================
sapphire/u_ddr3_top/u_phy_top/u_ddr_phy_if/rd_data_cs_n[0]~FF|Q    EFX_FF       0.072             0.072              3         (190,52)
sapphire/u_ddr3_top/u_phy_top/u_ddr_phy_if/rd_data_cs_n[0]         net          0.095             0.167              3         (190,52)
   Routing elements:
      Manhattan distance of X:0, Y:2
ddr_cs_n[0]~FF|D                                                   EFX_FF       0.000             0.167              3         (190,50)

Capture Clock Path
       name         model name   delay (ns)  cumulative delay (ns) pins on net    location
============================================================================================
sdram_clk             input        0.000             0.000               0       (219,159)
sdram_clk             input        0.070             0.070             187       (219,159)
sdram_clk             net          1.137             1.207             187       (219,159)
   Routing elements:
      Manhattan distance of X:29, Y:109
ddr_cs_n[0]~FF|CLK    EFX_FF       0.000             1.207             187       (190,50) 

++++ Path 8 ++++++++++++++++++++++++++++++++++++++++++++++++++++++++++++++++++++

Path Begin    : sapphire/u_ddr3_top/u_phy_top/u_ddr_phy_if/mux_odt_delay[4]~FF|CLK
Path End      : ddr_odt[0]~FF|D                                                   
Launch Clock  : sdram_clk (RISE)                                                  
Capture Clock : sdram_clk (RISE)                                                  
Slack         : 0.098 (arrival time - required time)                              
Delay         : 0.096                                                             

Logic Level             : 1
Non-global nets on path : 2
Global nets on path     : 0

Launch Clock Path Delay        : 1.207
+ Clock To Q + Data Path Delay : 0.168
--------------------------------------
End-of-path arrival time       : 1.375

Constraint                     : 0.000
+ Capture Clock Path Delay     : 1.207
+ Clock Uncertainty            : 0.070
--------------------------------------
End-of-path required time      : 1.277

Launch Clock Path
                               name                                 model name   delay (ns)  cumulative delay (ns) pins on net    location
============================================================================================================================================
sdram_clk                                                             input        0.000             0.000               0       (219,159)
sdram_clk                                                             input        0.070             0.070             187       (219,159)
sdram_clk                                                             net          1.137             1.207             187       (219,159)
   Routing elements:
      Manhattan distance of X:20, Y:112
sapphire/u_ddr3_top/u_phy_top/u_ddr_phy_if/mux_odt_delay[4]~FF|CLK    EFX_FF       0.000             1.207             187       (199,47) 

Data Path
                              name                                model name   delay (ns)  cumulative delay (ns) pins on net    location
==========================================================================================================================================
sapphire/u_ddr3_top/u_phy_top/u_ddr_phy_if/mux_odt_delay[4]~FF|Q   EFX_FF        0.072             0.072              4         (199,47)
sapphire/u_ddr3_top/u_phy_top/u_ddr_phy_if/mux_odt_delay[4]        net           0.062             0.134              4         (199,47)
   Routing elements:
      Manhattan distance of X:0, Y:2
LUT__124170|in[1]                                                  EFX_LUT4      0.034             0.168              4         (199,45)
LUT__124170|out                                                    EFX_LUT4      0.000             0.168              2         (199,45)
sapphire/u_ddr3_top/u_phy_top/u_ddr_phy_if/n679                    net           0.000             0.168              2         (199,45)
ddr_odt[0]~FF|D                                                    EFX_FF        0.000             0.168              2         (199,45)

Capture Clock Path
      name         model name   delay (ns)  cumulative delay (ns) pins on net    location
===========================================================================================
sdram_clk            input        0.000             0.000               0       (219,159)
sdram_clk            input        0.070             0.070             187       (219,159)
sdram_clk            net          1.137             1.207             187       (219,159)
   Routing elements:
      Manhattan distance of X:20, Y:114
ddr_odt[0]~FF|CLK    EFX_FF       0.000             1.207             187       (199,45) 

++++ Path 9 ++++++++++++++++++++++++++++++++++++++++++++++++++++++++++++++++++++

Path Begin    : sapphire/u_ddr3_top/u_phy_top/u_ddr_phy_if/u1_cmd_fifo/u_efx_fifo_top/raddr[0]~FF|CLK                  
Path End      : sapphire/u_ddr3_top/u_phy_top/u_ddr_phy_if/u1_cmd_fifo/u_efx_fifo_top/xefx_fifo_ram/ram__D$c12|RADDR[9]
Launch Clock  : sdram_clk (RISE)                                                                                       
Capture Clock : sdram_clk (RISE)                                                                                       
Slack         : 0.098 (arrival time - required time)                                                                   
Delay         : 0.337                                                                                                  

Logic Level             : 0
Non-global nets on path : 1
Global nets on path     : 0

Launch Clock Path Delay        : 1.207
+ Clock To Q + Data Path Delay : 0.295
--------------------------------------
End-of-path arrival time       : 1.502

Constraint                     : 0.000
+ Capture Clock Path Delay     : 1.334
+ Clock Uncertainty            : 0.070
--------------------------------------
End-of-path required time      : 1.404

Launch Clock Path
                                        name                                           model name   delay (ns)  cumulative delay (ns) pins on net    location
===============================================================================================================================================================
sdram_clk                                                                                input        0.000             0.000               0       (219,159)
sdram_clk                                                                                input        0.070             0.070             187       (219,159)
sdram_clk                                                                                net          1.137             1.207             187       (219,159)
   Routing elements:
      Manhattan distance of X:25, Y:94
sapphire/u_ddr3_top/u_phy_top/u_ddr_phy_if/u1_cmd_fifo/u_efx_fifo_top/raddr[0]~FF|CLK    EFX_FF       0.000             1.207             187       (194,65) 

Data Path
                                                 name                                                    model name   delay (ns)  cumulative delay (ns) pins on net    location
=================================================================================================================================================================================
sapphire/u_ddr3_top/u_phy_top/u_ddr_phy_if/u1_cmd_fifo/u_efx_fifo_top/raddr[0]~FF|Q                      EFX_FF          0.072            0.072              14        (194,65)
sapphire/u_ddr3_top/u_phy_top/u_ddr_phy_if/u1_cmd_fifo/u_efx_fifo_top/raddr[0]                           net             0.337            0.409              14        (194,65)
   Routing elements:
      Manhattan distance of X:8, Y:43
sapphire/u_ddr3_top/u_phy_top/u_ddr_phy_if/u1_cmd_fifo/u_efx_fifo_top/xefx_fifo_ram/ram__D$c12|RADDR[9]  EFX_RAM10      -0.114            0.295              14        (186,22)

Capture Clock Path
                                               name                                                  model name   delay (ns)  cumulative delay (ns) pins on net    location
=============================================================================================================================================================================
sdram_clk                                                                                            input          0.000             0.000               0       (219,159)
sdram_clk                                                                                            input          0.070             0.070             187       (219,159)
sdram_clk                                                                                            net            1.264             1.334             187       (219,159)
   Routing elements:
      Manhattan distance of X:33, Y:137
sapphire/u_ddr3_top/u_phy_top/u_ddr_phy_if/u1_cmd_fifo/u_efx_fifo_top/xefx_fifo_ram/ram__D$c12|RCLK  EFX_RAM10      0.000             1.334             187       (186,22) 

++++ Path 10 +++++++++++++++++++++++++++++++++++++++++++++++++++++++++++++++++++

Path Begin    : sapphire/u_ddr3_top/u_phy_top/u_ddr_phy_if/rd_data_we_n[0]~FF|CLK
Path End      : ddr_we_n~FF|D                                                    
Launch Clock  : sdram_clk (RISE)                                                 
Capture Clock : sdram_clk (RISE)                                                 
Slack         : 0.099 (arrival time - required time)                             
Delay         : 0.097                                                            

Logic Level             : 0
Non-global nets on path : 1
Global nets on path     : 0

Launch Clock Path Delay        : 1.207
+ Clock To Q + Data Path Delay : 0.169
--------------------------------------
End-of-path arrival time       : 1.376

Constraint                     : 0.000
+ Capture Clock Path Delay     : 1.207
+ Clock Uncertainty            : 0.070
--------------------------------------
End-of-path required time      : 1.277

Launch Clock Path
                              name                                 model name   delay (ns)  cumulative delay (ns) pins on net    location
===========================================================================================================================================
sdram_clk                                                            input        0.000             0.000               0       (219,159)
sdram_clk                                                            input        0.070             0.070             187       (219,159)
sdram_clk                                                            net          1.137             1.207             187       (219,159)
   Routing elements:
      Manhattan distance of X:62, Y:109
sapphire/u_ddr3_top/u_phy_top/u_ddr_phy_if/rd_data_we_n[0]~FF|CLK    EFX_FF       0.000             1.207             187       (157,50) 

Data Path
                             name                                model name   delay (ns)  cumulative delay (ns) pins on net    location
=========================================================================================================================================
sapphire/u_ddr3_top/u_phy_top/u_ddr_phy_if/rd_data_we_n[0]~FF|Q    EFX_FF       0.072             0.072              4         (157,50)
sapphire/u_ddr3_top/u_phy_top/u_ddr_phy_if/rd_data_we_n[0]         net          0.097             0.169              4         (157,50)
   Routing elements:
      Manhattan distance of X:0, Y:4
ddr_we_n~FF|D                                                      EFX_FF       0.000             0.169              4         (157,54)

Capture Clock Path
     name        model name   delay (ns)  cumulative delay (ns) pins on net    location
=========================================================================================
sdram_clk          input        0.000             0.000               0       (219,159)
sdram_clk          input        0.070             0.070             187       (219,159)
sdram_clk          net          1.137             1.207             187       (219,159)
   Routing elements:
      Manhattan distance of X:62, Y:105
ddr_we_n~FF|CLK    EFX_FF       0.000             1.207             187       (157,54) 

################################################################################
Path Detail Report (rx_cal_clk vs rx_cal_clk)
################################################################################


++++ Path 1 ++++++++++++++++++++++++++++++++++++++++++++++++++++++++++++++++++++

Path Begin    : sapphire/u_ddr3_top/u_phy_top/u_ddr_phy_if/u4_data[125]~FF|CLK                                        
Path End      : sapphire/u_ddr3_top/u_phy_top/u_ddr_phy_if/u4_din_fifo/u_efx_fifo_top/xefx_fifo_ram/ram__D$f1|WDATA[6]
Launch Clock  : rx_cal_clk (RISE)                                                                                     
Capture Clock : rx_cal_clk (RISE)                                                                                     
Slack         : 0.033 (arrival time - required time)                                                                  
Delay         : 0.142                                                                                                 

Logic Level             : 0
Non-global nets on path : 1
Global nets on path     : 0

Launch Clock Path Delay        : 1.155
+ Clock To Q + Data Path Delay : 0.103
--------------------------------------
End-of-path arrival time       : 1.258

Constraint                     : 0.000
+ Capture Clock Path Delay     : 1.155
+ Clock Uncertainty            : 0.070
--------------------------------------
End-of-path required time      : 1.225

Launch Clock Path
                             name                               model name   delay (ns)  cumulative delay (ns) pins on net    location
========================================================================================================================================
rx_cal_clk                                                        input        0.000             0.000               0       (219,163)
rx_cal_clk                                                        input        0.070             0.070             302       (219,163)
rx_cal_clk                                                        net          1.085             1.155             302       (219,163)
   Routing elements:
      Manhattan distance of X:61, Y:155
sapphire/u_ddr3_top/u_phy_top/u_ddr_phy_if/u4_data[125]~FF|CLK    EFX_FF       0.000             1.155             302       (158,8)  

Data Path
                                                 name                                                   model name   delay (ns)  cumulative delay (ns) pins on net    location
================================================================================================================================================================================
sapphire/u_ddr3_top/u_phy_top/u_ddr_phy_if/u4_data[125]~FF|Q                                            EFX_FF          0.072            0.072              3         (158,8)
sapphire/u_ddr3_top/u_phy_top/u_ddr_phy_if/u4_data[125]                                                 net             0.142            0.214              3         (158,8)
   Routing elements:
      Manhattan distance of X:2, Y:6
sapphire/u_ddr3_top/u_phy_top/u_ddr_phy_if/u4_din_fifo/u_efx_fifo_top/xefx_fifo_ram/ram__D$f1|WDATA[6]  EFX_RAM10      -0.111            0.103              3         (156,2)

Capture Clock Path
                                               name                                                 model name   delay (ns)  cumulative delay (ns) pins on net    location
============================================================================================================================================================================
rx_cal_clk                                                                                          input          0.000             0.000               0       (219,163)
rx_cal_clk                                                                                          input          0.070             0.070             302       (219,163)
rx_cal_clk                                                                                          net            1.085             1.155             302       (219,163)
   Routing elements:
      Manhattan distance of X:63, Y:161
sapphire/u_ddr3_top/u_phy_top/u_ddr_phy_if/u4_din_fifo/u_efx_fifo_top/xefx_fifo_ram/ram__D$f1|WCLK  EFX_RAM10      0.000             1.155             302       (156,2)  

++++ Path 2 ++++++++++++++++++++++++++++++++++++++++++++++++++++++++++++++++++++

Path Begin    : sapphire/u_ddr3_top/u_phy_top/u_ddr_phy_if/u4_data[29]~FF|CLK                                          
Path End      : sapphire/u_ddr3_top/u_phy_top/u_ddr_phy_if/u4_din_fifo/u_efx_fifo_top/xefx_fifo_ram/ram__D$12|WDATA[19]
Launch Clock  : rx_cal_clk (RISE)                                                                                      
Capture Clock : rx_cal_clk (RISE)                                                                                      
Slack         : 0.033 (arrival time - required time)                                                                   
Delay         : 0.142                                                                                                  

Logic Level             : 0
Non-global nets on path : 1
Global nets on path     : 0

Launch Clock Path Delay        : 1.155
+ Clock To Q + Data Path Delay : 0.103
--------------------------------------
End-of-path arrival time       : 1.258

Constraint                     : 0.000
+ Capture Clock Path Delay     : 1.155
+ Clock Uncertainty            : 0.070
--------------------------------------
End-of-path required time      : 1.225

Launch Clock Path
                            name                               model name   delay (ns)  cumulative delay (ns) pins on net    location
=======================================================================================================================================
rx_cal_clk                                                       input        0.000             0.000               0       (219,163)
rx_cal_clk                                                       input        0.070             0.070             302       (219,163)
rx_cal_clk                                                       net          1.085             1.155             302       (219,163)
   Routing elements:
      Manhattan distance of X:61, Y:122
sapphire/u_ddr3_top/u_phy_top/u_ddr_phy_if/u4_data[29]~FF|CLK    EFX_FF       0.000             1.155             302       (158,41) 

Data Path
                                                 name                                                    model name   delay (ns)  cumulative delay (ns) pins on net    location
=================================================================================================================================================================================
sapphire/u_ddr3_top/u_phy_top/u_ddr_phy_if/u4_data[29]~FF|Q                                              EFX_FF          0.072            0.072              2         (158,41)
sapphire/u_ddr3_top/u_phy_top/u_ddr_phy_if/u4_data[29]                                                   net             0.142            0.214              2         (158,41)
   Routing elements:
      Manhattan distance of X:2, Y:19
sapphire/u_ddr3_top/u_phy_top/u_ddr_phy_if/u4_din_fifo/u_efx_fifo_top/xefx_fifo_ram/ram__D$12|WDATA[19]  EFX_RAM10      -0.111            0.103              2         (156,22)

Capture Clock Path
                                               name                                                 model name   delay (ns)  cumulative delay (ns) pins on net    location
============================================================================================================================================================================
rx_cal_clk                                                                                          input          0.000             0.000               0       (219,163)
rx_cal_clk                                                                                          input          0.070             0.070             302       (219,163)
rx_cal_clk                                                                                          net            1.085             1.155             302       (219,163)
   Routing elements:
      Manhattan distance of X:63, Y:141
sapphire/u_ddr3_top/u_phy_top/u_ddr_phy_if/u4_din_fifo/u_efx_fifo_top/xefx_fifo_ram/ram__D$12|WCLK  EFX_RAM10      0.000             1.155             302       (156,22) 

++++ Path 3 ++++++++++++++++++++++++++++++++++++++++++++++++++++++++++++++++++++

Path Begin    : sapphire/u_ddr3_top/u_phy_top/u_ddr_phy_if/u4_data[21]~FF|CLK                                          
Path End      : sapphire/u_ddr3_top/u_phy_top/u_ddr_phy_if/u4_din_fifo/u_efx_fifo_top/xefx_fifo_ram/ram__D$12|WDATA[11]
Launch Clock  : rx_cal_clk (RISE)                                                                                      
Capture Clock : rx_cal_clk (RISE)                                                                                      
Slack         : 0.033 (arrival time - required time)                                                                   
Delay         : 0.142                                                                                                  

Logic Level             : 0
Non-global nets on path : 1
Global nets on path     : 0

Launch Clock Path Delay        : 1.155
+ Clock To Q + Data Path Delay : 0.103
--------------------------------------
End-of-path arrival time       : 1.258

Constraint                     : 0.000
+ Capture Clock Path Delay     : 1.155
+ Clock Uncertainty            : 0.070
--------------------------------------
End-of-path required time      : 1.225

Launch Clock Path
                            name                               model name   delay (ns)  cumulative delay (ns) pins on net    location
=======================================================================================================================================
rx_cal_clk                                                       input        0.000             0.000               0       (219,163)
rx_cal_clk                                                       input        0.070             0.070             302       (219,163)
rx_cal_clk                                                       net          1.085             1.155             302       (219,163)
   Routing elements:
      Manhattan distance of X:61, Y:130
sapphire/u_ddr3_top/u_phy_top/u_ddr_phy_if/u4_data[21]~FF|CLK    EFX_FF       0.000             1.155             302       (158,33) 

Data Path
                                                 name                                                    model name   delay (ns)  cumulative delay (ns) pins on net    location
=================================================================================================================================================================================
sapphire/u_ddr3_top/u_phy_top/u_ddr_phy_if/u4_data[21]~FF|Q                                              EFX_FF          0.072            0.072              2         (158,33)
sapphire/u_ddr3_top/u_phy_top/u_ddr_phy_if/u4_data[21]                                                   net             0.142            0.214              2         (158,33)
   Routing elements:
      Manhattan distance of X:2, Y:11
sapphire/u_ddr3_top/u_phy_top/u_ddr_phy_if/u4_din_fifo/u_efx_fifo_top/xefx_fifo_ram/ram__D$12|WDATA[11]  EFX_RAM10      -0.111            0.103              2         (156,22)

Capture Clock Path
                                               name                                                 model name   delay (ns)  cumulative delay (ns) pins on net    location
============================================================================================================================================================================
rx_cal_clk                                                                                          input          0.000             0.000               0       (219,163)
rx_cal_clk                                                                                          input          0.070             0.070             302       (219,163)
rx_cal_clk                                                                                          net            1.085             1.155             302       (219,163)
   Routing elements:
      Manhattan distance of X:63, Y:141
sapphire/u_ddr3_top/u_phy_top/u_ddr_phy_if/u4_din_fifo/u_efx_fifo_top/xefx_fifo_ram/ram__D$12|WCLK  EFX_RAM10      0.000             1.155             302       (156,22) 

++++ Path 4 ++++++++++++++++++++++++++++++++++++++++++++++++++++++++++++++++++++

Path Begin    : sapphire/u_ddr3_top/u_phy_top/u_ddr_phy_if/u4_data[38]~FF|CLK                                         
Path End      : sapphire/u_ddr3_top/u_phy_top/u_ddr_phy_if/u4_din_fifo/u_efx_fifo_top/xefx_fifo_ram/ram__D$12|WDATA[8]
Launch Clock  : rx_cal_clk (RISE)                                                                                     
Capture Clock : rx_cal_clk (RISE)                                                                                     
Slack         : 0.033 (arrival time - required time)                                                                  
Delay         : 0.142                                                                                                 

Logic Level             : 0
Non-global nets on path : 1
Global nets on path     : 0

Launch Clock Path Delay        : 1.155
+ Clock To Q + Data Path Delay : 0.103
--------------------------------------
End-of-path arrival time       : 1.258

Constraint                     : 0.000
+ Capture Clock Path Delay     : 1.155
+ Clock Uncertainty            : 0.070
--------------------------------------
End-of-path required time      : 1.225

Launch Clock Path
                            name                               model name   delay (ns)  cumulative delay (ns) pins on net    location
=======================================================================================================================================
rx_cal_clk                                                       input        0.000             0.000               0       (219,163)
rx_cal_clk                                                       input        0.070             0.070             302       (219,163)
rx_cal_clk                                                       net          1.085             1.155             302       (219,163)
   Routing elements:
      Manhattan distance of X:61, Y:133
sapphire/u_ddr3_top/u_phy_top/u_ddr_phy_if/u4_data[38]~FF|CLK    EFX_FF       0.000             1.155             302       (158,30) 

Data Path
                                                 name                                                   model name   delay (ns)  cumulative delay (ns) pins on net    location
================================================================================================================================================================================
sapphire/u_ddr3_top/u_phy_top/u_ddr_phy_if/u4_data[38]~FF|Q                                             EFX_FF          0.072            0.072              3         (158,30)
sapphire/u_ddr3_top/u_phy_top/u_ddr_phy_if/u4_data[38]                                                  net             0.142            0.214              3         (158,30)
   Routing elements:
      Manhattan distance of X:2, Y:8
sapphire/u_ddr3_top/u_phy_top/u_ddr_phy_if/u4_din_fifo/u_efx_fifo_top/xefx_fifo_ram/ram__D$12|WDATA[8]  EFX_RAM10      -0.111            0.103              3         (156,22)

Capture Clock Path
                                               name                                                 model name   delay (ns)  cumulative delay (ns) pins on net    location
============================================================================================================================================================================
rx_cal_clk                                                                                          input          0.000             0.000               0       (219,163)
rx_cal_clk                                                                                          input          0.070             0.070             302       (219,163)
rx_cal_clk                                                                                          net            1.085             1.155             302       (219,163)
   Routing elements:
      Manhattan distance of X:63, Y:141
sapphire/u_ddr3_top/u_phy_top/u_ddr_phy_if/u4_din_fifo/u_efx_fifo_top/xefx_fifo_ram/ram__D$12|WCLK  EFX_RAM10      0.000             1.155             302       (156,22) 

++++ Path 5 ++++++++++++++++++++++++++++++++++++++++++++++++++++++++++++++++++++

Path Begin    : sapphire/u_ddr3_top/u_phy_top/u_ddr_phy_if/u4_data[23]~FF|CLK                                          
Path End      : sapphire/u_ddr3_top/u_phy_top/u_ddr_phy_if/u4_din_fifo/u_efx_fifo_top/xefx_fifo_ram/ram__D$12|WDATA[13]
Launch Clock  : rx_cal_clk (RISE)                                                                                      
Capture Clock : rx_cal_clk (RISE)                                                                                      
Slack         : 0.059 (arrival time - required time)                                                                   
Delay         : 0.168                                                                                                  

Logic Level             : 0
Non-global nets on path : 1
Global nets on path     : 0

Launch Clock Path Delay        : 1.155
+ Clock To Q + Data Path Delay : 0.129
--------------------------------------
End-of-path arrival time       : 1.284

Constraint                     : 0.000
+ Capture Clock Path Delay     : 1.155
+ Clock Uncertainty            : 0.070
--------------------------------------
End-of-path required time      : 1.225

Launch Clock Path
                            name                               model name   delay (ns)  cumulative delay (ns) pins on net    location
=======================================================================================================================================
rx_cal_clk                                                       input        0.000             0.000               0       (219,163)
rx_cal_clk                                                       input        0.070             0.070             302       (219,163)
rx_cal_clk                                                       net          1.085             1.155             302       (219,163)
   Routing elements:
      Manhattan distance of X:57, Y:128
sapphire/u_ddr3_top/u_phy_top/u_ddr_phy_if/u4_data[23]~FF|CLK    EFX_FF       0.000             1.155             302       (162,35) 

Data Path
                                                 name                                                    model name   delay (ns)  cumulative delay (ns) pins on net    location
=================================================================================================================================================================================
sapphire/u_ddr3_top/u_phy_top/u_ddr_phy_if/u4_data[23]~FF|Q                                              EFX_FF          0.072            0.072              2         (162,35)
sapphire/u_ddr3_top/u_phy_top/u_ddr_phy_if/u4_data[23]                                                   net             0.168            0.240              2         (162,35)
   Routing elements:
      Manhattan distance of X:6, Y:13
sapphire/u_ddr3_top/u_phy_top/u_ddr_phy_if/u4_din_fifo/u_efx_fifo_top/xefx_fifo_ram/ram__D$12|WDATA[13]  EFX_RAM10      -0.111            0.129              2         (156,22)

Capture Clock Path
                                               name                                                 model name   delay (ns)  cumulative delay (ns) pins on net    location
============================================================================================================================================================================
rx_cal_clk                                                                                          input          0.000             0.000               0       (219,163)
rx_cal_clk                                                                                          input          0.070             0.070             302       (219,163)
rx_cal_clk                                                                                          net            1.085             1.155             302       (219,163)
   Routing elements:
      Manhattan distance of X:63, Y:141
sapphire/u_ddr3_top/u_phy_top/u_ddr_phy_if/u4_din_fifo/u_efx_fifo_top/xefx_fifo_ram/ram__D$12|WCLK  EFX_RAM10      0.000             1.155             302       (156,22) 

++++ Path 6 ++++++++++++++++++++++++++++++++++++++++++++++++++++++++++++++++++++

Path Begin    : sapphire/u_ddr3_top/u_phy_top/u_ddr_phy_if/u4_data[124]~FF|CLK                                        
Path End      : sapphire/u_ddr3_top/u_phy_top/u_ddr_phy_if/u4_din_fifo/u_efx_fifo_top/xefx_fifo_ram/ram__D$f1|WDATA[5]
Launch Clock  : rx_cal_clk (RISE)                                                                                     
Capture Clock : rx_cal_clk (RISE)                                                                                     
Slack         : 0.063 (arrival time - required time)                                                                  
Delay         : 0.172                                                                                                 

Logic Level             : 0
Non-global nets on path : 1
Global nets on path     : 0

Launch Clock Path Delay        : 1.155
+ Clock To Q + Data Path Delay : 0.133
--------------------------------------
End-of-path arrival time       : 1.288

Constraint                     : 0.000
+ Capture Clock Path Delay     : 1.155
+ Clock Uncertainty            : 0.070
--------------------------------------
End-of-path required time      : 1.225

Launch Clock Path
                             name                               model name   delay (ns)  cumulative delay (ns) pins on net    location
========================================================================================================================================
rx_cal_clk                                                        input        0.000             0.000               0       (219,163)
rx_cal_clk                                                        input        0.070             0.070             302       (219,163)
rx_cal_clk                                                        net          1.085             1.155             302       (219,163)
   Routing elements:
      Manhattan distance of X:58, Y:160
sapphire/u_ddr3_top/u_phy_top/u_ddr_phy_if/u4_data[124]~FF|CLK    EFX_FF       0.000             1.155             302       (161,3)  

Data Path
                                                 name                                                   model name   delay (ns)  cumulative delay (ns) pins on net    location
================================================================================================================================================================================
sapphire/u_ddr3_top/u_phy_top/u_ddr_phy_if/u4_data[124]~FF|Q                                            EFX_FF          0.072            0.072              3         (161,3)
sapphire/u_ddr3_top/u_phy_top/u_ddr_phy_if/u4_data[124]                                                 net             0.172            0.244              3         (161,3)
   Routing elements:
      Manhattan distance of X:5, Y:1
sapphire/u_ddr3_top/u_phy_top/u_ddr_phy_if/u4_din_fifo/u_efx_fifo_top/xefx_fifo_ram/ram__D$f1|WDATA[5]  EFX_RAM10      -0.111            0.133              3         (156,2)

Capture Clock Path
                                               name                                                 model name   delay (ns)  cumulative delay (ns) pins on net    location
============================================================================================================================================================================
rx_cal_clk                                                                                          input          0.000             0.000               0       (219,163)
rx_cal_clk                                                                                          input          0.070             0.070             302       (219,163)
rx_cal_clk                                                                                          net            1.085             1.155             302       (219,163)
   Routing elements:
      Manhattan distance of X:63, Y:161
sapphire/u_ddr3_top/u_phy_top/u_ddr_phy_if/u4_din_fifo/u_efx_fifo_top/xefx_fifo_ram/ram__D$f1|WCLK  EFX_RAM10      0.000             1.155             302       (156,2)  

++++ Path 7 ++++++++++++++++++++++++++++++++++++++++++++++++++++++++++++++++++++

Path Begin    : sapphire/u_ddr3_top/u_phy_top/u_ddr_phy_if/u4_data[3]~FF|CLK                                          
Path End      : sapphire/u_ddr3_top/u_phy_top/u_ddr_phy_if/u4_din_fifo/u_efx_fifo_top/xefx_fifo_ram/ram__D$2|WDATA[13]
Launch Clock  : rx_cal_clk (RISE)                                                                                     
Capture Clock : rx_cal_clk (RISE)                                                                                     
Slack         : 0.064 (arrival time - required time)                                                                  
Delay         : 0.173                                                                                                 

Logic Level             : 0
Non-global nets on path : 1
Global nets on path     : 0

Launch Clock Path Delay        : 1.155
+ Clock To Q + Data Path Delay : 0.134
--------------------------------------
End-of-path arrival time       : 1.289

Constraint                     : 0.000
+ Capture Clock Path Delay     : 1.155
+ Clock Uncertainty            : 0.070
--------------------------------------
End-of-path required time      : 1.225

Launch Clock Path
                            name                              model name   delay (ns)  cumulative delay (ns) pins on net    location
======================================================================================================================================
rx_cal_clk                                                      input        0.000             0.000               0       (219,163)
rx_cal_clk                                                      input        0.070             0.070             302       (219,163)
rx_cal_clk                                                      net          1.085             1.155             302       (219,163)
   Routing elements:
      Manhattan distance of X:65, Y:128
sapphire/u_ddr3_top/u_phy_top/u_ddr_phy_if/u4_data[3]~FF|CLK    EFX_FF       0.000             1.155             302       (154,35) 

Data Path
                                                 name                                                   model name   delay (ns)  cumulative delay (ns) pins on net    location
================================================================================================================================================================================
sapphire/u_ddr3_top/u_phy_top/u_ddr_phy_if/u4_data[3]~FF|Q                                              EFX_FF          0.072            0.072              2         (154,35)
sapphire/u_ddr3_top/u_phy_top/u_ddr_phy_if/u4_data[3]                                                   net             0.173            0.245              2         (154,35)
   Routing elements:
      Manhattan distance of X:7, Y:13
sapphire/u_ddr3_top/u_phy_top/u_ddr_phy_if/u4_din_fifo/u_efx_fifo_top/xefx_fifo_ram/ram__D$2|WDATA[13]  EFX_RAM10      -0.111            0.134              2         (147,22)

Capture Clock Path
                                              name                                                 model name   delay (ns)  cumulative delay (ns) pins on net    location
===========================================================================================================================================================================
rx_cal_clk                                                                                         input          0.000             0.000               0       (219,163)
rx_cal_clk                                                                                         input          0.070             0.070             302       (219,163)
rx_cal_clk                                                                                         net            1.085             1.155             302       (219,163)
   Routing elements:
      Manhattan distance of X:72, Y:141
sapphire/u_ddr3_top/u_phy_top/u_ddr_phy_if/u4_din_fifo/u_efx_fifo_top/xefx_fifo_ram/ram__D$2|WCLK  EFX_RAM10      0.000             1.155             302       (147,22) 

++++ Path 8 ++++++++++++++++++++++++++++++++++++++++++++++++++++++++++++++++++++

Path Begin    : sapphire/u_ddr3_top/u_phy_top/u_ddr_phy_if/u4_data[4]~FF|CLK                                          
Path End      : sapphire/u_ddr3_top/u_phy_top/u_ddr_phy_if/u4_din_fifo/u_efx_fifo_top/xefx_fifo_ram/ram__D$2|WDATA[14]
Launch Clock  : rx_cal_clk (RISE)                                                                                     
Capture Clock : rx_cal_clk (RISE)                                                                                     
Slack         : 0.064 (arrival time - required time)                                                                  
Delay         : 0.173                                                                                                 

Logic Level             : 0
Non-global nets on path : 1
Global nets on path     : 0

Launch Clock Path Delay        : 1.155
+ Clock To Q + Data Path Delay : 0.134
--------------------------------------
End-of-path arrival time       : 1.289

Constraint                     : 0.000
+ Capture Clock Path Delay     : 1.155
+ Clock Uncertainty            : 0.070
--------------------------------------
End-of-path required time      : 1.225

Launch Clock Path
                            name                              model name   delay (ns)  cumulative delay (ns) pins on net    location
======================================================================================================================================
rx_cal_clk                                                      input        0.000             0.000               0       (219,163)
rx_cal_clk                                                      input        0.070             0.070             302       (219,163)
rx_cal_clk                                                      net          1.085             1.155             302       (219,163)
   Routing elements:
      Manhattan distance of X:65, Y:127
sapphire/u_ddr3_top/u_phy_top/u_ddr_phy_if/u4_data[4]~FF|CLK    EFX_FF       0.000             1.155             302       (154,36) 

Data Path
                                                 name                                                   model name   delay (ns)  cumulative delay (ns) pins on net    location
================================================================================================================================================================================
sapphire/u_ddr3_top/u_phy_top/u_ddr_phy_if/u4_data[4]~FF|Q                                              EFX_FF          0.072            0.072              2         (154,36)
sapphire/u_ddr3_top/u_phy_top/u_ddr_phy_if/u4_data[4]                                                   net             0.173            0.245              2         (154,36)
   Routing elements:
      Manhattan distance of X:7, Y:14
sapphire/u_ddr3_top/u_phy_top/u_ddr_phy_if/u4_din_fifo/u_efx_fifo_top/xefx_fifo_ram/ram__D$2|WDATA[14]  EFX_RAM10      -0.111            0.134              2         (147,22)

Capture Clock Path
                                              name                                                 model name   delay (ns)  cumulative delay (ns) pins on net    location
===========================================================================================================================================================================
rx_cal_clk                                                                                         input          0.000             0.000               0       (219,163)
rx_cal_clk                                                                                         input          0.070             0.070             302       (219,163)
rx_cal_clk                                                                                         net            1.085             1.155             302       (219,163)
   Routing elements:
      Manhattan distance of X:72, Y:141
sapphire/u_ddr3_top/u_phy_top/u_ddr_phy_if/u4_din_fifo/u_efx_fifo_top/xefx_fifo_ram/ram__D$2|WCLK  EFX_RAM10      0.000             1.155             302       (147,22) 

++++ Path 9 ++++++++++++++++++++++++++++++++++++++++++++++++++++++++++++++++++++

Path Begin    : sapphire/u_ddr3_top/u_phy_top/u_ddr_phy_if/u4_data[2]~FF|CLK                                          
Path End      : sapphire/u_ddr3_top/u_phy_top/u_ddr_phy_if/u4_din_fifo/u_efx_fifo_top/xefx_fifo_ram/ram__D$2|WDATA[12]
Launch Clock  : rx_cal_clk (RISE)                                                                                     
Capture Clock : rx_cal_clk (RISE)                                                                                     
Slack         : 0.064 (arrival time - required time)                                                                  
Delay         : 0.173                                                                                                 

Logic Level             : 0
Non-global nets on path : 1
Global nets on path     : 0

Launch Clock Path Delay        : 1.155
+ Clock To Q + Data Path Delay : 0.134
--------------------------------------
End-of-path arrival time       : 1.289

Constraint                     : 0.000
+ Capture Clock Path Delay     : 1.155
+ Clock Uncertainty            : 0.070
--------------------------------------
End-of-path required time      : 1.225

Launch Clock Path
                            name                              model name   delay (ns)  cumulative delay (ns) pins on net    location
======================================================================================================================================
rx_cal_clk                                                      input        0.000             0.000               0       (219,163)
rx_cal_clk                                                      input        0.070             0.070             302       (219,163)
rx_cal_clk                                                      net          1.085             1.155             302       (219,163)
   Routing elements:
      Manhattan distance of X:65, Y:129
sapphire/u_ddr3_top/u_phy_top/u_ddr_phy_if/u4_data[2]~FF|CLK    EFX_FF       0.000             1.155             302       (154,34) 

Data Path
                                                 name                                                   model name   delay (ns)  cumulative delay (ns) pins on net    location
================================================================================================================================================================================
sapphire/u_ddr3_top/u_phy_top/u_ddr_phy_if/u4_data[2]~FF|Q                                              EFX_FF          0.072            0.072              2         (154,34)
sapphire/u_ddr3_top/u_phy_top/u_ddr_phy_if/u4_data[2]                                                   net             0.173            0.245              2         (154,34)
   Routing elements:
      Manhattan distance of X:7, Y:12
sapphire/u_ddr3_top/u_phy_top/u_ddr_phy_if/u4_din_fifo/u_efx_fifo_top/xefx_fifo_ram/ram__D$2|WDATA[12]  EFX_RAM10      -0.111            0.134              2         (147,22)

Capture Clock Path
                                              name                                                 model name   delay (ns)  cumulative delay (ns) pins on net    location
===========================================================================================================================================================================
rx_cal_clk                                                                                         input          0.000             0.000               0       (219,163)
rx_cal_clk                                                                                         input          0.070             0.070             302       (219,163)
rx_cal_clk                                                                                         net            1.085             1.155             302       (219,163)
   Routing elements:
      Manhattan distance of X:72, Y:141
sapphire/u_ddr3_top/u_phy_top/u_ddr_phy_if/u4_din_fifo/u_efx_fifo_top/xefx_fifo_ram/ram__D$2|WCLK  EFX_RAM10      0.000             1.155             302       (147,22) 

++++ Path 10 +++++++++++++++++++++++++++++++++++++++++++++++++++++++++++++++++++

Path Begin    : sapphire/u_ddr3_top/u_phy_top/u_ddr_phy_if/u4_data[20]~FF|CLK                                          
Path End      : sapphire/u_ddr3_top/u_phy_top/u_ddr_phy_if/u4_din_fifo/u_efx_fifo_top/xefx_fifo_ram/ram__D$12|WDATA[10]
Launch Clock  : rx_cal_clk (RISE)                                                                                      
Capture Clock : rx_cal_clk (RISE)                                                                                      
Slack         : 0.064 (arrival time - required time)                                                                   
Delay         : 0.173                                                                                                  

Logic Level             : 0
Non-global nets on path : 1
Global nets on path     : 0

Launch Clock Path Delay        : 1.155
+ Clock To Q + Data Path Delay : 0.134
--------------------------------------
End-of-path arrival time       : 1.289

Constraint                     : 0.000
+ Capture Clock Path Delay     : 1.155
+ Clock Uncertainty            : 0.070
--------------------------------------
End-of-path required time      : 1.225

Launch Clock Path
                            name                               model name   delay (ns)  cumulative delay (ns) pins on net    location
=======================================================================================================================================
rx_cal_clk                                                       input        0.000             0.000               0       (219,163)
rx_cal_clk                                                       input        0.070             0.070             302       (219,163)
rx_cal_clk                                                       net          1.085             1.155             302       (219,163)
   Routing elements:
      Manhattan distance of X:58, Y:131
sapphire/u_ddr3_top/u_phy_top/u_ddr_phy_if/u4_data[20]~FF|CLK    EFX_FF       0.000             1.155             302       (161,32) 

Data Path
                                                 name                                                    model name   delay (ns)  cumulative delay (ns) pins on net    location
=================================================================================================================================================================================
sapphire/u_ddr3_top/u_phy_top/u_ddr_phy_if/u4_data[20]~FF|Q                                              EFX_FF          0.072            0.072              2         (161,32)
sapphire/u_ddr3_top/u_phy_top/u_ddr_phy_if/u4_data[20]                                                   net             0.173            0.245              2         (161,32)
   Routing elements:
      Manhattan distance of X:5, Y:10
sapphire/u_ddr3_top/u_phy_top/u_ddr_phy_if/u4_din_fifo/u_efx_fifo_top/xefx_fifo_ram/ram__D$12|WDATA[10]  EFX_RAM10      -0.111            0.134              2         (156,22)

Capture Clock Path
                                               name                                                 model name   delay (ns)  cumulative delay (ns) pins on net    location
============================================================================================================================================================================
rx_cal_clk                                                                                          input          0.000             0.000               0       (219,163)
rx_cal_clk                                                                                          input          0.070             0.070             302       (219,163)
rx_cal_clk                                                                                          net            1.085             1.155             302       (219,163)
   Routing elements:
      Manhattan distance of X:63, Y:141
sapphire/u_ddr3_top/u_phy_top/u_ddr_phy_if/u4_din_fifo/u_efx_fifo_top/xefx_fifo_ram/ram__D$12|WCLK  EFX_RAM10      0.000             1.155             302       (156,22) 

################################################################################
Path Detail Report (tx_cal_clk vs tx_cal_clk)
################################################################################


++++ Path 1 ++++++++++++++++++++++++++++++++++++++++++++++++++++++++++++++++++++

Path Begin    : sapphire/u_ddr3_top/u_phy_top/u_ddr_phy_if/u2_ctl_fifo/u_efx_fifo_top/raddr[1]~FF|CLK                   
Path End      : sapphire/u_ddr3_top/u_phy_top/u_ddr_phy_if/u2_ctl_fifo/u_efx_fifo_top/xefx_fifo_ctl/raddr_cntr_r[1]~FF|D
Launch Clock  : tx_cal_clk (RISE)                                                                                       
Capture Clock : tx_cal_clk (RISE)                                                                                       
Slack         : 0.097 (arrival time - required time)                                                                    
Delay         : 0.095                                                                                                   

Logic Level             : 0
Non-global nets on path : 1
Global nets on path     : 0

Launch Clock Path Delay        : 1.157
+ Clock To Q + Data Path Delay : 0.167
--------------------------------------
End-of-path arrival time       : 1.324

Constraint                     : 0.000
+ Capture Clock Path Delay     : 1.157
+ Clock Uncertainty            : 0.070
--------------------------------------
End-of-path required time      : 1.227

Launch Clock Path
                                        name                                           model name   delay (ns)  cumulative delay (ns) pins on net    location
===============================================================================================================================================================
tx_cal_clk                                                                               input        0.000             0.000               0       (219,164)
tx_cal_clk                                                                               input        0.070             0.070              59       (219,164)
tx_cal_clk                                                                               net          1.087             1.157              59       (219,164)
   Routing elements:
      Manhattan distance of X:47, Y:160
sapphire/u_ddr3_top/u_phy_top/u_ddr_phy_if/u2_ctl_fifo/u_efx_fifo_top/raddr[1]~FF|CLK    EFX_FF       0.000             1.157              59       (172,4)  

Data Path
                                                  name                                                    model name   delay (ns)  cumulative delay (ns) pins on net    location
==================================================================================================================================================================================
sapphire/u_ddr3_top/u_phy_top/u_ddr_phy_if/u2_ctl_fifo/u_efx_fifo_top/raddr[1]~FF|Q                         EFX_FF       0.072             0.072              10        (172,4)
sapphire/u_ddr3_top/u_phy_top/u_ddr_phy_if/u2_ctl_fifo/u_efx_fifo_top/raddr[1]                              net          0.095             0.167              10        (172,4)
   Routing elements:
      Manhattan distance of X:0, Y:2
sapphire/u_ddr3_top/u_phy_top/u_ddr_phy_if/u2_ctl_fifo/u_efx_fifo_top/xefx_fifo_ctl/raddr_cntr_r[1]~FF|D    EFX_FF       0.000             0.167              10        (172,2)

Capture Clock Path
                                                   name                                                     model name   delay (ns)  cumulative delay (ns) pins on net    location
====================================================================================================================================================================================
tx_cal_clk                                                                                                    input        0.000             0.000               0       (219,164)
tx_cal_clk                                                                                                    input        0.070             0.070              59       (219,164)
tx_cal_clk                                                                                                    net          1.087             1.157              59       (219,164)
   Routing elements:
      Manhattan distance of X:47, Y:162
sapphire/u_ddr3_top/u_phy_top/u_ddr_phy_if/u2_ctl_fifo/u_efx_fifo_top/xefx_fifo_ctl/raddr_cntr_r[1]~FF|CLK    EFX_FF       0.000             1.157              59       (172,2)  

++++ Path 2 ++++++++++++++++++++++++++++++++++++++++++++++++++++++++++++++++++++

Path Begin    : sapphire/u_ddr3_top/u_phy_top/u_ddr_phy_if/u2_ctl_fifo/u_efx_fifo_top/raddr[0]~FF|CLK
Path End      : sapphire/u_ddr3_top/u_phy_top/u_ddr_phy_if/u2_ctl_fifo/u_efx_fifo_top/raddr[3]~FF|D  
Launch Clock  : tx_cal_clk (RISE)                                                                    
Capture Clock : tx_cal_clk (RISE)                                                                    
Slack         : 0.098 (arrival time - required time)                                                 
Delay         : 0.096                                                                                

Logic Level             : 1
Non-global nets on path : 2
Global nets on path     : 0

Launch Clock Path Delay        : 1.157
+ Clock To Q + Data Path Delay : 0.168
--------------------------------------
End-of-path arrival time       : 1.325

Constraint                     : 0.000
+ Capture Clock Path Delay     : 1.157
+ Clock Uncertainty            : 0.070
--------------------------------------
End-of-path required time      : 1.227

Launch Clock Path
                                        name                                           model name   delay (ns)  cumulative delay (ns) pins on net    location
===============================================================================================================================================================
tx_cal_clk                                                                               input        0.000             0.000               0       (219,164)
tx_cal_clk                                                                               input        0.070             0.070              59       (219,164)
tx_cal_clk                                                                               net          1.087             1.157              59       (219,164)
   Routing elements:
      Manhattan distance of X:47, Y:156
sapphire/u_ddr3_top/u_phy_top/u_ddr_phy_if/u2_ctl_fifo/u_efx_fifo_top/raddr[0]~FF|CLK    EFX_FF       0.000             1.157              59       (172,8)  

Data Path
                                          name                                            model name   delay (ns)  cumulative delay (ns) pins on net    location
==================================================================================================================================================================
sapphire/u_ddr3_top/u_phy_top/u_ddr_phy_if/u2_ctl_fifo/u_efx_fifo_top/raddr[0]~FF|Q        EFX_FF        0.072             0.072              11        (172,8)
sapphire/u_ddr3_top/u_phy_top/u_ddr_phy_if/u2_ctl_fifo/u_efx_fifo_top/raddr[0]             net           0.062             0.134              11        (172,8)
   Routing elements:
      Manhattan distance of X:0, Y:2
LUT__124568|in[0]                                                                          EFX_LUT4      0.034             0.168              11        (172,6)
LUT__124568|out                                                                            EFX_LUT4      0.000             0.168               2        (172,6)
sapphire/u_ddr3_top/u_phy_top/u_ddr_phy_if/u2_ctl_fifo/u_efx_fifo_top/xefx_fifo_ctl/n342   net           0.000             0.168               2        (172,6)
sapphire/u_ddr3_top/u_phy_top/u_ddr_phy_if/u2_ctl_fifo/u_efx_fifo_top/raddr[3]~FF|D        EFX_FF        0.000             0.168               2        (172,6)

Capture Clock Path
                                        name                                           model name   delay (ns)  cumulative delay (ns) pins on net    location
===============================================================================================================================================================
tx_cal_clk                                                                               input        0.000             0.000               0       (219,164)
tx_cal_clk                                                                               input        0.070             0.070              59       (219,164)
tx_cal_clk                                                                               net          1.087             1.157              59       (219,164)
   Routing elements:
      Manhattan distance of X:47, Y:158
sapphire/u_ddr3_top/u_phy_top/u_ddr_phy_if/u2_ctl_fifo/u_efx_fifo_top/raddr[3]~FF|CLK    EFX_FF       0.000             1.157              59       (172,6)  

++++ Path 3 ++++++++++++++++++++++++++++++++++++++++++++++++++++++++++++++++++++

Path Begin    : sapphire/u_ddr3_top/u_phy_top/u_ddr_phy_if/wr_ctl_en[6]~FF|CLK
Path End      : sapphire/u_ddr3_top/u_phy_top/u_ddr_phy_if/wr_ctl_en[7]~FF|D  
Launch Clock  : tx_cal_clk (RISE)                                             
Capture Clock : tx_cal_clk (RISE)                                             
Slack         : 0.100 (arrival time - required time)                          
Delay         : 0.098                                                         

Logic Level             : 0
Non-global nets on path : 1
Global nets on path     : 0

Launch Clock Path Delay        : 1.157
+ Clock To Q + Data Path Delay : 0.170
--------------------------------------
End-of-path arrival time       : 1.327

Constraint                     : 0.000
+ Capture Clock Path Delay     : 1.157
+ Clock Uncertainty            : 0.070
--------------------------------------
End-of-path required time      : 1.227

Launch Clock Path
                             name                               model name   delay (ns)  cumulative delay (ns) pins on net    location
========================================================================================================================================
tx_cal_clk                                                        input        0.000             0.000               0       (219,164)
tx_cal_clk                                                        input        0.070             0.070              59       (219,164)
tx_cal_clk                                                        net          1.087             1.157              59       (219,164)
   Routing elements:
      Manhattan distance of X:95, Y:148
sapphire/u_ddr3_top/u_phy_top/u_ddr_phy_if/wr_ctl_en[6]~FF|CLK    EFX_FF       0.000             1.157              59       (124,16) 

Data Path
                            name                              model name   delay (ns)  cumulative delay (ns) pins on net    location
======================================================================================================================================
sapphire/u_ddr3_top/u_phy_top/u_ddr_phy_if/wr_ctl_en[6]~FF|Q    EFX_FF       0.072             0.072              3         (124,16)
sapphire/u_ddr3_top/u_phy_top/u_ddr_phy_if/wr_ctl_en[6]         net          0.098             0.170              3         (124,16)
   Routing elements:
      Manhattan distance of X:0, Y:4
sapphire/u_ddr3_top/u_phy_top/u_ddr_phy_if/wr_ctl_en[7]~FF|D    EFX_FF       0.000             0.170              3         (124,20)

Capture Clock Path
                             name                               model name   delay (ns)  cumulative delay (ns) pins on net    location
========================================================================================================================================
tx_cal_clk                                                        input        0.000             0.000               0       (219,164)
tx_cal_clk                                                        input        0.070             0.070              59       (219,164)
tx_cal_clk                                                        net          1.087             1.157              59       (219,164)
   Routing elements:
      Manhattan distance of X:95, Y:144
sapphire/u_ddr3_top/u_phy_top/u_ddr_phy_if/wr_ctl_en[7]~FF|CLK    EFX_FF       0.000             1.157              59       (124,20) 

++++ Path 4 ++++++++++++++++++++++++++++++++++++++++++++++++++++++++++++++++++++

Path Begin    : sapphire/u_ddr3_top/u_phy_top/u_ddr_phy_if/wr_ctl_en[3]~FF|CLK
Path End      : sapphire/u_ddr3_top/u_phy_top/u_ddr_phy_if/wr_ctl_en[4]~FF|D  
Launch Clock  : tx_cal_clk (RISE)                                             
Capture Clock : tx_cal_clk (RISE)                                             
Slack         : 0.101 (arrival time - required time)                          
Delay         : 0.099                                                         

Logic Level             : 0
Non-global nets on path : 1
Global nets on path     : 0

Launch Clock Path Delay        : 1.157
+ Clock To Q + Data Path Delay : 0.171
--------------------------------------
End-of-path arrival time       : 1.328

Constraint                     : 0.000
+ Capture Clock Path Delay     : 1.157
+ Clock Uncertainty            : 0.070
--------------------------------------
End-of-path required time      : 1.227

Launch Clock Path
                             name                               model name   delay (ns)  cumulative delay (ns) pins on net    location
========================================================================================================================================
tx_cal_clk                                                        input        0.000             0.000               0       (219,164)
tx_cal_clk                                                        input        0.070             0.070              59       (219,164)
tx_cal_clk                                                        net          1.087             1.157              59       (219,164)
   Routing elements:
      Manhattan distance of X:95, Y:155
sapphire/u_ddr3_top/u_phy_top/u_ddr_phy_if/wr_ctl_en[3]~FF|CLK    EFX_FF       0.000             1.157              59       (124,9)  

Data Path
                            name                              model name   delay (ns)  cumulative delay (ns) pins on net    location
======================================================================================================================================
sapphire/u_ddr3_top/u_phy_top/u_ddr_phy_if/wr_ctl_en[3]~FF|Q    EFX_FF       0.072             0.072              4         (124,9) 
sapphire/u_ddr3_top/u_phy_top/u_ddr_phy_if/wr_ctl_en[3]         net          0.099             0.171              4         (124,9) 
   Routing elements:
      Manhattan distance of X:0, Y:4
sapphire/u_ddr3_top/u_phy_top/u_ddr_phy_if/wr_ctl_en[4]~FF|D    EFX_FF       0.000             0.171              4         (124,13)

Capture Clock Path
                             name                               model name   delay (ns)  cumulative delay (ns) pins on net    location
========================================================================================================================================
tx_cal_clk                                                        input        0.000             0.000               0       (219,164)
tx_cal_clk                                                        input        0.070             0.070              59       (219,164)
tx_cal_clk                                                        net          1.087             1.157              59       (219,164)
   Routing elements:
      Manhattan distance of X:95, Y:151
sapphire/u_ddr3_top/u_phy_top/u_ddr_phy_if/wr_ctl_en[4]~FF|CLK    EFX_FF       0.000             1.157              59       (124,13) 

++++ Path 5 ++++++++++++++++++++++++++++++++++++++++++++++++++++++++++++++++++++

Path Begin    : sapphire/u_ddr3_top/u_phy_top/u_ddr_phy_if/wr_ctl_en[4]~FF|CLK
Path End      : sapphire/u_ddr3_top/u_phy_top/u_ddr_phy_if/wr_ctl_en[5]~FF|D  
Launch Clock  : tx_cal_clk (RISE)                                             
Capture Clock : tx_cal_clk (RISE)                                             
Slack         : 0.102 (arrival time - required time)                          
Delay         : 0.100                                                         

Logic Level             : 0
Non-global nets on path : 1
Global nets on path     : 0

Launch Clock Path Delay        : 1.157
+ Clock To Q + Data Path Delay : 0.172
--------------------------------------
End-of-path arrival time       : 1.329

Constraint                     : 0.000
+ Capture Clock Path Delay     : 1.157
+ Clock Uncertainty            : 0.070
--------------------------------------
End-of-path required time      : 1.227

Launch Clock Path
                             name                               model name   delay (ns)  cumulative delay (ns) pins on net    location
========================================================================================================================================
tx_cal_clk                                                        input        0.000             0.000               0       (219,164)
tx_cal_clk                                                        input        0.070             0.070              59       (219,164)
tx_cal_clk                                                        net          1.087             1.157              59       (219,164)
   Routing elements:
      Manhattan distance of X:95, Y:151
sapphire/u_ddr3_top/u_phy_top/u_ddr_phy_if/wr_ctl_en[4]~FF|CLK    EFX_FF       0.000             1.157              59       (124,13) 

Data Path
                            name                              model name   delay (ns)  cumulative delay (ns) pins on net    location
======================================================================================================================================
sapphire/u_ddr3_top/u_phy_top/u_ddr_phy_if/wr_ctl_en[4]~FF|Q    EFX_FF       0.072             0.072              3         (124,13)
sapphire/u_ddr3_top/u_phy_top/u_ddr_phy_if/wr_ctl_en[4]         net          0.100             0.172              3         (124,13)
   Routing elements:
      Manhattan distance of X:0, Y:2
sapphire/u_ddr3_top/u_phy_top/u_ddr_phy_if/wr_ctl_en[5]~FF|D    EFX_FF       0.000             0.172              3         (124,15)

Capture Clock Path
                             name                               model name   delay (ns)  cumulative delay (ns) pins on net    location
========================================================================================================================================
tx_cal_clk                                                        input        0.000             0.000               0       (219,164)
tx_cal_clk                                                        input        0.070             0.070              59       (219,164)
tx_cal_clk                                                        net          1.087             1.157              59       (219,164)
   Routing elements:
      Manhattan distance of X:95, Y:149
sapphire/u_ddr3_top/u_phy_top/u_ddr_phy_if/wr_ctl_en[5]~FF|CLK    EFX_FF       0.000             1.157              59       (124,15) 

++++ Path 6 ++++++++++++++++++++++++++++++++++++++++++++++++++++++++++++++++++++

Path Begin    : sapphire/u_ddr3_top/u_phy_top/u_ddr_phy_if/wr_ctl_en[1]~FF|CLK
Path End      : sapphire/u_ddr3_top/u_phy_top/u_ddr_phy_if/wr_ctl_en[2]~FF|D  
Launch Clock  : tx_cal_clk (RISE)                                             
Capture Clock : tx_cal_clk (RISE)                                             
Slack         : 0.103 (arrival time - required time)                          
Delay         : 0.101                                                         

Logic Level             : 0
Non-global nets on path : 1
Global nets on path     : 0

Launch Clock Path Delay        : 1.157
+ Clock To Q + Data Path Delay : 0.173
--------------------------------------
End-of-path arrival time       : 1.330

Constraint                     : 0.000
+ Capture Clock Path Delay     : 1.157
+ Clock Uncertainty            : 0.070
--------------------------------------
End-of-path required time      : 1.227

Launch Clock Path
                             name                               model name   delay (ns)  cumulative delay (ns) pins on net    location
========================================================================================================================================
tx_cal_clk                                                        input        0.000             0.000               0       (219,164)
tx_cal_clk                                                        input        0.070             0.070              59       (219,164)
tx_cal_clk                                                        net          1.087             1.157              59       (219,164)
   Routing elements:
      Manhattan distance of X:95, Y:156
sapphire/u_ddr3_top/u_phy_top/u_ddr_phy_if/wr_ctl_en[1]~FF|CLK    EFX_FF       0.000             1.157              59       (124,8)  

Data Path
                            name                              model name   delay (ns)  cumulative delay (ns) pins on net    location
======================================================================================================================================
sapphire/u_ddr3_top/u_phy_top/u_ddr_phy_if/wr_ctl_en[1]~FF|Q    EFX_FF       0.072             0.072              3         (124,8) 
sapphire/u_ddr3_top/u_phy_top/u_ddr_phy_if/wr_ctl_en[1]         net          0.101             0.173              3         (124,8) 
   Routing elements:
      Manhattan distance of X:0, Y:2
sapphire/u_ddr3_top/u_phy_top/u_ddr_phy_if/wr_ctl_en[2]~FF|D    EFX_FF       0.000             0.173              3         (124,10)

Capture Clock Path
                             name                               model name   delay (ns)  cumulative delay (ns) pins on net    location
========================================================================================================================================
tx_cal_clk                                                        input        0.000             0.000               0       (219,164)
tx_cal_clk                                                        input        0.070             0.070              59       (219,164)
tx_cal_clk                                                        net          1.087             1.157              59       (219,164)
   Routing elements:
      Manhattan distance of X:95, Y:154
sapphire/u_ddr3_top/u_phy_top/u_ddr_phy_if/wr_ctl_en[2]~FF|CLK    EFX_FF       0.000             1.157              59       (124,10) 

++++ Path 7 ++++++++++++++++++++++++++++++++++++++++++++++++++++++++++++++++++++

Path Begin    : sapphire/u_ddr3_top/u_phy_top/u_ddr_phy_if/wr_cmd_en~FF|CLK   
Path End      : sapphire/u_ddr3_top/u_phy_top/u_ddr_phy_if/mem_dqs_out[0]~FF|D
Launch Clock  : tx_cal_clk (RISE)                                             
Capture Clock : tx_cal_clk (RISE)                                             
Slack         : 0.104 (arrival time - required time)                          
Delay         : 0.102                                                         

Logic Level             : 1
Non-global nets on path : 2
Global nets on path     : 0

Launch Clock Path Delay        : 1.157
+ Clock To Q + Data Path Delay : 0.174
--------------------------------------
End-of-path arrival time       : 1.331

Constraint                     : 0.000
+ Capture Clock Path Delay     : 1.157
+ Clock Uncertainty            : 0.070
--------------------------------------
End-of-path required time      : 1.227

Launch Clock Path
                           name                              model name   delay (ns)  cumulative delay (ns) pins on net    location
=====================================================================================================================================
tx_cal_clk                                                     input        0.000             0.000               0       (219,164)
tx_cal_clk                                                     input        0.070             0.070              59       (219,164)
tx_cal_clk                                                     net          1.087             1.157              59       (219,164)
   Routing elements:
      Manhattan distance of X:95, Y:158
sapphire/u_ddr3_top/u_phy_top/u_ddr_phy_if/wr_cmd_en~FF|CLK    EFX_FF       0.000             1.157              59       (124,6)  

Data Path
                             name                               model name   delay (ns)  cumulative delay (ns) pins on net    location
========================================================================================================================================
sapphire/u_ddr3_top/u_phy_top/u_ddr_phy_if/wr_cmd_en~FF|Q        EFX_FF        0.072             0.072              3         (124,6)
sapphire/u_ddr3_top/u_phy_top/u_ddr_phy_if/wr_cmd_en             net           0.068             0.140              3         (124,6)
   Routing elements:
      Manhattan distance of X:0, Y:3
LUT__124179|in[2]                                                EFX_LUT4      0.034             0.174              3         (124,3)
LUT__124179|out                                                  EFX_LUT4      0.000             0.174              2         (124,3)
sapphire/u_ddr3_top/u_phy_top/u_ddr_phy_if/n908                  net           0.000             0.174              2         (124,3)
sapphire/u_ddr3_top/u_phy_top/u_ddr_phy_if/mem_dqs_out[0]~FF|D   EFX_FF        0.000             0.174              2         (124,3)

Capture Clock Path
                              name                                model name   delay (ns)  cumulative delay (ns) pins on net    location
==========================================================================================================================================
tx_cal_clk                                                          input        0.000             0.000               0       (219,164)
tx_cal_clk                                                          input        0.070             0.070              59       (219,164)
tx_cal_clk                                                          net          1.087             1.157              59       (219,164)
   Routing elements:
      Manhattan distance of X:95, Y:161
sapphire/u_ddr3_top/u_phy_top/u_ddr_phy_if/mem_dqs_out[0]~FF|CLK    EFX_FF       0.000             1.157              59       (124,3)  

++++ Path 8 ++++++++++++++++++++++++++++++++++++++++++++++++++++++++++++++++++++

Path Begin    : sapphire/u_ddr3_top/u_phy_top/u_ddr_phy_if/u2_ctl_fifo/u_efx_fifo_top/raddr[0]~FF|CLK
Path End      : sapphire/u_ddr3_top/u_phy_top/u_ddr_phy_if/u2_ctl_fifo/u_efx_fifo_top/raddr[2]~FF|D  
Launch Clock  : tx_cal_clk (RISE)                                                                    
Capture Clock : tx_cal_clk (RISE)                                                                    
Slack         : 0.105 (arrival time - required time)                                                 
Delay         : 0.103                                                                                

Logic Level             : 1
Non-global nets on path : 2
Global nets on path     : 0

Launch Clock Path Delay        : 1.157
+ Clock To Q + Data Path Delay : 0.175
--------------------------------------
End-of-path arrival time       : 1.332

Constraint                     : 0.000
+ Capture Clock Path Delay     : 1.157
+ Clock Uncertainty            : 0.070
--------------------------------------
End-of-path required time      : 1.227

Launch Clock Path
                                        name                                           model name   delay (ns)  cumulative delay (ns) pins on net    location
===============================================================================================================================================================
tx_cal_clk                                                                               input        0.000             0.000               0       (219,164)
tx_cal_clk                                                                               input        0.070             0.070              59       (219,164)
tx_cal_clk                                                                               net          1.087             1.157              59       (219,164)
   Routing elements:
      Manhattan distance of X:47, Y:156
sapphire/u_ddr3_top/u_phy_top/u_ddr_phy_if/u2_ctl_fifo/u_efx_fifo_top/raddr[0]~FF|CLK    EFX_FF       0.000             1.157              59       (172,8)  

Data Path
                                          name                                            model name   delay (ns)  cumulative delay (ns) pins on net    location
==================================================================================================================================================================
sapphire/u_ddr3_top/u_phy_top/u_ddr_phy_if/u2_ctl_fifo/u_efx_fifo_top/raddr[0]~FF|Q        EFX_FF        0.072             0.072              11        (172,8)
sapphire/u_ddr3_top/u_phy_top/u_ddr_phy_if/u2_ctl_fifo/u_efx_fifo_top/raddr[0]             net           0.069             0.141              11        (172,8)
   Routing elements:
      Manhattan distance of X:0, Y:3
LUT__124567|in[0]                                                                          EFX_LUT4      0.034             0.175              11        (172,5)
LUT__124567|out                                                                            EFX_LUT4      0.000             0.175               2        (172,5)
sapphire/u_ddr3_top/u_phy_top/u_ddr_phy_if/u2_ctl_fifo/u_efx_fifo_top/xefx_fifo_ctl/n337   net           0.000             0.175               2        (172,5)
sapphire/u_ddr3_top/u_phy_top/u_ddr_phy_if/u2_ctl_fifo/u_efx_fifo_top/raddr[2]~FF|D        EFX_FF        0.000             0.175               2        (172,5)

Capture Clock Path
                                        name                                           model name   delay (ns)  cumulative delay (ns) pins on net    location
===============================================================================================================================================================
tx_cal_clk                                                                               input        0.000             0.000               0       (219,164)
tx_cal_clk                                                                               input        0.070             0.070              59       (219,164)
tx_cal_clk                                                                               net          1.087             1.157              59       (219,164)
   Routing elements:
      Manhattan distance of X:47, Y:159
sapphire/u_ddr3_top/u_phy_top/u_ddr_phy_if/u2_ctl_fifo/u_efx_fifo_top/raddr[2]~FF|CLK    EFX_FF       0.000             1.157              59       (172,5)  

++++ Path 9 ++++++++++++++++++++++++++++++++++++++++++++++++++++++++++++++++++++

Path Begin    : sapphire/u_ddr3_top/u_phy_top/u_ddr_phy_if/u2_ctl_fifo/u_efx_fifo_top/raddr[1]~FF|CLK
Path End      : sapphire/u_ddr3_top/u_phy_top/u_ddr_phy_if/u2_ctl_fifo/u_efx_fifo_top/raddr[3]~FF|D  
Launch Clock  : tx_cal_clk (RISE)                                                                    
Capture Clock : tx_cal_clk (RISE)                                                                    
Slack         : 0.105 (arrival time - required time)                                                 
Delay         : 0.103                                                                                

Logic Level             : 1
Non-global nets on path : 2
Global nets on path     : 0

Launch Clock Path Delay        : 1.157
+ Clock To Q + Data Path Delay : 0.175
--------------------------------------
End-of-path arrival time       : 1.332

Constraint                     : 0.000
+ Capture Clock Path Delay     : 1.157
+ Clock Uncertainty            : 0.070
--------------------------------------
End-of-path required time      : 1.227

Launch Clock Path
                                        name                                           model name   delay (ns)  cumulative delay (ns) pins on net    location
===============================================================================================================================================================
tx_cal_clk                                                                               input        0.000             0.000               0       (219,164)
tx_cal_clk                                                                               input        0.070             0.070              59       (219,164)
tx_cal_clk                                                                               net          1.087             1.157              59       (219,164)
   Routing elements:
      Manhattan distance of X:47, Y:160
sapphire/u_ddr3_top/u_phy_top/u_ddr_phy_if/u2_ctl_fifo/u_efx_fifo_top/raddr[1]~FF|CLK    EFX_FF       0.000             1.157              59       (172,4)  

Data Path
                                          name                                            model name   delay (ns)  cumulative delay (ns) pins on net    location
==================================================================================================================================================================
sapphire/u_ddr3_top/u_phy_top/u_ddr_phy_if/u2_ctl_fifo/u_efx_fifo_top/raddr[1]~FF|Q        EFX_FF        0.072             0.072              10        (172,4)
sapphire/u_ddr3_top/u_phy_top/u_ddr_phy_if/u2_ctl_fifo/u_efx_fifo_top/raddr[1]             net           0.069             0.141              10        (172,4)
   Routing elements:
      Manhattan distance of X:0, Y:2
LUT__124568|in[1]                                                                          EFX_LUT4      0.034             0.175              10        (172,6)
LUT__124568|out                                                                            EFX_LUT4      0.000             0.175               2        (172,6)
sapphire/u_ddr3_top/u_phy_top/u_ddr_phy_if/u2_ctl_fifo/u_efx_fifo_top/xefx_fifo_ctl/n342   net           0.000             0.175               2        (172,6)
sapphire/u_ddr3_top/u_phy_top/u_ddr_phy_if/u2_ctl_fifo/u_efx_fifo_top/raddr[3]~FF|D        EFX_FF        0.000             0.175               2        (172,6)

Capture Clock Path
                                        name                                           model name   delay (ns)  cumulative delay (ns) pins on net    location
===============================================================================================================================================================
tx_cal_clk                                                                               input        0.000             0.000               0       (219,164)
tx_cal_clk                                                                               input        0.070             0.070              59       (219,164)
tx_cal_clk                                                                               net          1.087             1.157              59       (219,164)
   Routing elements:
      Manhattan distance of X:47, Y:158
sapphire/u_ddr3_top/u_phy_top/u_ddr_phy_if/u2_ctl_fifo/u_efx_fifo_top/raddr[3]~FF|CLK    EFX_FF       0.000             1.157              59       (172,6)  

++++ Path 10 +++++++++++++++++++++++++++++++++++++++++++++++++++++++++++++++++++

Path Begin    : sapphire/u_ddr3_top/u_phy_top/u_ddr_phy_if/wr_ctl_en[5]~FF|CLK
Path End      : sapphire/u_ddr3_top/u_phy_top/u_ddr_phy_if/wr_ctl_en[6]~FF|D  
Launch Clock  : tx_cal_clk (RISE)                                             
Capture Clock : tx_cal_clk (RISE)                                             
Slack         : 0.109 (arrival time - required time)                          
Delay         : 0.107                                                         

Logic Level             : 0
Non-global nets on path : 1
Global nets on path     : 0

Launch Clock Path Delay        : 1.157
+ Clock To Q + Data Path Delay : 0.179
--------------------------------------
End-of-path arrival time       : 1.336

Constraint                     : 0.000
+ Capture Clock Path Delay     : 1.157
+ Clock Uncertainty            : 0.070
--------------------------------------
End-of-path required time      : 1.227

Launch Clock Path
                             name                               model name   delay (ns)  cumulative delay (ns) pins on net    location
========================================================================================================================================
tx_cal_clk                                                        input        0.000             0.000               0       (219,164)
tx_cal_clk                                                        input        0.070             0.070              59       (219,164)
tx_cal_clk                                                        net          1.087             1.157              59       (219,164)
   Routing elements:
      Manhattan distance of X:95, Y:149
sapphire/u_ddr3_top/u_phy_top/u_ddr_phy_if/wr_ctl_en[5]~FF|CLK    EFX_FF       0.000             1.157              59       (124,15) 

Data Path
                            name                              model name   delay (ns)  cumulative delay (ns) pins on net    location
======================================================================================================================================
sapphire/u_ddr3_top/u_phy_top/u_ddr_phy_if/wr_ctl_en[5]~FF|Q    EFX_FF       0.072             0.072              3         (124,15)
sapphire/u_ddr3_top/u_phy_top/u_ddr_phy_if/wr_ctl_en[5]         net          0.107             0.179              3         (124,15)
   Routing elements:
      Manhattan distance of X:0, Y:1
sapphire/u_ddr3_top/u_phy_top/u_ddr_phy_if/wr_ctl_en[6]~FF|D    EFX_FF       0.000             0.179              3         (124,16)

Capture Clock Path
                             name                               model name   delay (ns)  cumulative delay (ns) pins on net    location
========================================================================================================================================
tx_cal_clk                                                        input        0.000             0.000               0       (219,164)
tx_cal_clk                                                        input        0.070             0.070              59       (219,164)
tx_cal_clk                                                        net          1.087             1.157              59       (219,164)
   Routing elements:
      Manhattan distance of X:95, Y:148
sapphire/u_ddr3_top/u_phy_top/u_ddr_phy_if/wr_ctl_en[6]~FF|CLK    EFX_FF       0.000             1.157              59       (124,16) 

################################################################################
Path Detail Report (tx_cal_clk_90edge vs tx_cal_clk_90edge)
################################################################################


++++ Path 1 ++++++++++++++++++++++++++++++++++++++++++++++++++++++++++++++++++++

Path Begin    : sapphire/u_ddr3_top/u_phy_top/u_ddr_phy_if/i181_2|CLK      
Path End      : sapphire/u_ddr3_top/u_phy_top/u_ddr_phy_if/ddr_wren_r3~FF|D
Launch Clock  : tx_cal_clk_90edge (RISE)                                   
Capture Clock : tx_cal_clk_90edge (RISE)                                   
Slack         : 0.072 (arrival time - required time)                       
Delay         : 0.070                                                      

Logic Level             : 0
Non-global nets on path : 1
Global nets on path     : 0

Launch Clock Path Delay        : 1.162
+ Clock To Q + Data Path Delay : 0.142
--------------------------------------
End-of-path arrival time       : 1.304

Constraint                     : 0.000
+ Capture Clock Path Delay     : 1.162
+ Clock Uncertainty            : 0.070
--------------------------------------
End-of-path required time      : 1.232

Launch Clock Path
                        name                           model name   delay (ns)  cumulative delay (ns) pins on net    location
===============================================================================================================================
tx_cal_clk_90edge                                       input         0.000             0.000               0       (219,162)
tx_cal_clk_90edge                                       input         0.070             0.070             269       (219,162)
tx_cal_clk_90edge                                       net           1.092             1.162             269       (219,162)
   Routing elements:
      Manhattan distance of X:114, Y:133
sapphire/u_ddr3_top/u_phy_top/u_ddr_phy_if/i181_2|CLK   EFX_SRL8      0.000             1.162             269       (105,29) 

Data Path
                           name                              model name   delay (ns)  cumulative delay (ns) pins on net    location
=====================================================================================================================================
sapphire/u_ddr3_top/u_phy_top/u_ddr_phy_if/i181_2|Q           EFX_SRL8      0.072             0.072              3         (105,29)
sapphire/u_ddr3_top/u_phy_top/u_ddr_phy_if/i181_pre           net           0.070             0.142              3         (105,29)
   Routing elements:
      Manhattan distance of X:0, Y:1
sapphire/u_ddr3_top/u_phy_top/u_ddr_phy_if/ddr_wren_r3~FF|D   EFX_FF        0.000             0.142              3         (105,28)

Capture Clock Path
                            name                               model name   delay (ns)  cumulative delay (ns) pins on net    location
=======================================================================================================================================
tx_cal_clk_90edge                                                input        0.000             0.000               0       (219,162)
tx_cal_clk_90edge                                                input        0.070             0.070             269       (219,162)
tx_cal_clk_90edge                                                net          1.092             1.162             269       (219,162)
   Routing elements:
      Manhattan distance of X:114, Y:134
sapphire/u_ddr3_top/u_phy_top/u_ddr_phy_if/ddr_wren_r3~FF|CLK    EFX_FF       0.000             1.162             269       (105,28) 

++++ Path 2 ++++++++++++++++++++++++++++++++++++++++++++++++++++++++++++++++++++

Path Begin    : sapphire/u_ddr3_top/u_phy_top/u_ddr_phy_if/mem_dq_out[81]~FF|CLK
Path End      : sapphire/u_ddr3_top/u_phy_top/u_ddr_phy_if/mem_dq_out[49]~FF|D  
Launch Clock  : tx_cal_clk_90edge (RISE)                                        
Capture Clock : tx_cal_clk_90edge (RISE)                                        
Slack         : 0.091 (arrival time - required time)                            
Delay         : 0.089                                                           

Logic Level             : 1
Non-global nets on path : 2
Global nets on path     : 0

Launch Clock Path Delay        : 1.162
+ Clock To Q + Data Path Delay : 0.161
--------------------------------------
End-of-path arrival time       : 1.323

Constraint                     : 0.000
+ Capture Clock Path Delay     : 1.162
+ Clock Uncertainty            : 0.070
--------------------------------------
End-of-path required time      : 1.232

Launch Clock Path
                              name                                model name   delay (ns)  cumulative delay (ns) pins on net    location
==========================================================================================================================================
tx_cal_clk_90edge                                                   input        0.000             0.000               0       (219,162)
tx_cal_clk_90edge                                                   input        0.070             0.070             269       (219,162)
tx_cal_clk_90edge                                                   net          1.092             1.162             269       (219,162)
   Routing elements:
      Manhattan distance of X:112, Y:121
sapphire/u_ddr3_top/u_phy_top/u_ddr_phy_if/mem_dq_out[81]~FF|CLK    EFX_FF       0.000             1.162             269       (107,41) 

Data Path
                             name                               model name   delay (ns)  cumulative delay (ns) pins on net    location
========================================================================================================================================
sapphire/u_ddr3_top/u_phy_top/u_ddr_phy_if/mem_dq_out[81]~FF|Q   EFX_FF        0.072             0.072              2         (107,41)
sapphire/u_ddr3_top/u_phy_top/u_ddr_phy_if/mem_dq_out[81]        net           0.054             0.126              2         (107,41)
   Routing elements:
      Manhattan distance of X:2, Y:0
LUT__124631|in[1]                                                EFX_LUT4      0.035             0.161              2         (105,41)
LUT__124631|out                                                  EFX_LUT4      0.000             0.161              2         (105,41)
sapphire/u_ddr3_top/u_phy_top/u_ddr_phy_if/n1370                 net           0.000             0.161              2         (105,41)
sapphire/u_ddr3_top/u_phy_top/u_ddr_phy_if/mem_dq_out[49]~FF|D   EFX_FF        0.000             0.161              2         (105,41)

Capture Clock Path
                              name                                model name   delay (ns)  cumulative delay (ns) pins on net    location
==========================================================================================================================================
tx_cal_clk_90edge                                                   input        0.000             0.000               0       (219,162)
tx_cal_clk_90edge                                                   input        0.070             0.070             269       (219,162)
tx_cal_clk_90edge                                                   net          1.092             1.162             269       (219,162)
   Routing elements:
      Manhattan distance of X:114, Y:121
sapphire/u_ddr3_top/u_phy_top/u_ddr_phy_if/mem_dq_out[49]~FF|CLK    EFX_FF       0.000             1.162             269       (105,41) 

++++ Path 3 ++++++++++++++++++++++++++++++++++++++++++++++++++++++++++++++++++++

Path Begin    : sapphire/u_ddr3_top/u_phy_top/u_ddr_phy_if/wr_data_en[2]~FF|CLK
Path End      : sapphire/u_ddr3_top/u_phy_top/u_ddr_phy_if/wr_data_en[3]~FF|D  
Launch Clock  : tx_cal_clk_90edge (RISE)                                       
Capture Clock : tx_cal_clk_90edge (RISE)                                       
Slack         : 0.092 (arrival time - required time)                           
Delay         : 0.090                                                          

Logic Level             : 0
Non-global nets on path : 1
Global nets on path     : 0

Launch Clock Path Delay        : 1.162
+ Clock To Q + Data Path Delay : 0.162
--------------------------------------
End-of-path arrival time       : 1.324

Constraint                     : 0.000
+ Capture Clock Path Delay     : 1.162
+ Clock Uncertainty            : 0.070
--------------------------------------
End-of-path required time      : 1.232

Launch Clock Path
                             name                                model name   delay (ns)  cumulative delay (ns) pins on net    location
=========================================================================================================================================
tx_cal_clk_90edge                                                  input        0.000             0.000               0       (219,162)
tx_cal_clk_90edge                                                  input        0.070             0.070             269       (219,162)
tx_cal_clk_90edge                                                  net          1.092             1.162             269       (219,162)
   Routing elements:
      Manhattan distance of X:112, Y:142
sapphire/u_ddr3_top/u_phy_top/u_ddr_phy_if/wr_data_en[2]~FF|CLK    EFX_FF       0.000             1.162             269       (107,20) 

Data Path
                            name                               model name   delay (ns)  cumulative delay (ns) pins on net    location
=======================================================================================================================================
sapphire/u_ddr3_top/u_phy_top/u_ddr_phy_if/wr_data_en[2]~FF|Q    EFX_FF       0.072             0.072              5         (107,20)
sapphire/u_ddr3_top/u_phy_top/u_ddr_phy_if/wr_data_en[2]         net          0.090             0.162              5         (107,20)
   Routing elements:
      Manhattan distance of X:2, Y:0
sapphire/u_ddr3_top/u_phy_top/u_ddr_phy_if/wr_data_en[3]~FF|D    EFX_FF       0.000             0.162              5         (105,20)

Capture Clock Path
                             name                                model name   delay (ns)  cumulative delay (ns) pins on net    location
=========================================================================================================================================
tx_cal_clk_90edge                                                  input        0.000             0.000               0       (219,162)
tx_cal_clk_90edge                                                  input        0.070             0.070             269       (219,162)
tx_cal_clk_90edge                                                  net          1.092             1.162             269       (219,162)
   Routing elements:
      Manhattan distance of X:114, Y:142
sapphire/u_ddr3_top/u_phy_top/u_ddr_phy_if/wr_data_en[3]~FF|CLK    EFX_FF       0.000             1.162             269       (105,20) 

++++ Path 4 ++++++++++++++++++++++++++++++++++++++++++++++++++++++++++++++++++++

Path Begin    : sapphire/u_ddr3_top/u_phy_top/u_ddr_phy_if/mem_dq_out[22]~FF|CLK 
Path End      : sapphire/u_ddr3_top/u_phy_top/u_ddr_phy_if/mem_dq_out_r1[22]~FF|D
Launch Clock  : tx_cal_clk_90edge (RISE)                                         
Capture Clock : tx_cal_clk_90edge (RISE)                                         
Slack         : 0.096 (arrival time - required time)                             
Delay         : 0.094                                                            

Logic Level             : 0
Non-global nets on path : 1
Global nets on path     : 0

Launch Clock Path Delay        : 1.162
+ Clock To Q + Data Path Delay : 0.166
--------------------------------------
End-of-path arrival time       : 1.328

Constraint                     : 0.000
+ Capture Clock Path Delay     : 1.162
+ Clock Uncertainty            : 0.070
--------------------------------------
End-of-path required time      : 1.232

Launch Clock Path
                              name                                model name   delay (ns)  cumulative delay (ns) pins on net    location
==========================================================================================================================================
tx_cal_clk_90edge                                                   input        0.000             0.000               0       (219,162)
tx_cal_clk_90edge                                                   input        0.070             0.070             269       (219,162)
tx_cal_clk_90edge                                                   net          1.092             1.162             269       (219,162)
   Routing elements:
      Manhattan distance of X:114, Y:148
sapphire/u_ddr3_top/u_phy_top/u_ddr_phy_if/mem_dq_out[22]~FF|CLK    EFX_FF       0.000             1.162             269       (105,14) 

Data Path
                              name                                 model name   delay (ns)  cumulative delay (ns) pins on net    location
===========================================================================================================================================
sapphire/u_ddr3_top/u_phy_top/u_ddr_phy_if/mem_dq_out[22]~FF|Q       EFX_FF       0.072             0.072              3         (105,14)
sapphire/u_ddr3_top/u_phy_top/u_ddr_phy_if/mem_dq_out[22]            net          0.094             0.166              3         (105,14)
   Routing elements:
      Manhattan distance of X:2, Y:0
sapphire/u_ddr3_top/u_phy_top/u_ddr_phy_if/mem_dq_out_r1[22]~FF|D    EFX_FF       0.000             0.166              3         (107,14)

Capture Clock Path
                               name                                  model name   delay (ns)  cumulative delay (ns) pins on net    location
=============================================================================================================================================
tx_cal_clk_90edge                                                      input        0.000             0.000               0       (219,162)
tx_cal_clk_90edge                                                      input        0.070             0.070             269       (219,162)
tx_cal_clk_90edge                                                      net          1.092             1.162             269       (219,162)
   Routing elements:
      Manhattan distance of X:112, Y:148
sapphire/u_ddr3_top/u_phy_top/u_ddr_phy_if/mem_dq_out_r1[22]~FF|CLK    EFX_FF       0.000             1.162             269       (107,14) 

++++ Path 5 ++++++++++++++++++++++++++++++++++++++++++++++++++++++++++++++++++++

Path Begin    : sapphire/u_ddr3_top/u_phy_top/u_ddr_phy_if/mem_dq_out[58]~FF|CLK
Path End      : sapphire/u_ddr3_top/u_phy_top/u_ddr_phy_if/mem_dq_out[26]~FF|D  
Launch Clock  : tx_cal_clk_90edge (RISE)                                        
Capture Clock : tx_cal_clk_90edge (RISE)                                        
Slack         : 0.097 (arrival time - required time)                            
Delay         : 0.095                                                           

Logic Level             : 1
Non-global nets on path : 2
Global nets on path     : 0

Launch Clock Path Delay        : 1.162
+ Clock To Q + Data Path Delay : 0.167
--------------------------------------
End-of-path arrival time       : 1.329

Constraint                     : 0.000
+ Capture Clock Path Delay     : 1.162
+ Clock Uncertainty            : 0.070
--------------------------------------
End-of-path required time      : 1.232

Launch Clock Path
                              name                                model name   delay (ns)  cumulative delay (ns) pins on net    location
==========================================================================================================================================
tx_cal_clk_90edge                                                   input        0.000             0.000               0       (219,162)
tx_cal_clk_90edge                                                   input        0.070             0.070             269       (219,162)
tx_cal_clk_90edge                                                   net          1.092             1.162             269       (219,162)
   Routing elements:
      Manhattan distance of X:112, Y:144
sapphire/u_ddr3_top/u_phy_top/u_ddr_phy_if/mem_dq_out[58]~FF|CLK    EFX_FF       0.000             1.162             269       (107,18) 

Data Path
                             name                               model name   delay (ns)  cumulative delay (ns) pins on net    location
========================================================================================================================================
sapphire/u_ddr3_top/u_phy_top/u_ddr_phy_if/mem_dq_out[58]~FF|Q   EFX_FF        0.072             0.072              2         (107,18)
sapphire/u_ddr3_top/u_phy_top/u_ddr_phy_if/mem_dq_out[58]        net           0.061             0.133              2         (107,18)
   Routing elements:
      Manhattan distance of X:4, Y:0
LUT__124608|in[1]                                                EFX_LUT4      0.034             0.167              2         (103,18)
LUT__124608|out                                                  EFX_LUT4      0.000             0.167              2         (103,18)
sapphire/u_ddr3_top/u_phy_top/u_ddr_phy_if/n1393                 net           0.000             0.167              2         (103,18)
sapphire/u_ddr3_top/u_phy_top/u_ddr_phy_if/mem_dq_out[26]~FF|D   EFX_FF        0.000             0.167              2         (103,18)

Capture Clock Path
                              name                                model name   delay (ns)  cumulative delay (ns) pins on net    location
==========================================================================================================================================
tx_cal_clk_90edge                                                   input        0.000             0.000               0       (219,162)
tx_cal_clk_90edge                                                   input        0.070             0.070             269       (219,162)
tx_cal_clk_90edge                                                   net          1.092             1.162             269       (219,162)
   Routing elements:
      Manhattan distance of X:116, Y:144
sapphire/u_ddr3_top/u_phy_top/u_ddr_phy_if/mem_dq_out[26]~FF|CLK    EFX_FF       0.000             1.162             269       (103,18) 

++++ Path 6 ++++++++++++++++++++++++++++++++++++++++++++++++++++++++++++++++++++

Path Begin    : sapphire/u_ddr3_top/u_phy_top/u_ddr_phy_if/u3_dout_fifo/u_efx_fifo_top/raddr[0]~FF|CLK                   
Path End      : sapphire/u_ddr3_top/u_phy_top/u_ddr_phy_if/u3_dout_fifo/u_efx_fifo_top/xefx_fifo_ctl/raddr_cntr_r[0]~FF|D
Launch Clock  : tx_cal_clk_90edge (RISE)                                                                                 
Capture Clock : tx_cal_clk_90edge (RISE)                                                                                 
Slack         : 0.097 (arrival time - required time)                                                                     
Delay         : 0.095                                                                                                    

Logic Level             : 0
Non-global nets on path : 1
Global nets on path     : 0

Launch Clock Path Delay        : 1.162
+ Clock To Q + Data Path Delay : 0.167
--------------------------------------
End-of-path arrival time       : 1.329

Constraint                     : 0.000
+ Capture Clock Path Delay     : 1.162
+ Clock Uncertainty            : 0.070
--------------------------------------
End-of-path required time      : 1.232

Launch Clock Path
                                         name                                           model name   delay (ns)  cumulative delay (ns) pins on net    location
================================================================================================================================================================
tx_cal_clk_90edge                                                                         input        0.000             0.000               0       (219,162)
tx_cal_clk_90edge                                                                         input        0.070             0.070             269       (219,162)
tx_cal_clk_90edge                                                                         net          1.092             1.162             269       (219,162)
   Routing elements:
      Manhattan distance of X:106, Y:134
sapphire/u_ddr3_top/u_phy_top/u_ddr_phy_if/u3_dout_fifo/u_efx_fifo_top/raddr[0]~FF|CLK    EFX_FF       0.000             1.162             269       (113,28) 

Data Path
                                                  name                                                     model name   delay (ns)  cumulative delay (ns) pins on net    location
===================================================================================================================================================================================
sapphire/u_ddr3_top/u_phy_top/u_ddr_phy_if/u3_dout_fifo/u_efx_fifo_top/raddr[0]~FF|Q                         EFX_FF       0.072             0.072              16        (113,28)
sapphire/u_ddr3_top/u_phy_top/u_ddr_phy_if/u3_dout_fifo/u_efx_fifo_top/raddr[0]                              net          0.095             0.167              16        (113,28)
   Routing elements:
      Manhattan distance of X:0, Y:2
sapphire/u_ddr3_top/u_phy_top/u_ddr_phy_if/u3_dout_fifo/u_efx_fifo_top/xefx_fifo_ctl/raddr_cntr_r[0]~FF|D    EFX_FF       0.000             0.167              16        (113,26)

Capture Clock Path
                                                   name                                                      model name   delay (ns)  cumulative delay (ns) pins on net    location
=====================================================================================================================================================================================
tx_cal_clk_90edge                                                                                              input        0.000             0.000               0       (219,162)
tx_cal_clk_90edge                                                                                              input        0.070             0.070             269       (219,162)
tx_cal_clk_90edge                                                                                              net          1.092             1.162             269       (219,162)
   Routing elements:
      Manhattan distance of X:106, Y:136
sapphire/u_ddr3_top/u_phy_top/u_ddr_phy_if/u3_dout_fifo/u_efx_fifo_top/xefx_fifo_ctl/raddr_cntr_r[0]~FF|CLK    EFX_FF       0.000             1.162             269       (113,26) 

++++ Path 7 ++++++++++++++++++++++++++++++++++++++++++++++++++++++++++++++++++++

Path Begin    : sapphire/u_ddr3_top/u_phy_top/u_ddr_phy_if/mem_dq_out[121]~FF|CLK
Path End      : sapphire/u_ddr3_top/u_phy_top/u_ddr_phy_if/mem_dq_out[89]~FF|D   
Launch Clock  : tx_cal_clk_90edge (RISE)                                         
Capture Clock : tx_cal_clk_90edge (RISE)                                         
Slack         : 0.099 (arrival time - required time)                             
Delay         : 0.097                                                            

Logic Level             : 1
Non-global nets on path : 2
Global nets on path     : 0

Launch Clock Path Delay        : 1.162
+ Clock To Q + Data Path Delay : 0.169
--------------------------------------
End-of-path arrival time       : 1.331

Constraint                     : 0.000
+ Capture Clock Path Delay     : 1.162
+ Clock Uncertainty            : 0.070
--------------------------------------
End-of-path required time      : 1.232

Launch Clock Path
                              name                                 model name   delay (ns)  cumulative delay (ns) pins on net    location
===========================================================================================================================================
tx_cal_clk_90edge                                                    input        0.000             0.000               0       (219,162)
tx_cal_clk_90edge                                                    input        0.070             0.070             269       (219,162)
tx_cal_clk_90edge                                                    net          1.092             1.162             269       (219,162)
   Routing elements:
      Manhattan distance of X:112, Y:133
sapphire/u_ddr3_top/u_phy_top/u_ddr_phy_if/mem_dq_out[121]~FF|CLK    EFX_FF       0.000             1.162             269       (107,29) 

Data Path
                             name                                model name   delay (ns)  cumulative delay (ns) pins on net    location
=========================================================================================================================================
sapphire/u_ddr3_top/u_phy_top/u_ddr_phy_if/mem_dq_out[121]~FF|Q   EFX_FF        0.072             0.072              2         (107,29)
sapphire/u_ddr3_top/u_phy_top/u_ddr_phy_if/mem_dq_out[121]        net           0.063             0.135              2         (107,29)
   Routing elements:
      Manhattan distance of X:0, Y:4
LUT__124671|in[1]                                                 EFX_LUT4      0.034             0.169              2         (107,33)
LUT__124671|out                                                   EFX_LUT4      0.000             0.169              2         (107,33)
sapphire/u_ddr3_top/u_phy_top/u_ddr_phy_if/n1330                  net           0.000             0.169              2         (107,33)
sapphire/u_ddr3_top/u_phy_top/u_ddr_phy_if/mem_dq_out[89]~FF|D    EFX_FF        0.000             0.169              2         (107,33)

Capture Clock Path
                              name                                model name   delay (ns)  cumulative delay (ns) pins on net    location
==========================================================================================================================================
tx_cal_clk_90edge                                                   input        0.000             0.000               0       (219,162)
tx_cal_clk_90edge                                                   input        0.070             0.070             269       (219,162)
tx_cal_clk_90edge                                                   net          1.092             1.162             269       (219,162)
   Routing elements:
      Manhattan distance of X:112, Y:129
sapphire/u_ddr3_top/u_phy_top/u_ddr_phy_if/mem_dq_out[89]~FF|CLK    EFX_FF       0.000             1.162             269       (107,33) 

++++ Path 8 ++++++++++++++++++++++++++++++++++++++++++++++++++++++++++++++++++++

Path Begin    : sapphire/u_ddr3_top/u_phy_top/u_ddr_phy_if/mem_dq_out_r1[31]~FF|CLK
Path End      : ddr_dq_out_hi[15]~FF|D                                             
Launch Clock  : tx_cal_clk_90edge (RISE)                                           
Capture Clock : tx_cal_clk_90edge (RISE)                                           
Slack         : 0.101 (arrival time - required time)                               
Delay         : 0.099                                                              

Logic Level             : 1
Non-global nets on path : 2
Global nets on path     : 0

Launch Clock Path Delay        : 1.162
+ Clock To Q + Data Path Delay : 0.171
--------------------------------------
End-of-path arrival time       : 1.333

Constraint                     : 0.000
+ Capture Clock Path Delay     : 1.162
+ Clock Uncertainty            : 0.070
--------------------------------------
End-of-path required time      : 1.232

Launch Clock Path
                               name                                  model name   delay (ns)  cumulative delay (ns) pins on net    location
=============================================================================================================================================
tx_cal_clk_90edge                                                      input        0.000             0.000               0       (219,162)
tx_cal_clk_90edge                                                      input        0.070             0.070             269       (219,162)
tx_cal_clk_90edge                                                      net          1.092             1.162             269       (219,162)
   Routing elements:
      Manhattan distance of X:167, Y:159
sapphire/u_ddr3_top/u_phy_top/u_ddr_phy_if/mem_dq_out_r1[31]~FF|CLK    EFX_FF       0.000             1.162             269       (52,3)   

Data Path
                              name                                 model name   delay (ns)  cumulative delay (ns) pins on net    location
===========================================================================================================================================
sapphire/u_ddr3_top/u_phy_top/u_ddr_phy_if/mem_dq_out_r1[31]~FF|Q   EFX_FF        0.072             0.072              2          (52,3)
sapphire/u_ddr3_top/u_phy_top/u_ddr_phy_if/mem_dq_out_r1[31]        net           0.065             0.137              2          (52,3)
   Routing elements:
      Manhattan distance of X:0, Y:1
LUT__124778|in[1]                                                   EFX_LUT4      0.034             0.171              2          (52,2)
LUT__124778|out                                                     EFX_LUT4      0.000             0.171              2          (52,2)
sapphire/u_ddr3_top/u_phy_top/u_ddr_phy_if/n1888                    net           0.000             0.171              2          (52,2)
ddr_dq_out_hi[15]~FF|D                                              EFX_FF        0.000             0.171              2          (52,2)

Capture Clock Path
          name            model name   delay (ns)  cumulative delay (ns) pins on net    location
==================================================================================================
tx_cal_clk_90edge           input        0.000             0.000               0       (219,162)
tx_cal_clk_90edge           input        0.070             0.070             269       (219,162)
tx_cal_clk_90edge           net          1.092             1.162             269       (219,162)
   Routing elements:
      Manhattan distance of X:167, Y:160
ddr_dq_out_hi[15]~FF|CLK    EFX_FF       0.000             1.162             269       (52,2)   

++++ Path 9 ++++++++++++++++++++++++++++++++++++++++++++++++++++++++++++++++++++

Path Begin    : sapphire/u_ddr3_top/u_phy_top/u_ddr_phy_if/wr_data_en[7]~FF|CLK
Path End      : ddr_dq_oe[0]~FF|D                                              
Launch Clock  : tx_cal_clk_90edge (RISE)                                       
Capture Clock : tx_cal_clk_90edge (RISE)                                       
Slack         : 0.101 (arrival time - required time)                           
Delay         : 0.099                                                          

Logic Level             : 1
Non-global nets on path : 2
Global nets on path     : 0

Launch Clock Path Delay        : 1.162
+ Clock To Q + Data Path Delay : 0.171
--------------------------------------
End-of-path arrival time       : 1.333

Constraint                     : 0.000
+ Capture Clock Path Delay     : 1.162
+ Clock Uncertainty            : 0.070
--------------------------------------
End-of-path required time      : 1.232

Launch Clock Path
                             name                                model name   delay (ns)  cumulative delay (ns) pins on net    location
=========================================================================================================================================
tx_cal_clk_90edge                                                  input        0.000             0.000               0       (219,162)
tx_cal_clk_90edge                                                  input        0.070             0.070             269       (219,162)
tx_cal_clk_90edge                                                  net          1.092             1.162             269       (219,162)
   Routing elements:
      Manhattan distance of X:116, Y:159
sapphire/u_ddr3_top/u_phy_top/u_ddr_phy_if/wr_data_en[7]~FF|CLK    EFX_FF       0.000             1.162             269       (103,3)  

Data Path
                            name                               model name   delay (ns)  cumulative delay (ns) pins on net    location
=======================================================================================================================================
sapphire/u_ddr3_top/u_phy_top/u_ddr_phy_if/wr_data_en[7]~FF|Q   EFX_FF        0.072             0.072              2         (103,3)
sapphire/u_ddr3_top/u_phy_top/u_ddr_phy_if/wr_data_en[7]        net           0.065             0.137              2         (103,3)
   Routing elements:
      Manhattan distance of X:0, Y:1
LUT__124285|in[2]                                               EFX_LUT4      0.034             0.171              2         (103,2)
LUT__124285|out                                                 EFX_LUT4      0.000             0.171              2         (103,2)
sapphire/u_ddr3_top/u_phy_top/u_ddr_phy_if/n1969                net           0.000             0.171              2         (103,2)
ddr_dq_oe[0]~FF|D                                               EFX_FF        0.000             0.171              2         (103,2)

Capture Clock Path
       name          model name   delay (ns)  cumulative delay (ns) pins on net    location
=============================================================================================
tx_cal_clk_90edge      input        0.000             0.000               0       (219,162)
tx_cal_clk_90edge      input        0.070             0.070             269       (219,162)
tx_cal_clk_90edge      net          1.092             1.162             269       (219,162)
   Routing elements:
      Manhattan distance of X:116, Y:160
ddr_dq_oe[0]~FF|CLK    EFX_FF       0.000             1.162             269       (103,2)  

++++ Path 10 +++++++++++++++++++++++++++++++++++++++++++++++++++++++++++++++++++

Path Begin    : sapphire/u_ddr3_top/u_phy_top/u_ddr_phy_if/mem_dm_out[3]~FF|CLK
Path End      : ddr_dm_lo[1]~FF|D                                              
Launch Clock  : tx_cal_clk_90edge (RISE)                                       
Capture Clock : tx_cal_clk_90edge (RISE)                                       
Slack         : 0.103 (arrival time - required time)                           
Delay         : 0.101                                                          

Logic Level             : 1
Non-global nets on path : 2
Global nets on path     : 0

Launch Clock Path Delay        : 1.162
+ Clock To Q + Data Path Delay : 0.173
--------------------------------------
End-of-path arrival time       : 1.335

Constraint                     : 0.000
+ Capture Clock Path Delay     : 1.162
+ Clock Uncertainty            : 0.070
--------------------------------------
End-of-path required time      : 1.232

Launch Clock Path
                             name                                model name   delay (ns)  cumulative delay (ns) pins on net    location
=========================================================================================================================================
tx_cal_clk_90edge                                                  input        0.000             0.000               0       (219,162)
tx_cal_clk_90edge                                                  input        0.070             0.070             269       (219,162)
tx_cal_clk_90edge                                                  net          1.092             1.162             269       (219,162)
   Routing elements:
      Manhattan distance of X:114, Y:159
sapphire/u_ddr3_top/u_phy_top/u_ddr_phy_if/mem_dm_out[3]~FF|CLK    EFX_FF       0.000             1.162             269       (105,3)  

Data Path
                            name                               model name   delay (ns)  cumulative delay (ns) pins on net    location
=======================================================================================================================================
sapphire/u_ddr3_top/u_phy_top/u_ddr_phy_if/mem_dm_out[3]~FF|Q   EFX_FF        0.072             0.072              3         (105,3)
sapphire/u_ddr3_top/u_phy_top/u_ddr_phy_if/mem_dm_out[3]        net           0.066             0.138              3         (105,3)
   Routing elements:
      Manhattan distance of X:0, Y:1
LUT__124821|in[1]                                               EFX_LUT4      0.035             0.173              3         (105,2)
LUT__124821|out                                                 EFX_LUT4      0.000             0.173              2         (105,2)
sapphire/u_ddr3_top/u_phy_top/u_ddr_phy_if/n1925                net           0.000             0.173              2         (105,2)
ddr_dm_lo[1]~FF|D                                               EFX_FF        0.000             0.173              2         (105,2)

Capture Clock Path
       name          model name   delay (ns)  cumulative delay (ns) pins on net    location
=============================================================================================
tx_cal_clk_90edge      input        0.000             0.000               0       (219,162)
tx_cal_clk_90edge      input        0.070             0.070             269       (219,162)
tx_cal_clk_90edge      net          1.092             1.162             269       (219,162)
   Routing elements:
      Manhattan distance of X:114, Y:160
ddr_dm_lo[1]~FF|CLK    EFX_FF       0.000             1.162             269       (105,2)  

---------- Path Details for Min Critical Paths (end) ---------------

