Copyright 1986-2019 Xilinx, Inc. All Rights Reserved.
--------------------------------------------------------------------------------------------------------------------------------------------------------------------------
| Tool Version : Vivado v.2019.2 (win64) Build 2708876 Wed Nov  6 21:40:23 MST 2019
| Date         : Fri Aug 28 10:00:02 2026
| Host         : LAPTOP-C1GK89UB running 64-bit major release  (build 9200)
| Command      : report_timing_summary -delay_type max -max_paths 10 -report_unconstrained -file D:/ZYNQ/smallproject/generated/reports/rv32core-task8/timing_summary.rpt
| Design       : Rv32Core
| Device       : 7z015-clg485
| Speed File   : -2  PRODUCTION 1.11 2014-09-11
--------------------------------------------------------------------------------------------------------------------------------------------------------------------------

Timing Summary Report

------------------------------------------------------------------------------------------------
| Timer Settings
| --------------
------------------------------------------------------------------------------------------------

  Enable Multi Corner Analysis               :  Yes
  Enable Pessimism Removal                   :  Yes
  Pessimism Removal Resolution               :  Nearest Common Node
  Enable Input Delay Default Clock           :  No
  Enable Preset / Clear Arcs                 :  No
  Disable Flight Delays                      :  No
  Ignore I/O Paths                           :  No
  Timing Early Launch at Borrowing Latches   :  No
  Borrow Time for Max Delay Exceptions       :  Yes
  Merge Timing Exceptions                    :  Yes

  Corner  Analyze    Analyze    
  Name    Max Paths  Min Paths  
  ------  ---------  ---------  
  Slow    Yes        Yes        
  Fast    Yes        Yes        



check_timing report

Table of Contents
-----------------
1. checking no_clock
2. checking constant_clock
3. checking pulse_width_clock
4. checking unconstrained_internal_endpoints
5. checking no_input_delay
6. checking no_output_delay
7. checking multiple_clock
8. checking generated_clocks
9. checking loops
10. checking partial_input_delay
11. checking partial_output_delay
12. checking latch_loops

1. checking no_clock
--------------------
 There are 0 register/latch pins with no clock.


2. checking constant_clock
--------------------------
 There are 0 register/latch pins with constant_clock.


3. checking pulse_width_clock
-----------------------------
 There are 0 register/latch pins which need pulse_width check


4. checking unconstrained_internal_endpoints
--------------------------------------------
 There are 0 pins that are not constrained for maximum delay.

 There are 0 pins that are not constrained for maximum delay due to constant clock.


5. checking no_input_delay
--------------------------
 There are 35 input ports with no input delay specified. (HIGH)

 There are 0 input ports with no input delay but user has a false path constraint.


6. checking no_output_delay
---------------------------
 There are 135 ports with no output delay specified. (HIGH)

 There are 0 ports with no output delay but user has a false path constraint

 There are 0 ports with no output delay but with a timing clock defined on it or propagating through it


7. checking multiple_clock
--------------------------
 There are 0 register/latch pins with multiple clocks.


8. checking generated_clocks
----------------------------
 There are 0 generated clocks that are not connected to a clock source.


9. checking loops
-----------------
 There are 0 combinational loops in the design.


10. checking partial_input_delay
--------------------------------
 There are 0 input ports with partial input delay specified.


11. checking partial_output_delay
---------------------------------
 There are 0 ports with partial output delay specified.


12. checking latch_loops
------------------------
 There are 0 combinational latch loops in the design through latch input



------------------------------------------------------------------------------------------------
| Design Timing Summary
| ---------------------
------------------------------------------------------------------------------------------------

    WNS(ns)      TNS(ns)  TNS Failing Endpoints  TNS Total Endpoints     WPWS(ns)     TPWS(ns)  TPWS Failing Endpoints  TPWS Total Endpoints  
    -------      -------  ---------------------  -------------------     --------     --------  ----------------------  --------------------  
      3.386        0.000                      0                 3242        3.870        0.000                       0                  1626  


All user specified timing constraints are met.


------------------------------------------------------------------------------------------------
| Clock Summary
| -------------
------------------------------------------------------------------------------------------------

Clock       Waveform(ns)       Period(ns)      Frequency(MHz)
-----       ------------       ----------      --------------
core_clock  {0.000 5.000}      10.000          100.000         


------------------------------------------------------------------------------------------------
| Intra Clock Table
| -----------------
------------------------------------------------------------------------------------------------

Clock             WNS(ns)      TNS(ns)  TNS Failing Endpoints  TNS Total Endpoints     WPWS(ns)     TPWS(ns)  TPWS Failing Endpoints  TPWS Total Endpoints  
-----             -------      -------  ---------------------  -------------------     --------     --------  ----------------------  --------------------  
core_clock          3.386        0.000                      0                 3242        3.870        0.000                       0                  1626  


------------------------------------------------------------------------------------------------
| Inter Clock Table
| -----------------
------------------------------------------------------------------------------------------------

From Clock    To Clock          WNS(ns)      TNS(ns)  TNS Failing Endpoints  TNS Total Endpoints  
----------    --------          -------      -------  ---------------------  -------------------  


------------------------------------------------------------------------------------------------
| Other Path Groups Table
| -----------------------
------------------------------------------------------------------------------------------------

Path Group    From Clock    To Clock          WNS(ns)      TNS(ns)  TNS Failing Endpoints  TNS Total Endpoints  
----------    ----------    --------          -------      -------  ---------------------  -------------------  


------------------------------------------------------------------------------------------------
| User Ignored Path Table
| -----------------------
------------------------------------------------------------------------------------------------

Path Group    From Clock    To Clock    
----------    ----------    --------    


------------------------------------------------------------------------------------------------
| Unconstrained Path Table
| ------------------------
------------------------------------------------------------------------------------------------

Path Group    From Clock    To Clock    
----------    ----------    --------    
(none)        core_clock                  
(none)                      core_clock    


------------------------------------------------------------------------------------------------
| Timing Details
| --------------
------------------------------------------------------------------------------------------------


---------------------------------------------------------------------------------------------------
From Clock:  core_clock
  To Clock:  core_clock

Setup :            0  Failing Endpoints,  Worst Slack        3.386ns,  Total Violation        0.000ns
Hold  :           NA  Failing Endpoints,  Worst Slack           NA  ,  Total Violation           NA
PW    :            0  Failing Endpoints,  Worst Slack        3.870ns,  Total Violation        0.000ns
---------------------------------------------------------------------------------------------------


Max Delay Paths
--------------------------------------------------------------------------------------
Slack (MET) :             3.386ns  (required time - arrival time)
  Source:                 idEx_inst_reg[22]/C
                            (rising edge-triggered cell FDRE clocked by core_clock  {rise@0.000ns fall@5.000ns period=10.000ns})
  Destination:            exMem_aluResult_reg[0]/D
                            (rising edge-triggered cell FDRE clocked by core_clock  {rise@0.000ns fall@5.000ns period=10.000ns})
  Path Group:             core_clock
  Path Type:              Setup (Max at Slow Process Corner)
  Requirement:            10.000ns  (core_clock rise@10.000ns - core_clock rise@0.000ns)
  Data Path Delay:        6.614ns  (logic 2.209ns (33.399%)  route 4.405ns (66.601%))
  Logic Levels:           12  (CARRY4=3 LUT2=1 LUT4=2 LUT5=3 LUT6=2 MUXF7=1)
  Clock Path Skew:        -0.039ns (DCD - SCD + CPR)
    Destination Clock Delay (DCD):    0.748ns = ( 10.748 - 10.000 ) 
    Source Clock Delay      (SCD):    0.787ns
    Clock Pessimism Removal (CPR):    0.000ns
  Clock Uncertainty:      0.035ns  ((TSJ^2 + TIJ^2)^1/2 + DJ) / 2 + PE
    Total System Jitter     (TSJ):    0.071ns
    Total Input Jitter      (TIJ):    0.000ns
    Discrete Jitter          (DJ):    0.000ns
    Phase Error              (PE):    0.000ns

    Location             Delay type                Incr(ns)  Path(ns)    Netlist Resource(s)
  -------------------------------------------------------------------    -------------------
                         (clock core_clock rise edge)
                                                      0.000     0.000 r  
                                                      0.000     0.000 r  clock (IN)
                         net (fo=1625, unset)         0.787     0.787    clock
                         FDRE                                         r  idEx_inst_reg[22]/C
  -------------------------------------------------------------------    -------------------
                         FDRE (Prop_fdre_C_Q)         0.397     1.184 r  idEx_inst_reg[22]/Q
                         net (fo=3, unplaced)         0.617     1.801    idEx_inst[22]
                         LUT4 (Prop_lut4_I1_O)        0.232     2.033 f  exMem_aluResult[31]_i_43/O
                         net (fo=1, unplaced)         0.807     2.840    exMem_aluResult[31]_i_43_n_0
                         LUT5 (Prop_lut5_I0_O)        0.105     2.945 f  exMem_aluResult[31]_i_37/O
                         net (fo=6, unplaced)         0.379     3.324    exMem_aluResult[31]_i_37_n_0
                         LUT2 (Prop_lut2_I1_O)        0.105     3.429 r  exMem_aluResult[2]_i_12/O
                         net (fo=31, unplaced)        0.652     4.081    exMem_aluResult[2]_i_12_n_0
                         LUT6 (Prop_lut6_I3_O)        0.105     4.186 r  exMem_aluResult[10]_i_13/O
                         net (fo=1, unplaced)         0.347     4.533    exMem_aluResult[10]_i_13_n_0
                         LUT5 (Prop_lut5_I4_O)        0.105     4.638 r  exMem_aluResult[10]_i_8/O
                         net (fo=7, unplaced)         0.617     5.255    exMem_aluResult[10]_i_8_n_0
                         LUT4 (Prop_lut4_I1_O)        0.105     5.360 r  exMem_aluResult[0]_i_68/O
                         net (fo=1, unplaced)         0.000     5.360    exMem_aluResult[0]_i_68_n_0
                         CARRY4 (Prop_carry4_S[1]_CO[3])
                                                      0.444     5.804 r  exMem_aluResult_reg[0]_i_43/CO[3]
                         net (fo=1, unplaced)         0.000     5.804    exMem_aluResult_reg[0]_i_43_n_0
                         CARRY4 (Prop_carry4_CI_CO[3])
                                                      0.100     5.904 r  exMem_aluResult_reg[0]_i_25/CO[3]
                         net (fo=1, unplaced)         0.000     5.904    exMem_aluResult_reg[0]_i_25_n_0
                         CARRY4 (Prop_carry4_CI_CO[3])
                                                      0.100     6.004 r  exMem_aluResult_reg[0]_i_11/CO[3]
                         net (fo=1, unplaced)         0.639     6.643    execute/data7
                         LUT6 (Prop_lut6_I0_O)        0.105     6.748 r  exMem_aluResult[0]_i_6/O
                         net (fo=1, unplaced)         0.347     7.095    exMem_aluResult[0]_i_6_n_0
                         LUT5 (Prop_lut5_I4_O)        0.105     7.200 r  exMem_aluResult[0]_i_2/O
                         net (fo=1, unplaced)         0.000     7.200    exMem_aluResult[0]_i_2_n_0
                         MUXF7 (Prop_muxf7_I0_O)      0.201     7.401 r  exMem_aluResult_reg[0]_i_1/O
                         net (fo=1, unplaced)         0.000     7.401    _execute_io_aluResult[0]
                         FDRE                                         r  exMem_aluResult_reg[0]/D
  -------------------------------------------------------------------    -------------------

                         (clock core_clock rise edge)
                                                     10.000    10.000 r  
                                                      0.000    10.000 r  clock (IN)
                         net (fo=1625, unset)         0.748    10.748    clock
                         FDRE                                         r  exMem_aluResult_reg[0]/C
                         clock pessimism              0.000    10.748    
                         clock uncertainty           -0.035    10.712    
                         FDRE (Setup_fdre_C_D)        0.075    10.787    exMem_aluResult_reg[0]
  -------------------------------------------------------------------
                         required time                         10.787    
                         arrival time                          -7.401    
  -------------------------------------------------------------------
                         slack                                  3.386    

Slack (MET) :             3.488ns  (required time - arrival time)
  Source:                 idEx_inst_reg[22]/C
                            (rising edge-triggered cell FDRE clocked by core_clock  {rise@0.000ns fall@5.000ns period=10.000ns})
  Destination:            exMem_aluResult_reg[23]/D
                            (rising edge-triggered cell FDRE clocked by core_clock  {rise@0.000ns fall@5.000ns period=10.000ns})
  Path Group:             core_clock
  Path Type:              Setup (Max at Slow Process Corner)
  Requirement:            10.000ns  (core_clock rise@10.000ns - core_clock rise@0.000ns)
  Data Path Delay:        6.512ns  (logic 2.631ns (40.402%)  route 3.881ns (59.598%))
  Logic Levels:           13  (CARRY4=4 LUT2=1 LUT3=1 LUT4=1 LUT5=3 LUT6=2 MUXF7=1)
  Clock Path Skew:        -0.039ns (DCD - SCD + CPR)
    Destination Clock Delay (DCD):    0.748ns = ( 10.748 - 10.000 ) 
    Source Clock Delay      (SCD):    0.787ns
    Clock Pessimism Removal (CPR):    0.000ns
  Clock Uncertainty:      0.035ns  ((TSJ^2 + TIJ^2)^1/2 + DJ) / 2 + PE
    Total System Jitter     (TSJ):    0.071ns
    Total Input Jitter      (TIJ):    0.000ns
    Discrete Jitter          (DJ):    0.000ns
    Phase Error              (PE):    0.000ns

    Location             Delay type                Incr(ns)  Path(ns)    Netlist Resource(s)
  -------------------------------------------------------------------    -------------------
                         (clock core_clock rise edge)
                                                      0.000     0.000 r  
                                                      0.000     0.000 r  clock (IN)
                         net (fo=1625, unset)         0.787     0.787    clock
                         FDRE                                         r  idEx_inst_reg[22]/C
  -------------------------------------------------------------------    -------------------
                         FDRE (Prop_fdre_C_Q)         0.397     1.184 r  idEx_inst_reg[22]/Q
                         net (fo=3, unplaced)         0.617     1.801    idEx_inst[22]
                         LUT4 (Prop_lut4_I1_O)        0.232     2.033 f  exMem_aluResult[31]_i_43/O
                         net (fo=1, unplaced)         0.807     2.840    exMem_aluResult[31]_i_43_n_0
                         LUT5 (Prop_lut5_I0_O)        0.105     2.945 f  exMem_aluResult[31]_i_37/O
                         net (fo=6, unplaced)         0.379     3.324    exMem_aluResult[31]_i_37_n_0
                         LUT2 (Prop_lut2_I1_O)        0.105     3.429 r  exMem_aluResult[2]_i_12/O
                         net (fo=31, unplaced)        0.652     4.081    exMem_aluResult[2]_i_12_n_0
                         LUT6 (Prop_lut6_I3_O)        0.105     4.186 r  exMem_aluResult[9]_i_13/O
                         net (fo=1, unplaced)         0.347     4.533    exMem_aluResult[9]_i_13_n_0
                         LUT5 (Prop_lut5_I4_O)        0.105     4.638 r  exMem_aluResult[9]_i_8/O
                         net (fo=7, unplaced)         0.363     5.001    exMem_aluResult[9]_i_8_n_0
                         LUT3 (Prop_lut3_I0_O)        0.105     5.106 r  exMem_aluResult[15]_i_26/O
                         net (fo=1, unplaced)         0.000     5.106    exMem_aluResult[15]_i_26_n_0
                         CARRY4 (Prop_carry4_S[1]_CO[3])
                                                      0.444     5.550 r  exMem_aluResult_reg[15]_i_15/CO[3]
                         net (fo=1, unplaced)         0.000     5.550    exMem_aluResult_reg[15]_i_15_n_0
                         CARRY4 (Prop_carry4_CI_CO[3])
                                                      0.100     5.650 r  exMem_aluResult_reg[15]_i_7/CO[3]
                         net (fo=1, unplaced)         0.000     5.650    exMem_aluResult_reg[15]_i_7_n_0
                         CARRY4 (Prop_carry4_CI_CO[3])
                                                      0.100     5.750 r  exMem_aluResult_reg[19]_i_12/CO[3]
                         net (fo=1, unplaced)         0.000     5.750    exMem_aluResult_reg[19]_i_12_n_0
                         CARRY4 (Prop_carry4_CI_O[3])
                                                      0.277     6.027 r  exMem_aluResult_reg[27]_i_15/O[3]
                         net (fo=1, unplaced)         0.388     6.415    execute/data9[23]
                         LUT6 (Prop_lut6_I5_O)        0.250     6.665 r  exMem_aluResult[23]_i_6/O
                         net (fo=1, unplaced)         0.328     6.993    exMem_aluResult[23]_i_6_n_0
                         LUT5 (Prop_lut5_I4_O)        0.105     7.098 r  exMem_aluResult[23]_i_2/O
                         net (fo=1, unplaced)         0.000     7.098    exMem_aluResult[23]_i_2_n_0
                         MUXF7 (Prop_muxf7_I0_O)      0.201     7.299 r  exMem_aluResult_reg[23]_i_1/O
                         net (fo=1, unplaced)         0.000     7.299    _execute_io_aluResult[23]
                         FDRE                                         r  exMem_aluResult_reg[23]/D
  -------------------------------------------------------------------    -------------------

                         (clock core_clock rise edge)
                                                     10.000    10.000 r  
                                                      0.000    10.000 r  clock (IN)
                         net (fo=1625, unset)         0.748    10.748    clock
                         FDRE                                         r  exMem_aluResult_reg[23]/C
                         clock pessimism              0.000    10.748    
                         clock uncertainty           -0.035    10.712    
                         FDRE (Setup_fdre_C_D)        0.075    10.787    exMem_aluResult_reg[23]
  -------------------------------------------------------------------
                         required time                         10.787    
                         arrival time                          -7.299    
  -------------------------------------------------------------------
                         slack                                  3.488    

Slack (MET) :             3.547ns  (required time - arrival time)
  Source:                 idEx_inst_reg[22]/C
                            (rising edge-triggered cell FDRE clocked by core_clock  {rise@0.000ns fall@5.000ns period=10.000ns})
  Destination:            exMem_aluResult_reg[17]/D
                            (rising edge-triggered cell FDRE clocked by core_clock  {rise@0.000ns fall@5.000ns period=10.000ns})
  Path Group:             core_clock
  Path Type:              Setup (Max at Slow Process Corner)
  Requirement:            10.000ns  (core_clock rise@10.000ns - core_clock rise@0.000ns)
  Data Path Delay:        6.453ns  (logic 1.565ns (24.252%)  route 4.888ns (75.748%))
  Logic Levels:           9  (LUT4=1 LUT5=4 LUT6=3 MUXF7=1)
  Clock Path Skew:        -0.039ns (DCD - SCD + CPR)
    Destination Clock Delay (DCD):    0.748ns = ( 10.748 - 10.000 ) 
    Source Clock Delay      (SCD):    0.787ns
    Clock Pessimism Removal (CPR):    0.000ns
  Clock Uncertainty:      0.035ns  ((TSJ^2 + TIJ^2)^1/2 + DJ) / 2 + PE
    Total System Jitter     (TSJ):    0.071ns
    Total Input Jitter      (TIJ):    0.000ns
    Discrete Jitter          (DJ):    0.000ns
    Phase Error              (PE):    0.000ns

    Location             Delay type                Incr(ns)  Path(ns)    Netlist Resource(s)
  -------------------------------------------------------------------    -------------------
                         (clock core_clock rise edge)
                                                      0.000     0.000 r  
                                                      0.000     0.000 r  clock (IN)
                         net (fo=1625, unset)         0.787     0.787    clock
                         FDRE                                         r  idEx_inst_reg[22]/C
  -------------------------------------------------------------------    -------------------
                         FDRE (Prop_fdre_C_Q)         0.397     1.184 r  idEx_inst_reg[22]/Q
                         net (fo=3, unplaced)         0.617     1.801    idEx_inst[22]
                         LUT4 (Prop_lut4_I1_O)        0.232     2.033 r  exMem_aluResult[31]_i_43/O
                         net (fo=1, unplaced)         0.807     2.840    exMem_aluResult[31]_i_43_n_0
                         LUT5 (Prop_lut5_I0_O)        0.105     2.945 r  exMem_aluResult[31]_i_37/O
                         net (fo=6, unplaced)         0.360     3.305    exMem_aluResult[31]_i_37_n_0
                         LUT6 (Prop_lut6_I1_O)        0.105     3.410 r  exMem_aluResult[2]_i_11/O
                         net (fo=31, unplaced)        0.652     4.062    exMem_aluResult[2]_i_11_n_0
                         LUT5 (Prop_lut5_I1_O)        0.105     4.167 r  exMem_aluResult[1]_i_7/O
                         net (fo=85, unplaced)        0.902     5.069    exMem_aluResult[1]_i_7_n_0
                         LUT6 (Prop_lut6_I4_O)        0.105     5.174 r  exMem_aluResult[17]_i_16/O
                         net (fo=5, unplaced)         0.610     5.784    exMem_aluResult[17]_i_16_n_0
                         LUT5 (Prop_lut5_I4_O)        0.105     5.889 r  exMem_aluResult[17]_i_10/O
                         net (fo=2, unplaced)         0.593     6.482    exMem_aluResult[17]_i_10_n_0
                         LUT6 (Prop_lut6_I1_O)        0.105     6.587 r  exMem_aluResult[17]_i_4/O
                         net (fo=1, unplaced)         0.347     6.934    exMem_aluResult[17]_i_4_n_0
                         LUT5 (Prop_lut5_I0_O)        0.105     7.039 r  exMem_aluResult[17]_i_2/O
                         net (fo=1, unplaced)         0.000     7.039    exMem_aluResult[17]_i_2_n_0
                         MUXF7 (Prop_muxf7_I0_O)      0.201     7.240 r  exMem_aluResult_reg[17]_i_1/O
                         net (fo=1, unplaced)         0.000     7.240    _execute_io_aluResult[17]
                         FDRE                                         r  exMem_aluResult_reg[17]/D
  -------------------------------------------------------------------    -------------------

                         (clock core_clock rise edge)
                                                     10.000    10.000 r  
                                                      0.000    10.000 r  clock (IN)
                         net (fo=1625, unset)         0.748    10.748    clock
                         FDRE                                         r  exMem_aluResult_reg[17]/C
                         clock pessimism              0.000    10.748    
                         clock uncertainty           -0.035    10.712    
                         FDRE (Setup_fdre_C_D)        0.075    10.787    exMem_aluResult_reg[17]
  -------------------------------------------------------------------
                         required time                         10.787    
                         arrival time                          -7.240    
  -------------------------------------------------------------------
                         slack                                  3.547    

Slack (MET) :             3.547ns  (required time - arrival time)
  Source:                 idEx_inst_reg[22]/C
                            (rising edge-triggered cell FDRE clocked by core_clock  {rise@0.000ns fall@5.000ns period=10.000ns})
  Destination:            exMem_aluResult_reg[9]/D
                            (rising edge-triggered cell FDRE clocked by core_clock  {rise@0.000ns fall@5.000ns period=10.000ns})
  Path Group:             core_clock
  Path Type:              Setup (Max at Slow Process Corner)
  Requirement:            10.000ns  (core_clock rise@10.000ns - core_clock rise@0.000ns)
  Data Path Delay:        6.453ns  (logic 1.565ns (24.252%)  route 4.888ns (75.748%))
  Logic Levels:           9  (LUT4=1 LUT5=4 LUT6=3 MUXF7=1)
  Clock Path Skew:        -0.039ns (DCD - SCD + CPR)
    Destination Clock Delay (DCD):    0.748ns = ( 10.748 - 10.000 ) 
    Source Clock Delay      (SCD):    0.787ns
    Clock Pessimism Removal (CPR):    0.000ns
  Clock Uncertainty:      0.035ns  ((TSJ^2 + TIJ^2)^1/2 + DJ) / 2 + PE
    Total System Jitter     (TSJ):    0.071ns
    Total Input Jitter      (TIJ):    0.000ns
    Discrete Jitter          (DJ):    0.000ns
    Phase Error              (PE):    0.000ns

    Location             Delay type                Incr(ns)  Path(ns)    Netlist Resource(s)
  -------------------------------------------------------------------    -------------------
                         (clock core_clock rise edge)
                                                      0.000     0.000 r  
                                                      0.000     0.000 r  clock (IN)
                         net (fo=1625, unset)         0.787     0.787    clock
                         FDRE                                         r  idEx_inst_reg[22]/C
  -------------------------------------------------------------------    -------------------
                         FDRE (Prop_fdre_C_Q)         0.397     1.184 r  idEx_inst_reg[22]/Q
                         net (fo=3, unplaced)         0.617     1.801    idEx_inst[22]
                         LUT4 (Prop_lut4_I1_O)        0.232     2.033 r  exMem_aluResult[31]_i_43/O
                         net (fo=1, unplaced)         0.807     2.840    exMem_aluResult[31]_i_43_n_0
                         LUT5 (Prop_lut5_I0_O)        0.105     2.945 r  exMem_aluResult[31]_i_37/O
                         net (fo=6, unplaced)         0.360     3.305    exMem_aluResult[31]_i_37_n_0
                         LUT6 (Prop_lut6_I1_O)        0.105     3.410 r  exMem_aluResult[2]_i_11/O
                         net (fo=31, unplaced)        0.652     4.062    exMem_aluResult[2]_i_11_n_0
                         LUT5 (Prop_lut5_I1_O)        0.105     4.167 r  exMem_aluResult[1]_i_7/O
                         net (fo=85, unplaced)        0.902     5.069    exMem_aluResult[1]_i_7_n_0
                         LUT6 (Prop_lut6_I4_O)        0.105     5.174 r  exMem_aluResult[17]_i_16/O
                         net (fo=5, unplaced)         0.610     5.784    exMem_aluResult[17]_i_16_n_0
                         LUT5 (Prop_lut5_I4_O)        0.105     5.889 r  exMem_aluResult[17]_i_10/O
                         net (fo=2, unplaced)         0.593     6.482    exMem_aluResult[17]_i_10_n_0
                         LUT6 (Prop_lut6_I0_O)        0.105     6.587 r  exMem_aluResult[9]_i_4/O
                         net (fo=1, unplaced)         0.347     6.934    exMem_aluResult[9]_i_4_n_0
                         LUT5 (Prop_lut5_I0_O)        0.105     7.039 r  exMem_aluResult[9]_i_2/O
                         net (fo=1, unplaced)         0.000     7.039    exMem_aluResult[9]_i_2_n_0
                         MUXF7 (Prop_muxf7_I0_O)      0.201     7.240 r  exMem_aluResult_reg[9]_i_1/O
                         net (fo=1, unplaced)         0.000     7.240    _execute_io_aluResult[9]
                         FDRE                                         r  exMem_aluResult_reg[9]/D
  -------------------------------------------------------------------    -------------------

                         (clock core_clock rise edge)
                                                     10.000    10.000 r  
                                                      0.000    10.000 r  clock (IN)
                         net (fo=1625, unset)         0.748    10.748    clock
                         FDRE                                         r  exMem_aluResult_reg[9]/C
                         clock pessimism              0.000    10.748    
                         clock uncertainty           -0.035    10.712    
                         FDRE (Setup_fdre_C_D)        0.075    10.787    exMem_aluResult_reg[9]
  -------------------------------------------------------------------
                         required time                         10.787    
                         arrival time                          -7.240    
  -------------------------------------------------------------------
                         slack                                  3.547    

Slack (MET) :             3.551ns  (required time - arrival time)
  Source:                 idEx_inst_reg[22]/C
                            (rising edge-triggered cell FDRE clocked by core_clock  {rise@0.000ns fall@5.000ns period=10.000ns})
  Destination:            exMem_aluResult_reg[14]/D
                            (rising edge-triggered cell FDRE clocked by core_clock  {rise@0.000ns fall@5.000ns period=10.000ns})
  Path Group:             core_clock
  Path Type:              Setup (Max at Slow Process Corner)
  Requirement:            10.000ns  (core_clock rise@10.000ns - core_clock rise@0.000ns)
  Data Path Delay:        6.449ns  (logic 1.565ns (24.267%)  route 4.884ns (75.733%))
  Logic Levels:           9  (LUT4=1 LUT5=3 LUT6=4 MUXF7=1)
  Clock Path Skew:        -0.039ns (DCD - SCD + CPR)
    Destination Clock Delay (DCD):    0.748ns = ( 10.748 - 10.000 ) 
    Source Clock Delay      (SCD):    0.787ns
    Clock Pessimism Removal (CPR):    0.000ns
  Clock Uncertainty:      0.035ns  ((TSJ^2 + TIJ^2)^1/2 + DJ) / 2 + PE
    Total System Jitter     (TSJ):    0.071ns
    Total Input Jitter      (TIJ):    0.000ns
    Discrete Jitter          (DJ):    0.000ns
    Phase Error              (PE):    0.000ns

    Location             Delay type                Incr(ns)  Path(ns)    Netlist Resource(s)
  -------------------------------------------------------------------    -------------------
                         (clock core_clock rise edge)
                                                      0.000     0.000 r  
                                                      0.000     0.000 r  clock (IN)
                         net (fo=1625, unset)         0.787     0.787    clock
                         FDRE                                         r  idEx_inst_reg[22]/C
  -------------------------------------------------------------------    -------------------
                         FDRE (Prop_fdre_C_Q)         0.397     1.184 r  idEx_inst_reg[22]/Q
                         net (fo=3, unplaced)         0.617     1.801    idEx_inst[22]
                         LUT4 (Prop_lut4_I1_O)        0.232     2.033 r  exMem_aluResult[31]_i_43/O
                         net (fo=1, unplaced)         0.807     2.840    exMem_aluResult[31]_i_43_n_0
                         LUT5 (Prop_lut5_I0_O)        0.105     2.945 r  exMem_aluResult[31]_i_37/O
                         net (fo=6, unplaced)         0.360     3.305    exMem_aluResult[31]_i_37_n_0
                         LUT6 (Prop_lut6_I1_O)        0.105     3.410 r  exMem_aluResult[2]_i_11/O
                         net (fo=31, unplaced)        0.652     4.062    exMem_aluResult[2]_i_11_n_0
                         LUT5 (Prop_lut5_I1_O)        0.105     4.167 r  exMem_aluResult[1]_i_7/O
                         net (fo=85, unplaced)        0.902     5.069    exMem_aluResult[1]_i_7_n_0
                         LUT6 (Prop_lut6_I4_O)        0.105     5.174 r  exMem_aluResult[14]_i_14/O
                         net (fo=4, unplaced)         0.606     5.780    exMem_aluResult[14]_i_14_n_0
                         LUT5 (Prop_lut5_I4_O)        0.105     5.885 r  exMem_aluResult[14]_i_9/O
                         net (fo=2, unplaced)         0.593     6.478    exMem_aluResult[14]_i_9_n_0
                         LUT6 (Prop_lut6_I1_O)        0.105     6.583 r  exMem_aluResult[14]_i_4/O
                         net (fo=1, unplaced)         0.347     6.930    exMem_aluResult[14]_i_4_n_0
                         LUT6 (Prop_lut6_I0_O)        0.105     7.035 r  exMem_aluResult[14]_i_2/O
                         net (fo=1, unplaced)         0.000     7.035    exMem_aluResult[14]_i_2_n_0
                         MUXF7 (Prop_muxf7_I0_O)      0.201     7.236 r  exMem_aluResult_reg[14]_i_1/O
                         net (fo=1, unplaced)         0.000     7.236    _execute_io_aluResult[14]
                         FDRE                                         r  exMem_aluResult_reg[14]/D
  -------------------------------------------------------------------    -------------------

                         (clock core_clock rise edge)
                                                     10.000    10.000 r  
                                                      0.000    10.000 r  clock (IN)
                         net (fo=1625, unset)         0.748    10.748    clock
                         FDRE                                         r  exMem_aluResult_reg[14]/C
                         clock pessimism              0.000    10.748    
                         clock uncertainty           -0.035    10.712    
                         FDRE (Setup_fdre_C_D)        0.075    10.787    exMem_aluResult_reg[14]
  -------------------------------------------------------------------
                         required time                         10.787    
                         arrival time                          -7.236    
  -------------------------------------------------------------------
                         slack                                  3.551    

Slack (MET) :             3.551ns  (required time - arrival time)
  Source:                 idEx_inst_reg[22]/C
                            (rising edge-triggered cell FDRE clocked by core_clock  {rise@0.000ns fall@5.000ns period=10.000ns})
  Destination:            exMem_aluResult_reg[6]/D
                            (rising edge-triggered cell FDRE clocked by core_clock  {rise@0.000ns fall@5.000ns period=10.000ns})
  Path Group:             core_clock
  Path Type:              Setup (Max at Slow Process Corner)
  Requirement:            10.000ns  (core_clock rise@10.000ns - core_clock rise@0.000ns)
  Data Path Delay:        6.449ns  (logic 1.565ns (24.267%)  route 4.884ns (75.733%))
  Logic Levels:           9  (LUT4=1 LUT5=5 LUT6=2 MUXF7=1)
  Clock Path Skew:        -0.039ns (DCD - SCD + CPR)
    Destination Clock Delay (DCD):    0.748ns = ( 10.748 - 10.000 ) 
    Source Clock Delay      (SCD):    0.787ns
    Clock Pessimism Removal (CPR):    0.000ns
  Clock Uncertainty:      0.035ns  ((TSJ^2 + TIJ^2)^1/2 + DJ) / 2 + PE
    Total System Jitter     (TSJ):    0.071ns
    Total Input Jitter      (TIJ):    0.000ns
    Discrete Jitter          (DJ):    0.000ns
    Phase Error              (PE):    0.000ns

    Location             Delay type                Incr(ns)  Path(ns)    Netlist Resource(s)
  -------------------------------------------------------------------    -------------------
                         (clock core_clock rise edge)
                                                      0.000     0.000 r  
                                                      0.000     0.000 r  clock (IN)
                         net (fo=1625, unset)         0.787     0.787    clock
                         FDRE                                         r  idEx_inst_reg[22]/C
  -------------------------------------------------------------------    -------------------
                         FDRE (Prop_fdre_C_Q)         0.397     1.184 r  idEx_inst_reg[22]/Q
                         net (fo=3, unplaced)         0.617     1.801    idEx_inst[22]
                         LUT4 (Prop_lut4_I1_O)        0.232     2.033 r  exMem_aluResult[31]_i_43/O
                         net (fo=1, unplaced)         0.807     2.840    exMem_aluResult[31]_i_43_n_0
                         LUT5 (Prop_lut5_I0_O)        0.105     2.945 r  exMem_aluResult[31]_i_37/O
                         net (fo=6, unplaced)         0.360     3.305    exMem_aluResult[31]_i_37_n_0
                         LUT6 (Prop_lut6_I1_O)        0.105     3.410 r  exMem_aluResult[2]_i_11/O
                         net (fo=31, unplaced)        0.652     4.062    exMem_aluResult[2]_i_11_n_0
                         LUT5 (Prop_lut5_I1_O)        0.105     4.167 r  exMem_aluResult[1]_i_7/O
                         net (fo=85, unplaced)        0.902     5.069    exMem_aluResult[1]_i_7_n_0
                         LUT6 (Prop_lut6_I4_O)        0.105     5.174 r  exMem_aluResult[14]_i_14/O
                         net (fo=4, unplaced)         0.606     5.780    exMem_aluResult[14]_i_14_n_0
                         LUT5 (Prop_lut5_I4_O)        0.105     5.885 r  exMem_aluResult[14]_i_9/O
                         net (fo=2, unplaced)         0.593     6.478    exMem_aluResult[14]_i_9_n_0
                         LUT5 (Prop_lut5_I0_O)        0.105     6.583 r  exMem_aluResult[6]_i_4/O
                         net (fo=1, unplaced)         0.347     6.930    exMem_aluResult[6]_i_4_n_0
                         LUT5 (Prop_lut5_I0_O)        0.105     7.035 r  exMem_aluResult[6]_i_2/O
                         net (fo=1, unplaced)         0.000     7.035    exMem_aluResult[6]_i_2_n_0
                         MUXF7 (Prop_muxf7_I0_O)      0.201     7.236 r  exMem_aluResult_reg[6]_i_1/O
                         net (fo=1, unplaced)         0.000     7.236    _execute_io_aluResult[6]
                         FDRE                                         r  exMem_aluResult_reg[6]/D
  -------------------------------------------------------------------    -------------------

                         (clock core_clock rise edge)
                                                     10.000    10.000 r  
                                                      0.000    10.000 r  clock (IN)
                         net (fo=1625, unset)         0.748    10.748    clock
                         FDRE                                         r  exMem_aluResult_reg[6]/C
                         clock pessimism              0.000    10.748    
                         clock uncertainty           -0.035    10.712    
                         FDRE (Setup_fdre_C_D)        0.075    10.787    exMem_aluResult_reg[6]
  -------------------------------------------------------------------
                         required time                         10.787    
                         arrival time                          -7.236    
  -------------------------------------------------------------------
                         slack                                  3.551    

Slack (MET) :             3.551ns  (required time - arrival time)
  Source:                 idEx_inst_reg[22]/C
                            (rising edge-triggered cell FDRE clocked by core_clock  {rise@0.000ns fall@5.000ns period=10.000ns})
  Destination:            exMem_aluResult_reg[7]/D
                            (rising edge-triggered cell FDRE clocked by core_clock  {rise@0.000ns fall@5.000ns period=10.000ns})
  Path Group:             core_clock
  Path Type:              Setup (Max at Slow Process Corner)
  Requirement:            10.000ns  (core_clock rise@10.000ns - core_clock rise@0.000ns)
  Data Path Delay:        6.449ns  (logic 1.565ns (24.267%)  route 4.884ns (75.733%))
  Logic Levels:           9  (LUT4=1 LUT5=5 LUT6=2 MUXF7=1)
  Clock Path Skew:        -0.039ns (DCD - SCD + CPR)
    Destination Clock Delay (DCD):    0.748ns = ( 10.748 - 10.000 ) 
    Source Clock Delay      (SCD):    0.787ns
    Clock Pessimism Removal (CPR):    0.000ns
  Clock Uncertainty:      0.035ns  ((TSJ^2 + TIJ^2)^1/2 + DJ) / 2 + PE
    Total System Jitter     (TSJ):    0.071ns
    Total Input Jitter      (TIJ):    0.000ns
    Discrete Jitter          (DJ):    0.000ns
    Phase Error              (PE):    0.000ns

    Location             Delay type                Incr(ns)  Path(ns)    Netlist Resource(s)
  -------------------------------------------------------------------    -------------------
                         (clock core_clock rise edge)
                                                      0.000     0.000 r  
                                                      0.000     0.000 r  clock (IN)
                         net (fo=1625, unset)         0.787     0.787    clock
                         FDRE                                         r  idEx_inst_reg[22]/C
  -------------------------------------------------------------------    -------------------
                         FDRE (Prop_fdre_C_Q)         0.397     1.184 r  idEx_inst_reg[22]/Q
                         net (fo=3, unplaced)         0.617     1.801    idEx_inst[22]
                         LUT4 (Prop_lut4_I1_O)        0.232     2.033 r  exMem_aluResult[31]_i_43/O
                         net (fo=1, unplaced)         0.807     2.840    exMem_aluResult[31]_i_43_n_0
                         LUT5 (Prop_lut5_I0_O)        0.105     2.945 r  exMem_aluResult[31]_i_37/O
                         net (fo=6, unplaced)         0.360     3.305    exMem_aluResult[31]_i_37_n_0
                         LUT6 (Prop_lut6_I1_O)        0.105     3.410 r  exMem_aluResult[2]_i_11/O
                         net (fo=31, unplaced)        0.652     4.062    exMem_aluResult[2]_i_11_n_0
                         LUT5 (Prop_lut5_I1_O)        0.105     4.167 r  exMem_aluResult[1]_i_7/O
                         net (fo=85, unplaced)        0.902     5.069    exMem_aluResult[1]_i_7_n_0
                         LUT6 (Prop_lut6_I4_O)        0.105     5.174 r  exMem_aluResult[15]_i_22/O
                         net (fo=4, unplaced)         0.606     5.780    exMem_aluResult[15]_i_22_n_0
                         LUT5 (Prop_lut5_I4_O)        0.105     5.885 r  exMem_aluResult[15]_i_11/O
                         net (fo=2, unplaced)         0.593     6.478    exMem_aluResult[15]_i_11_n_0
                         LUT5 (Prop_lut5_I0_O)        0.105     6.583 r  exMem_aluResult[7]_i_4/O
                         net (fo=1, unplaced)         0.347     6.930    exMem_aluResult[7]_i_4_n_0
                         LUT5 (Prop_lut5_I0_O)        0.105     7.035 r  exMem_aluResult[7]_i_2/O
                         net (fo=1, unplaced)         0.000     7.035    exMem_aluResult[7]_i_2_n_0
                         MUXF7 (Prop_muxf7_I0_O)      0.201     7.236 r  exMem_aluResult_reg[7]_i_1/O
                         net (fo=1, unplaced)         0.000     7.236    _execute_io_aluResult[7]
                         FDRE                                         r  exMem_aluResult_reg[7]/D
  -------------------------------------------------------------------    -------------------

                         (clock core_clock rise edge)
                                                     10.000    10.000 r  
                                                      0.000    10.000 r  clock (IN)
                         net (fo=1625, unset)         0.748    10.748    clock
                         FDRE                                         r  exMem_aluResult_reg[7]/C
                         clock pessimism              0.000    10.748    
                         clock uncertainty           -0.035    10.712    
                         FDRE (Setup_fdre_C_D)        0.075    10.787    exMem_aluResult_reg[7]
  -------------------------------------------------------------------
                         required time                         10.787    
                         arrival time                          -7.236    
  -------------------------------------------------------------------
                         slack                                  3.551    

Slack (MET) :             3.561ns  (required time - arrival time)
  Source:                 idEx_inst_reg[22]/C
                            (rising edge-triggered cell FDRE clocked by core_clock  {rise@0.000ns fall@5.000ns period=10.000ns})
  Destination:            exMem_aluResult_reg[28]/D
                            (rising edge-triggered cell FDRE clocked by core_clock  {rise@0.000ns fall@5.000ns period=10.000ns})
  Path Group:             core_clock
  Path Type:              Setup (Max at Slow Process Corner)
  Requirement:            10.000ns  (core_clock rise@10.000ns - core_clock rise@0.000ns)
  Data Path Delay:        6.439ns  (logic 1.585ns (24.616%)  route 4.854ns (75.384%))
  Logic Levels:           9  (LUT3=1 LUT4=1 LUT5=3 LUT6=3 MUXF7=1)
  Clock Path Skew:        -0.039ns (DCD - SCD + CPR)
    Destination Clock Delay (DCD):    0.748ns = ( 10.748 - 10.000 ) 
    Source Clock Delay      (SCD):    0.787ns
    Clock Pessimism Removal (CPR):    0.000ns
  Clock Uncertainty:      0.035ns  ((TSJ^2 + TIJ^2)^1/2 + DJ) / 2 + PE
    Total System Jitter     (TSJ):    0.071ns
    Total Input Jitter      (TIJ):    0.000ns
    Discrete Jitter          (DJ):    0.000ns
    Phase Error              (PE):    0.000ns

    Location             Delay type                Incr(ns)  Path(ns)    Netlist Resource(s)
  -------------------------------------------------------------------    -------------------
                         (clock core_clock rise edge)
                                                      0.000     0.000 r  
                                                      0.000     0.000 r  clock (IN)
                         net (fo=1625, unset)         0.787     0.787    clock
                         FDRE                                         r  idEx_inst_reg[22]/C
  -------------------------------------------------------------------    -------------------
                         FDRE (Prop_fdre_C_Q)         0.397     1.184 r  idEx_inst_reg[22]/Q
                         net (fo=3, unplaced)         0.617     1.801    idEx_inst[22]
                         LUT4 (Prop_lut4_I1_O)        0.232     2.033 r  exMem_aluResult[31]_i_43/O
                         net (fo=1, unplaced)         0.807     2.840    exMem_aluResult[31]_i_43_n_0
                         LUT5 (Prop_lut5_I0_O)        0.105     2.945 r  exMem_aluResult[31]_i_37/O
                         net (fo=6, unplaced)         0.360     3.305    exMem_aluResult[31]_i_37_n_0
                         LUT6 (Prop_lut6_I1_O)        0.105     3.410 r  exMem_aluResult[2]_i_11/O
                         net (fo=31, unplaced)        0.652     4.062    exMem_aluResult[2]_i_11_n_0
                         LUT5 (Prop_lut5_I1_O)        0.105     4.167 r  exMem_aluResult[1]_i_7/O
                         net (fo=85, unplaced)        0.902     5.069    exMem_aluResult[1]_i_7_n_0
                         LUT6 (Prop_lut6_I4_O)        0.105     5.174 r  exMem_aluResult[28]_i_17/O
                         net (fo=4, unplaced)         0.352     5.526    exMem_aluResult[28]_i_17_n_0
                         LUT3 (Prop_lut3_I0_O)        0.125     5.651 r  exMem_aluResult[28]_i_10/O
                         net (fo=1, unplaced)         0.582     6.233    exMem_aluResult[28]_i_10_n_0
                         LUT6 (Prop_lut6_I2_O)        0.105     6.338 r  exMem_aluResult[28]_i_5/O
                         net (fo=1, unplaced)         0.582     6.920    exMem_aluResult[28]_i_5_n_0
                         LUT5 (Prop_lut5_I2_O)        0.105     7.025 r  exMem_aluResult[28]_i_2/O
                         net (fo=1, unplaced)         0.000     7.025    exMem_aluResult[28]_i_2_n_0
                         MUXF7 (Prop_muxf7_I0_O)      0.201     7.226 r  exMem_aluResult_reg[28]_i_1/O
                         net (fo=1, unplaced)         0.000     7.226    _execute_io_aluResult[28]
                         FDRE                                         r  exMem_aluResult_reg[28]/D
  -------------------------------------------------------------------    -------------------

                         (clock core_clock rise edge)
                                                     10.000    10.000 r  
                                                      0.000    10.000 r  clock (IN)
                         net (fo=1625, unset)         0.748    10.748    clock
                         FDRE                                         r  exMem_aluResult_reg[28]/C
                         clock pessimism              0.000    10.748    
                         clock uncertainty           -0.035    10.712    
                         FDRE (Setup_fdre_C_D)        0.075    10.787    exMem_aluResult_reg[28]
  -------------------------------------------------------------------
                         required time                         10.787    
                         arrival time                          -7.226    
  -------------------------------------------------------------------
                         slack                                  3.561    

Slack (MET) :             3.562ns  (required time - arrival time)
  Source:                 idEx_inst_reg[22]/C
                            (rising edge-triggered cell FDRE clocked by core_clock  {rise@0.000ns fall@5.000ns period=10.000ns})
  Destination:            exMem_aluResult_reg[24]/D
                            (rising edge-triggered cell FDRE clocked by core_clock  {rise@0.000ns fall@5.000ns period=10.000ns})
  Path Group:             core_clock
  Path Type:              Setup (Max at Slow Process Corner)
  Requirement:            10.000ns  (core_clock rise@10.000ns - core_clock rise@0.000ns)
  Data Path Delay:        6.438ns  (logic 1.565ns (24.309%)  route 4.873ns (75.691%))
  Logic Levels:           9  (LUT3=1 LUT4=1 LUT5=2 LUT6=4 MUXF7=1)
  Clock Path Skew:        -0.039ns (DCD - SCD + CPR)
    Destination Clock Delay (DCD):    0.748ns = ( 10.748 - 10.000 ) 
    Source Clock Delay      (SCD):    0.787ns
    Clock Pessimism Removal (CPR):    0.000ns
  Clock Uncertainty:      0.035ns  ((TSJ^2 + TIJ^2)^1/2 + DJ) / 2 + PE
    Total System Jitter     (TSJ):    0.071ns
    Total Input Jitter      (TIJ):    0.000ns
    Discrete Jitter          (DJ):    0.000ns
    Phase Error              (PE):    0.000ns

    Location             Delay type                Incr(ns)  Path(ns)    Netlist Resource(s)
  -------------------------------------------------------------------    -------------------
                         (clock core_clock rise edge)
                                                      0.000     0.000 r  
                                                      0.000     0.000 r  clock (IN)
                         net (fo=1625, unset)         0.787     0.787    clock
                         FDRE                                         r  idEx_inst_reg[22]/C
  -------------------------------------------------------------------    -------------------
                         FDRE (Prop_fdre_C_Q)         0.397     1.184 r  idEx_inst_reg[22]/Q
                         net (fo=3, unplaced)         0.617     1.801    idEx_inst[22]
                         LUT4 (Prop_lut4_I1_O)        0.232     2.033 r  exMem_aluResult[31]_i_43/O
                         net (fo=1, unplaced)         0.807     2.840    exMem_aluResult[31]_i_43_n_0
                         LUT5 (Prop_lut5_I0_O)        0.105     2.945 r  exMem_aluResult[31]_i_37/O
                         net (fo=6, unplaced)         0.360     3.305    exMem_aluResult[31]_i_37_n_0
                         LUT6 (Prop_lut6_I1_O)        0.105     3.410 r  exMem_aluResult[2]_i_11/O
                         net (fo=31, unplaced)        0.652     4.062    exMem_aluResult[2]_i_11_n_0
                         LUT5 (Prop_lut5_I1_O)        0.105     4.167 r  exMem_aluResult[1]_i_7/O
                         net (fo=85, unplaced)        0.902     5.069    exMem_aluResult[1]_i_7_n_0
                         LUT6 (Prop_lut6_I4_O)        0.105     5.174 r  exMem_aluResult[28]_i_17/O
                         net (fo=4, unplaced)         0.371     5.545    exMem_aluResult[28]_i_17_n_0
                         LUT3 (Prop_lut3_I2_O)        0.105     5.650 r  exMem_aluResult[24]_i_11/O
                         net (fo=1, unplaced)         0.582     6.232    exMem_aluResult[24]_i_11_n_0
                         LUT6 (Prop_lut6_I2_O)        0.105     6.337 r  exMem_aluResult[24]_i_6/O
                         net (fo=1, unplaced)         0.582     6.919    exMem_aluResult[24]_i_6_n_0
                         LUT6 (Prop_lut6_I3_O)        0.105     7.024 r  exMem_aluResult[24]_i_2/O
                         net (fo=1, unplaced)         0.000     7.024    exMem_aluResult[24]_i_2_n_0
                         MUXF7 (Prop_muxf7_I0_O)      0.201     7.225 r  exMem_aluResult_reg[24]_i_1/O
                         net (fo=1, unplaced)         0.000     7.225    _execute_io_aluResult[24]
                         FDRE                                         r  exMem_aluResult_reg[24]/D
  -------------------------------------------------------------------    -------------------

                         (clock core_clock rise edge)
                                                     10.000    10.000 r  
                                                      0.000    10.000 r  clock (IN)
                         net (fo=1625, unset)         0.748    10.748    clock
                         FDRE                                         r  exMem_aluResult_reg[24]/C
                         clock pessimism              0.000    10.748    
                         clock uncertainty           -0.035    10.712    
                         FDRE (Setup_fdre_C_D)        0.075    10.787    exMem_aluResult_reg[24]
  -------------------------------------------------------------------
                         required time                         10.787    
                         arrival time                          -7.225    
  -------------------------------------------------------------------
                         slack                                  3.562    

Slack (MET) :             3.562ns  (required time - arrival time)
  Source:                 idEx_inst_reg[22]/C
                            (rising edge-triggered cell FDRE clocked by core_clock  {rise@0.000ns fall@5.000ns period=10.000ns})
  Destination:            exMem_aluResult_reg[25]/D
                            (rising edge-triggered cell FDRE clocked by core_clock  {rise@0.000ns fall@5.000ns period=10.000ns})
  Path Group:             core_clock
  Path Type:              Setup (Max at Slow Process Corner)
  Requirement:            10.000ns  (core_clock rise@10.000ns - core_clock rise@0.000ns)
  Data Path Delay:        6.438ns  (logic 1.565ns (24.309%)  route 4.873ns (75.691%))
  Logic Levels:           9  (LUT3=1 LUT4=1 LUT5=2 LUT6=4 MUXF7=1)
  Clock Path Skew:        -0.039ns (DCD - SCD + CPR)
    Destination Clock Delay (DCD):    0.748ns = ( 10.748 - 10.000 ) 
    Source Clock Delay      (SCD):    0.787ns
    Clock Pessimism Removal (CPR):    0.000ns
  Clock Uncertainty:      0.035ns  ((TSJ^2 + TIJ^2)^1/2 + DJ) / 2 + PE
    Total System Jitter     (TSJ):    0.071ns
    Total Input Jitter      (TIJ):    0.000ns
    Discrete Jitter          (DJ):    0.000ns
    Phase Error              (PE):    0.000ns

    Location             Delay type                Incr(ns)  Path(ns)    Netlist Resource(s)
  -------------------------------------------------------------------    -------------------
                         (clock core_clock rise edge)
                                                      0.000     0.000 r  
                                                      0.000     0.000 r  clock (IN)
                         net (fo=1625, unset)         0.787     0.787    clock
                         FDRE                                         r  idEx_inst_reg[22]/C
  -------------------------------------------------------------------    -------------------
                         FDRE (Prop_fdre_C_Q)         0.397     1.184 r  idEx_inst_reg[22]/Q
                         net (fo=3, unplaced)         0.617     1.801    idEx_inst[22]
                         LUT4 (Prop_lut4_I1_O)        0.232     2.033 r  exMem_aluResult[31]_i_43/O
                         net (fo=1, unplaced)         0.807     2.840    exMem_aluResult[31]_i_43_n_0
                         LUT5 (Prop_lut5_I0_O)        0.105     2.945 r  exMem_aluResult[31]_i_37/O
                         net (fo=6, unplaced)         0.360     3.305    exMem_aluResult[31]_i_37_n_0
                         LUT6 (Prop_lut6_I1_O)        0.105     3.410 r  exMem_aluResult[2]_i_11/O
                         net (fo=31, unplaced)        0.652     4.062    exMem_aluResult[2]_i_11_n_0
                         LUT5 (Prop_lut5_I1_O)        0.105     4.167 r  exMem_aluResult[1]_i_7/O
                         net (fo=85, unplaced)        0.902     5.069    exMem_aluResult[1]_i_7_n_0
                         LUT6 (Prop_lut6_I4_O)        0.105     5.174 r  exMem_aluResult[29]_i_20/O
                         net (fo=4, unplaced)         0.371     5.545    exMem_aluResult[29]_i_20_n_0
                         LUT3 (Prop_lut3_I2_O)        0.105     5.650 r  exMem_aluResult[25]_i_12/O
                         net (fo=1, unplaced)         0.582     6.232    exMem_aluResult[25]_i_12_n_0
                         LUT6 (Prop_lut6_I2_O)        0.105     6.337 r  exMem_aluResult[25]_i_6/O
                         net (fo=1, unplaced)         0.582     6.919    exMem_aluResult[25]_i_6_n_0
                         LUT6 (Prop_lut6_I3_O)        0.105     7.024 r  exMem_aluResult[25]_i_2/O
                         net (fo=1, unplaced)         0.000     7.024    exMem_aluResult[25]_i_2_n_0
                         MUXF7 (Prop_muxf7_I0_O)      0.201     7.225 r  exMem_aluResult_reg[25]_i_1/O
                         net (fo=1, unplaced)         0.000     7.225    _execute_io_aluResult[25]
                         FDRE                                         r  exMem_aluResult_reg[25]/D
  -------------------------------------------------------------------    -------------------

                         (clock core_clock rise edge)
                                                     10.000    10.000 r  
                                                      0.000    10.000 r  clock (IN)
                         net (fo=1625, unset)         0.748    10.748    clock
                         FDRE                                         r  exMem_aluResult_reg[25]/C
                         clock pessimism              0.000    10.748    
                         clock uncertainty           -0.035    10.712    
                         FDRE (Setup_fdre_C_D)        0.075    10.787    exMem_aluResult_reg[25]
  -------------------------------------------------------------------
                         required time                         10.787    
                         arrival time                          -7.225    
  -------------------------------------------------------------------
                         slack                                  3.562    





Pulse Width Checks
--------------------------------------------------------------------------------------
Clock Name:         core_clock
Waveform(ns):       { 0.000 5.000 }
Period(ns):         10.000
Sources:            { clock }

Check Type        Corner  Lib Pin     Reference Pin  Required(ns)  Actual(ns)  Slack(ns)  Location  Pin
Min Period        n/a     FDRE/C      n/a            1.000         10.000      9.000                exMem_pc_reg[20]/C
Min Period        n/a     FDRE/C      n/a            1.000         10.000      9.000                exMem_pc_reg[21]/C
Min Period        n/a     FDRE/C      n/a            1.000         10.000      9.000                exMem_pc_reg[22]/C
Min Period        n/a     FDRE/C      n/a            1.000         10.000      9.000                exMem_pc_reg[23]/C
Min Period        n/a     FDRE/C      n/a            1.000         10.000      9.000                exMem_pc_reg[24]/C
Min Period        n/a     FDRE/C      n/a            1.000         10.000      9.000                exMem_pc_reg[25]/C
Min Period        n/a     FDRE/C      n/a            1.000         10.000      9.000                exMem_pc_reg[26]/C
Min Period        n/a     FDRE/C      n/a            1.000         10.000      9.000                exMem_pc_reg[27]/C
Min Period        n/a     FDRE/C      n/a            1.000         10.000      9.000                exMem_pc_reg[28]/C
Min Period        n/a     FDRE/C      n/a            1.000         10.000      9.000                exMem_pc_reg[29]/C
Low Pulse Width   Slow    RAMD32/CLK  n/a            1.130         5.000       3.870                frontend/queue/ram_ext/Memory_reg_0_1_24_29/RAMA_D1/CLK
Low Pulse Width   Slow    RAMD32/CLK  n/a            1.130         5.000       3.870                frontend/queue/ram_ext/Memory_reg_0_1_24_29/RAMB/CLK
Low Pulse Width   Slow    RAMD32/CLK  n/a            1.130         5.000       3.870                frontend/queue/ram_ext/Memory_reg_0_1_24_29/RAMB_D1/CLK
Low Pulse Width   Slow    RAMD32/CLK  n/a            1.130         5.000       3.870                frontend/queue/ram_ext/Memory_reg_0_1_24_29/RAMC/CLK
Low Pulse Width   Slow    RAMD32/CLK  n/a            1.130         5.000       3.870                frontend/queue/ram_ext/Memory_reg_0_1_24_29/RAMC_D1/CLK
Low Pulse Width   Slow    RAMS32/CLK  n/a            1.130         5.000       3.870                frontend/queue/ram_ext/Memory_reg_0_1_24_29/RAMD/CLK
Low Pulse Width   Slow    RAMS32/CLK  n/a            1.130         5.000       3.870                frontend/queue/ram_ext/Memory_reg_0_1_24_29/RAMD_D1/CLK
Low Pulse Width   Slow    RAMD32/CLK  n/a            1.130         5.000       3.870                frontend/queue/ram_ext/Memory_reg_0_1_30_35/RAMA/CLK
Low Pulse Width   Slow    RAMD32/CLK  n/a            1.130         5.000       3.870                frontend/queue/ram_ext/Memory_reg_0_1_30_35/RAMA_D1/CLK
Low Pulse Width   Slow    RAMD32/CLK  n/a            1.130         5.000       3.870                frontend/queue/ram_ext/Memory_reg_0_1_30_35/RAMB/CLK
High Pulse Width  Slow    RAMD32/CLK  n/a            1.130         5.000       3.870                frontend/queue/ram_ext/Memory_reg_0_1_24_29/RAMA_D1/CLK
High Pulse Width  Fast    RAMD32/CLK  n/a            1.130         5.000       3.870                frontend/queue/ram_ext/Memory_reg_0_1_24_29/RAMA_D1/CLK
High Pulse Width  Slow    RAMD32/CLK  n/a            1.130         5.000       3.870                frontend/queue/ram_ext/Memory_reg_0_1_24_29/RAMB/CLK
High Pulse Width  Fast    RAMD32/CLK  n/a            1.130         5.000       3.870                frontend/queue/ram_ext/Memory_reg_0_1_24_29/RAMB/CLK
High Pulse Width  Slow    RAMD32/CLK  n/a            1.130         5.000       3.870                frontend/queue/ram_ext/Memory_reg_0_1_24_29/RAMB_D1/CLK
High Pulse Width  Fast    RAMD32/CLK  n/a            1.130         5.000       3.870                frontend/queue/ram_ext/Memory_reg_0_1_24_29/RAMB_D1/CLK
High Pulse Width  Slow    RAMD32/CLK  n/a            1.130         5.000       3.870                frontend/queue/ram_ext/Memory_reg_0_1_24_29/RAMC/CLK
High Pulse Width  Fast    RAMD32/CLK  n/a            1.130         5.000       3.870                frontend/queue/ram_ext/Memory_reg_0_1_24_29/RAMC/CLK
High Pulse Width  Slow    RAMD32/CLK  n/a            1.130         5.000       3.870                frontend/queue/ram_ext/Memory_reg_0_1_24_29/RAMC_D1/CLK
High Pulse Width  Fast    RAMD32/CLK  n/a            1.130         5.000       3.870                frontend/queue/ram_ext/Memory_reg_0_1_24_29/RAMC_D1/CLK



--------------------------------------------------------------------------------------
Path Group:  (none)
From Clock:  core_clock
  To Clock:  

Max Delay           135 Endpoints
Min Delay             0 Endpoints
--------------------------------------------------------------------------------------


Max Delay Paths
--------------------------------------------------------------------------------------
Slack:                    inf
  Source:                 memWb_legal_reg/C
                            (rising edge-triggered cell FDRE clocked by core_clock  {rise@0.000ns fall@5.000ns period=10.000ns})
  Destination:            io_commit_writeEnable
                            (output port)
  Path Group:             (none)
  Path Type:              Max at Slow Process Corner
  Data Path Delay:        2.551ns  (logic 0.734ns (28.773%)  route 1.817ns (71.227%))
  Logic Levels:           2  (LUT3=1 LUT6=1)
  Clock Uncertainty:      0.025ns  ((TSJ^2 + TIJ^2)^1/2 + DJ) / 2 + PE
    Total System Jitter     (TSJ):    0.050ns
    Total Input Jitter      (TIJ):    0.000ns
    Discrete Jitter          (DJ):    0.000ns
    Phase Error              (PE):    0.000ns

    Location             Delay type                Incr(ns)  Path(ns)    Netlist Resource(s)
  -------------------------------------------------------------------    -------------------
                         (clock core_clock rise edge)
                                                      0.000     0.000 r  
                                                      0.000     0.000 r  clock (IN)
                         net (fo=1625, unset)         0.787     0.787    clock
                         FDRE                                         r  memWb_legal_reg/C
  -------------------------------------------------------------------    -------------------
                         FDRE (Prop_fdre_C_Q)         0.397     1.184 r  memWb_legal_reg/Q
                         net (fo=2, unplaced)         0.610     1.794    regFile/memWb_legal
                         LUT3 (Prop_lut3_I0_O)        0.232     2.026 r  regFile/io_commit_writeEnable_INST_0_i_1/O
                         net (fo=34, unplaced)        0.420     2.446    p_3_in
                         LUT6 (Prop_lut6_I0_O)        0.105     2.551 r  io_commit_writeEnable_INST_0/O
                         net (fo=0)                   0.787     3.338    io_commit_writeEnable
                                                                      r  io_commit_writeEnable (OUT)
  -------------------------------------------------------------------    -------------------

Slack:                    inf
  Source:                 frontend/queue/deq_ptr_value_reg/C
                            (rising edge-triggered cell FDRE clocked by core_clock  {rise@0.000ns fall@5.000ns period=10.000ns})
  Destination:            io_imem_req_valid
                            (output port)
  Path Group:             (none)
  Path Type:              Max at Slow Process Corner
  Data Path Delay:        2.128ns  (logic 0.649ns (30.498%)  route 1.479ns (69.502%))
  Logic Levels:           1  (LUT4=1)
  Clock Uncertainty:      0.025ns  ((TSJ^2 + TIJ^2)^1/2 + DJ) / 2 + PE
    Total System Jitter     (TSJ):    0.050ns
    Total Input Jitter      (TIJ):    0.000ns
    Discrete Jitter          (DJ):    0.000ns
    Phase Error              (PE):    0.000ns

    Location             Delay type                Incr(ns)  Path(ns)    Netlist Resource(s)
  -------------------------------------------------------------------    -------------------
                         (clock core_clock rise edge)
                                                      0.000     0.000 r  
                                                      0.000     0.000 r  clock (IN)
                         net (fo=1625, unset)         0.787     0.787    frontend/queue/clock
                         FDRE                                         r  frontend/queue/deq_ptr_value_reg/C
  -------------------------------------------------------------------    -------------------
                         FDRE (Prop_fdre_C_Q)         0.397     1.184 r  frontend/queue/deq_ptr_value_reg/Q
                         net (fo=76, unplaced)        0.692     1.876    frontend/queue/deq_ptr_value
                         LUT4 (Prop_lut4_I1_O)        0.252     2.128 r  frontend/queue/io_imem_req_valid_INST_0/O
                         net (fo=0)                   0.787     2.915    io_imem_req_valid
                                                                      r  io_imem_req_valid (OUT)
  -------------------------------------------------------------------    -------------------

Slack:                    inf
  Source:                 frontend/queue/maybe_full_reg/C
                            (rising edge-triggered cell FDRE clocked by core_clock  {rise@0.000ns fall@5.000ns period=10.000ns})
  Destination:            io_imem_resp_ready
                            (output port)
  Path Group:             (none)
  Path Type:              Max at Slow Process Corner
  Data Path Delay:        2.058ns  (logic 0.629ns (30.564%)  route 1.429ns (69.436%))
  Logic Levels:           1  (LUT4=1)
  Clock Uncertainty:      0.025ns  ((TSJ^2 + TIJ^2)^1/2 + DJ) / 2 + PE
    Total System Jitter     (TSJ):    0.050ns
    Total Input Jitter      (TIJ):    0.000ns
    Discrete Jitter          (DJ):    0.000ns
    Phase Error              (PE):    0.000ns

    Location             Delay type                Incr(ns)  Path(ns)    Netlist Resource(s)
  -------------------------------------------------------------------    -------------------
                         (clock core_clock rise edge)
                                                      0.000     0.000 r  
                                                      0.000     0.000 r  clock (IN)
                         net (fo=1625, unset)         0.787     0.787    frontend/queue/clock
                         FDRE                                         r  frontend/queue/maybe_full_reg/C
  -------------------------------------------------------------------    -------------------
                         FDRE (Prop_fdre_C_Q)         0.397     1.184 f  frontend/queue/maybe_full_reg/Q
                         net (fo=10, unplaced)        0.642     1.826    frontend/queue/maybe_full
                         LUT4 (Prop_lut4_I1_O)        0.232     2.058 r  frontend/queue/io_imem_resp_ready_INST_0/O
                         net (fo=0)                   0.787     2.845    io_imem_resp_ready
                                                                      r  io_imem_resp_ready (OUT)
  -------------------------------------------------------------------    -------------------

Slack:                    inf
  Source:                 memWb_valid_reg/C
                            (rising edge-triggered cell FDRE clocked by core_clock  {rise@0.000ns fall@5.000ns period=10.000ns})
  Destination:            io_commit_valid
                            (output port)
  Path Group:             (none)
  Path Type:              Max at Slow Process Corner
  Data Path Delay:        1.813ns  (logic 0.629ns (34.694%)  route 1.184ns (65.306%))
  Logic Levels:           1  (LUT2=1)
  Clock Uncertainty:      0.025ns  ((TSJ^2 + TIJ^2)^1/2 + DJ) / 2 + PE
    Total System Jitter     (TSJ):    0.050ns
    Total Input Jitter      (TIJ):    0.000ns
    Discrete Jitter          (DJ):    0.000ns
    Phase Error              (PE):    0.000ns

    Location             Delay type                Incr(ns)  Path(ns)    Netlist Resource(s)
  -------------------------------------------------------------------    -------------------
                         (clock core_clock rise edge)
                                                      0.000     0.000 r  
                                                      0.000     0.000 r  clock (IN)
                         net (fo=1625, unset)         0.787     0.787    clock
                         FDRE                                         r  memWb_valid_reg/C
  -------------------------------------------------------------------    -------------------
                         FDRE (Prop_fdre_C_Q)         0.397     1.184 r  memWb_valid_reg/Q
                         net (fo=7, unplaced)         0.397     1.581    memWb_valid
                         LUT2 (Prop_lut2_I0_O)        0.232     1.813 r  io_commit_valid_INST_0/O
                         net (fo=0)                   0.787     2.600    io_commit_valid
                                                                      r  io_commit_valid (OUT)
  -------------------------------------------------------------------    -------------------

Slack:                    inf
  Source:                 memWb_writeData_reg[0]/C
                            (rising edge-triggered cell FDRE clocked by core_clock  {rise@0.000ns fall@5.000ns period=10.000ns})
  Destination:            io_commit_data[0]
                            (output port)
  Path Group:             (none)
  Path Type:              Max at Slow Process Corner
  Data Path Delay:        1.184ns  (logic 0.397ns (33.530%)  route 0.787ns (66.470%))
  Logic Levels:           0  
  Clock Uncertainty:      0.025ns  ((TSJ^2 + TIJ^2)^1/2 + DJ) / 2 + PE
    Total System Jitter     (TSJ):    0.050ns
    Total Input Jitter      (TIJ):    0.000ns
    Discrete Jitter          (DJ):    0.000ns
    Phase Error              (PE):    0.000ns

    Location             Delay type                Incr(ns)  Path(ns)    Netlist Resource(s)
  -------------------------------------------------------------------    -------------------
                         (clock core_clock rise edge)
                                                      0.000     0.000 r  
                                                      0.000     0.000 r  clock (IN)
                         net (fo=1625, unset)         0.787     0.787    clock
                         FDRE                                         r  memWb_writeData_reg[0]/C
  -------------------------------------------------------------------    -------------------
                         FDRE (Prop_fdre_C_Q)         0.397     1.184 r  memWb_writeData_reg[0]/Q
                         net (fo=36, unset)           0.787     1.971    io_commit_data[0]
                                                                      r  io_commit_data[0] (OUT)
  -------------------------------------------------------------------    -------------------

Slack:                    inf
  Source:                 memWb_writeData_reg[10]/C
                            (rising edge-triggered cell FDRE clocked by core_clock  {rise@0.000ns fall@5.000ns period=10.000ns})
  Destination:            io_commit_data[10]
                            (output port)
  Path Group:             (none)
  Path Type:              Max at Slow Process Corner
  Data Path Delay:        1.184ns  (logic 0.397ns (33.530%)  route 0.787ns (66.470%))
  Logic Levels:           0  
  Clock Uncertainty:      0.025ns  ((TSJ^2 + TIJ^2)^1/2 + DJ) / 2 + PE
    Total System Jitter     (TSJ):    0.050ns
    Total Input Jitter      (TIJ):    0.000ns
    Discrete Jitter          (DJ):    0.000ns
    Phase Error              (PE):    0.000ns

    Location             Delay type                Incr(ns)  Path(ns)    Netlist Resource(s)
  -------------------------------------------------------------------    -------------------
                         (clock core_clock rise edge)
                                                      0.000     0.000 r  
                                                      0.000     0.000 r  clock (IN)
                         net (fo=1625, unset)         0.787     0.787    clock
                         FDRE                                         r  memWb_writeData_reg[10]/C
  -------------------------------------------------------------------    -------------------
                         FDRE (Prop_fdre_C_Q)         0.397     1.184 r  memWb_writeData_reg[10]/Q
                         net (fo=36, unset)           0.787     1.971    io_commit_data[10]
                                                                      r  io_commit_data[10] (OUT)
  -------------------------------------------------------------------    -------------------

Slack:                    inf
  Source:                 memWb_writeData_reg[11]/C
                            (rising edge-triggered cell FDRE clocked by core_clock  {rise@0.000ns fall@5.000ns period=10.000ns})
  Destination:            io_commit_data[11]
                            (output port)
  Path Group:             (none)
  Path Type:              Max at Slow Process Corner
  Data Path Delay:        1.184ns  (logic 0.397ns (33.530%)  route 0.787ns (66.470%))
  Logic Levels:           0  
  Clock Uncertainty:      0.025ns  ((TSJ^2 + TIJ^2)^1/2 + DJ) / 2 + PE
    Total System Jitter     (TSJ):    0.050ns
    Total Input Jitter      (TIJ):    0.000ns
    Discrete Jitter          (DJ):    0.000ns
    Phase Error              (PE):    0.000ns

    Location             Delay type                Incr(ns)  Path(ns)    Netlist Resource(s)
  -------------------------------------------------------------------    -------------------
                         (clock core_clock rise edge)
                                                      0.000     0.000 r  
                                                      0.000     0.000 r  clock (IN)
                         net (fo=1625, unset)         0.787     0.787    clock
                         FDRE                                         r  memWb_writeData_reg[11]/C
  -------------------------------------------------------------------    -------------------
                         FDRE (Prop_fdre_C_Q)         0.397     1.184 r  memWb_writeData_reg[11]/Q
                         net (fo=36, unset)           0.787     1.971    io_commit_data[11]
                                                                      r  io_commit_data[11] (OUT)
  -------------------------------------------------------------------    -------------------

Slack:                    inf
  Source:                 memWb_writeData_reg[12]/C
                            (rising edge-triggered cell FDRE clocked by core_clock  {rise@0.000ns fall@5.000ns period=10.000ns})
  Destination:            io_commit_data[12]
                            (output port)
  Path Group:             (none)
  Path Type:              Max at Slow Process Corner
  Data Path Delay:        1.184ns  (logic 0.397ns (33.530%)  route 0.787ns (66.470%))
  Logic Levels:           0  
  Clock Uncertainty:      0.025ns  ((TSJ^2 + TIJ^2)^1/2 + DJ) / 2 + PE
    Total System Jitter     (TSJ):    0.050ns
    Total Input Jitter      (TIJ):    0.000ns
    Discrete Jitter          (DJ):    0.000ns
    Phase Error              (PE):    0.000ns

    Location             Delay type                Incr(ns)  Path(ns)    Netlist Resource(s)
  -------------------------------------------------------------------    -------------------
                         (clock core_clock rise edge)
                                                      0.000     0.000 r  
                                                      0.000     0.000 r  clock (IN)
                         net (fo=1625, unset)         0.787     0.787    clock
                         FDRE                                         r  memWb_writeData_reg[12]/C
  -------------------------------------------------------------------    -------------------
                         FDRE (Prop_fdre_C_Q)         0.397     1.184 r  memWb_writeData_reg[12]/Q
                         net (fo=36, unset)           0.787     1.971    io_commit_data[12]
                                                                      r  io_commit_data[12] (OUT)
  -------------------------------------------------------------------    -------------------

Slack:                    inf
  Source:                 memWb_writeData_reg[13]/C
                            (rising edge-triggered cell FDRE clocked by core_clock  {rise@0.000ns fall@5.000ns period=10.000ns})
  Destination:            io_commit_data[13]
                            (output port)
  Path Group:             (none)
  Path Type:              Max at Slow Process Corner
  Data Path Delay:        1.184ns  (logic 0.397ns (33.530%)  route 0.787ns (66.470%))
  Logic Levels:           0  
  Clock Uncertainty:      0.025ns  ((TSJ^2 + TIJ^2)^1/2 + DJ) / 2 + PE
    Total System Jitter     (TSJ):    0.050ns
    Total Input Jitter      (TIJ):    0.000ns
    Discrete Jitter          (DJ):    0.000ns
    Phase Error              (PE):    0.000ns

    Location             Delay type                Incr(ns)  Path(ns)    Netlist Resource(s)
  -------------------------------------------------------------------    -------------------
                         (clock core_clock rise edge)
                                                      0.000     0.000 r  
                                                      0.000     0.000 r  clock (IN)
                         net (fo=1625, unset)         0.787     0.787    clock
                         FDRE                                         r  memWb_writeData_reg[13]/C
  -------------------------------------------------------------------    -------------------
                         FDRE (Prop_fdre_C_Q)         0.397     1.184 r  memWb_writeData_reg[13]/Q
                         net (fo=36, unset)           0.787     1.971    io_commit_data[13]
                                                                      r  io_commit_data[13] (OUT)
  -------------------------------------------------------------------    -------------------

Slack:                    inf
  Source:                 memWb_writeData_reg[14]/C
                            (rising edge-triggered cell FDRE clocked by core_clock  {rise@0.000ns fall@5.000ns period=10.000ns})
  Destination:            io_commit_data[14]
                            (output port)
  Path Group:             (none)
  Path Type:              Max at Slow Process Corner
  Data Path Delay:        1.184ns  (logic 0.397ns (33.530%)  route 0.787ns (66.470%))
  Logic Levels:           0  
  Clock Uncertainty:      0.025ns  ((TSJ^2 + TIJ^2)^1/2 + DJ) / 2 + PE
    Total System Jitter     (TSJ):    0.050ns
    Total Input Jitter      (TIJ):    0.000ns
    Discrete Jitter          (DJ):    0.000ns
    Phase Error              (PE):    0.000ns

    Location             Delay type                Incr(ns)  Path(ns)    Netlist Resource(s)
  -------------------------------------------------------------------    -------------------
                         (clock core_clock rise edge)
                                                      0.000     0.000 r  
                                                      0.000     0.000 r  clock (IN)
                         net (fo=1625, unset)         0.787     0.787    clock
                         FDRE                                         r  memWb_writeData_reg[14]/C
  -------------------------------------------------------------------    -------------------
                         FDRE (Prop_fdre_C_Q)         0.397     1.184 r  memWb_writeData_reg[14]/Q
                         net (fo=36, unset)           0.787     1.971    io_commit_data[14]
                                                                      r  io_commit_data[14] (OUT)
  -------------------------------------------------------------------    -------------------





--------------------------------------------------------------------------------------
Path Group:  (none)
From Clock:  
  To Clock:  core_clock

Max Delay          2142 Endpoints
Min Delay             0 Endpoints
--------------------------------------------------------------------------------------


Max Delay Paths
--------------------------------------------------------------------------------------
Slack:                    inf
  Source:                 reset
                            (input port)
  Destination:            exMem_aluResult_reg[0]/CE
                            (rising edge-triggered cell FDRE clocked by core_clock  {rise@0.000ns fall@5.000ns period=10.000ns})
  Path Group:             (none)
  Path Type:              Setup (Max at Slow Process Corner)
  Data Path Delay:        1.868ns  (logic 0.210ns (11.242%)  route 1.658ns (88.758%))
  Logic Levels:           2  (LUT3=2)
  Clock Path Skew:        0.748ns (DCD - SCD + CPR)
    Destination Clock Delay (DCD):    0.748ns
    Source Clock Delay      (SCD):    0.000ns
    Clock Pessimism Removal (CPR):    0.000ns

    Location             Delay type                Incr(ns)  Path(ns)    Netlist Resource(s)
  -------------------------------------------------------------------    -------------------
                                                      0.000     0.000 f  reset (IN)
                         net (fo=1516, unset)         0.787     0.787    frontend/queue/reset
                         LUT3 (Prop_lut3_I0_O)        0.105     0.892 r  frontend/queue/memWb_pc[31]_i_3/O
                         net (fo=9, unplaced)         0.388     1.280    frontend_io_output_ready
                         LUT3 (Prop_lut3_I2_O)        0.105     1.385 r  memWb_pc[31]_i_1/O
                         net (fo=199, unplaced)       0.483     1.868    memWb_pc[31]_i_1_n_0
                         FDRE                                         r  exMem_aluResult_reg[0]/CE
  -------------------------------------------------------------------    -------------------

                         (clock core_clock rise edge)
                                                      0.000     0.000 r  
                                                      0.000     0.000 r  clock (IN)
                         net (fo=1625, unset)         0.748     0.748    clock
                         FDRE                                         r  exMem_aluResult_reg[0]/C

Slack:                    inf
  Source:                 reset
                            (input port)
  Destination:            exMem_aluResult_reg[10]/CE
                            (rising edge-triggered cell FDRE clocked by core_clock  {rise@0.000ns fall@5.000ns period=10.000ns})
  Path Group:             (none)
  Path Type:              Setup (Max at Slow Process Corner)
  Data Path Delay:        1.868ns  (logic 0.210ns (11.242%)  route 1.658ns (88.758%))
  Logic Levels:           2  (LUT3=2)
  Clock Path Skew:        0.748ns (DCD - SCD + CPR)
    Destination Clock Delay (DCD):    0.748ns
    Source Clock Delay      (SCD):    0.000ns
    Clock Pessimism Removal (CPR):    0.000ns

    Location             Delay type                Incr(ns)  Path(ns)    Netlist Resource(s)
  -------------------------------------------------------------------    -------------------
                                                      0.000     0.000 f  reset (IN)
                         net (fo=1516, unset)         0.787     0.787    frontend/queue/reset
                         LUT3 (Prop_lut3_I0_O)        0.105     0.892 r  frontend/queue/memWb_pc[31]_i_3/O
                         net (fo=9, unplaced)         0.388     1.280    frontend_io_output_ready
                         LUT3 (Prop_lut3_I2_O)        0.105     1.385 r  memWb_pc[31]_i_1/O
                         net (fo=199, unplaced)       0.483     1.868    memWb_pc[31]_i_1_n_0
                         FDRE                                         r  exMem_aluResult_reg[10]/CE
  -------------------------------------------------------------------    -------------------

                         (clock core_clock rise edge)
                                                      0.000     0.000 r  
                                                      0.000     0.000 r  clock (IN)
                         net (fo=1625, unset)         0.748     0.748    clock
                         FDRE                                         r  exMem_aluResult_reg[10]/C

Slack:                    inf
  Source:                 reset
                            (input port)
  Destination:            exMem_aluResult_reg[11]/CE
                            (rising edge-triggered cell FDRE clocked by core_clock  {rise@0.000ns fall@5.000ns period=10.000ns})
  Path Group:             (none)
  Path Type:              Setup (Max at Slow Process Corner)
  Data Path Delay:        1.868ns  (logic 0.210ns (11.242%)  route 1.658ns (88.758%))
  Logic Levels:           2  (LUT3=2)
  Clock Path Skew:        0.748ns (DCD - SCD + CPR)
    Destination Clock Delay (DCD):    0.748ns
    Source Clock Delay      (SCD):    0.000ns
    Clock Pessimism Removal (CPR):    0.000ns

    Location             Delay type                Incr(ns)  Path(ns)    Netlist Resource(s)
  -------------------------------------------------------------------    -------------------
                                                      0.000     0.000 f  reset (IN)
                         net (fo=1516, unset)         0.787     0.787    frontend/queue/reset
                         LUT3 (Prop_lut3_I0_O)        0.105     0.892 r  frontend/queue/memWb_pc[31]_i_3/O
                         net (fo=9, unplaced)         0.388     1.280    frontend_io_output_ready
                         LUT3 (Prop_lut3_I2_O)        0.105     1.385 r  memWb_pc[31]_i_1/O
                         net (fo=199, unplaced)       0.483     1.868    memWb_pc[31]_i_1_n_0
                         FDRE                                         r  exMem_aluResult_reg[11]/CE
  -------------------------------------------------------------------    -------------------

                         (clock core_clock rise edge)
                                                      0.000     0.000 r  
                                                      0.000     0.000 r  clock (IN)
                         net (fo=1625, unset)         0.748     0.748    clock
                         FDRE                                         r  exMem_aluResult_reg[11]/C

Slack:                    inf
  Source:                 reset
                            (input port)
  Destination:            exMem_aluResult_reg[12]/CE
                            (rising edge-triggered cell FDRE clocked by core_clock  {rise@0.000ns fall@5.000ns period=10.000ns})
  Path Group:             (none)
  Path Type:              Setup (Max at Slow Process Corner)
  Data Path Delay:        1.868ns  (logic 0.210ns (11.242%)  route 1.658ns (88.758%))
  Logic Levels:           2  (LUT3=2)
  Clock Path Skew:        0.748ns (DCD - SCD + CPR)
    Destination Clock Delay (DCD):    0.748ns
    Source Clock Delay      (SCD):    0.000ns
    Clock Pessimism Removal (CPR):    0.000ns

    Location             Delay type                Incr(ns)  Path(ns)    Netlist Resource(s)
  -------------------------------------------------------------------    -------------------
                                                      0.000     0.000 f  reset (IN)
                         net (fo=1516, unset)         0.787     0.787    frontend/queue/reset
                         LUT3 (Prop_lut3_I0_O)        0.105     0.892 r  frontend/queue/memWb_pc[31]_i_3/O
                         net (fo=9, unplaced)         0.388     1.280    frontend_io_output_ready
                         LUT3 (Prop_lut3_I2_O)        0.105     1.385 r  memWb_pc[31]_i_1/O
                         net (fo=199, unplaced)       0.483     1.868    memWb_pc[31]_i_1_n_0
                         FDRE                                         r  exMem_aluResult_reg[12]/CE
  -------------------------------------------------------------------    -------------------

                         (clock core_clock rise edge)
                                                      0.000     0.000 r  
                                                      0.000     0.000 r  clock (IN)
                         net (fo=1625, unset)         0.748     0.748    clock
                         FDRE                                         r  exMem_aluResult_reg[12]/C

Slack:                    inf
  Source:                 reset
                            (input port)
  Destination:            exMem_aluResult_reg[13]/CE
                            (rising edge-triggered cell FDRE clocked by core_clock  {rise@0.000ns fall@5.000ns period=10.000ns})
  Path Group:             (none)
  Path Type:              Setup (Max at Slow Process Corner)
  Data Path Delay:        1.868ns  (logic 0.210ns (11.242%)  route 1.658ns (88.758%))
  Logic Levels:           2  (LUT3=2)
  Clock Path Skew:        0.748ns (DCD - SCD + CPR)
    Destination Clock Delay (DCD):    0.748ns
    Source Clock Delay      (SCD):    0.000ns
    Clock Pessimism Removal (CPR):    0.000ns

    Location             Delay type                Incr(ns)  Path(ns)    Netlist Resource(s)
  -------------------------------------------------------------------    -------------------
                                                      0.000     0.000 f  reset (IN)
                         net (fo=1516, unset)         0.787     0.787    frontend/queue/reset
                         LUT3 (Prop_lut3_I0_O)        0.105     0.892 r  frontend/queue/memWb_pc[31]_i_3/O
                         net (fo=9, unplaced)         0.388     1.280    frontend_io_output_ready
                         LUT3 (Prop_lut3_I2_O)        0.105     1.385 r  memWb_pc[31]_i_1/O
                         net (fo=199, unplaced)       0.483     1.868    memWb_pc[31]_i_1_n_0
                         FDRE                                         r  exMem_aluResult_reg[13]/CE
  -------------------------------------------------------------------    -------------------

                         (clock core_clock rise edge)
                                                      0.000     0.000 r  
                                                      0.000     0.000 r  clock (IN)
                         net (fo=1625, unset)         0.748     0.748    clock
                         FDRE                                         r  exMem_aluResult_reg[13]/C

Slack:                    inf
  Source:                 reset
                            (input port)
  Destination:            exMem_aluResult_reg[14]/CE
                            (rising edge-triggered cell FDRE clocked by core_clock  {rise@0.000ns fall@5.000ns period=10.000ns})
  Path Group:             (none)
  Path Type:              Setup (Max at Slow Process Corner)
  Data Path Delay:        1.868ns  (logic 0.210ns (11.242%)  route 1.658ns (88.758%))
  Logic Levels:           2  (LUT3=2)
  Clock Path Skew:        0.748ns (DCD - SCD + CPR)
    Destination Clock Delay (DCD):    0.748ns
    Source Clock Delay      (SCD):    0.000ns
    Clock Pessimism Removal (CPR):    0.000ns

    Location             Delay type                Incr(ns)  Path(ns)    Netlist Resource(s)
  -------------------------------------------------------------------    -------------------
                                                      0.000     0.000 f  reset (IN)
                         net (fo=1516, unset)         0.787     0.787    frontend/queue/reset
                         LUT3 (Prop_lut3_I0_O)        0.105     0.892 r  frontend/queue/memWb_pc[31]_i_3/O
                         net (fo=9, unplaced)         0.388     1.280    frontend_io_output_ready
                         LUT3 (Prop_lut3_I2_O)        0.105     1.385 r  memWb_pc[31]_i_1/O
                         net (fo=199, unplaced)       0.483     1.868    memWb_pc[31]_i_1_n_0
                         FDRE                                         r  exMem_aluResult_reg[14]/CE
  -------------------------------------------------------------------    -------------------

                         (clock core_clock rise edge)
                                                      0.000     0.000 r  
                                                      0.000     0.000 r  clock (IN)
                         net (fo=1625, unset)         0.748     0.748    clock
                         FDRE                                         r  exMem_aluResult_reg[14]/C

Slack:                    inf
  Source:                 reset
                            (input port)
  Destination:            exMem_aluResult_reg[15]/CE
                            (rising edge-triggered cell FDRE clocked by core_clock  {rise@0.000ns fall@5.000ns period=10.000ns})
  Path Group:             (none)
  Path Type:              Setup (Max at Slow Process Corner)
  Data Path Delay:        1.868ns  (logic 0.210ns (11.242%)  route 1.658ns (88.758%))
  Logic Levels:           2  (LUT3=2)
  Clock Path Skew:        0.748ns (DCD - SCD + CPR)
    Destination Clock Delay (DCD):    0.748ns
    Source Clock Delay      (SCD):    0.000ns
    Clock Pessimism Removal (CPR):    0.000ns

    Location             Delay type                Incr(ns)  Path(ns)    Netlist Resource(s)
  -------------------------------------------------------------------    -------------------
                                                      0.000     0.000 f  reset (IN)
                         net (fo=1516, unset)         0.787     0.787    frontend/queue/reset
                         LUT3 (Prop_lut3_I0_O)        0.105     0.892 r  frontend/queue/memWb_pc[31]_i_3/O
                         net (fo=9, unplaced)         0.388     1.280    frontend_io_output_ready
                         LUT3 (Prop_lut3_I2_O)        0.105     1.385 r  memWb_pc[31]_i_1/O
                         net (fo=199, unplaced)       0.483     1.868    memWb_pc[31]_i_1_n_0
                         FDRE                                         r  exMem_aluResult_reg[15]/CE
  -------------------------------------------------------------------    -------------------

                         (clock core_clock rise edge)
                                                      0.000     0.000 r  
                                                      0.000     0.000 r  clock (IN)
                         net (fo=1625, unset)         0.748     0.748    clock
                         FDRE                                         r  exMem_aluResult_reg[15]/C

Slack:                    inf
  Source:                 reset
                            (input port)
  Destination:            exMem_aluResult_reg[16]/CE
                            (rising edge-triggered cell FDRE clocked by core_clock  {rise@0.000ns fall@5.000ns period=10.000ns})
  Path Group:             (none)
  Path Type:              Setup (Max at Slow Process Corner)
  Data Path Delay:        1.868ns  (logic 0.210ns (11.242%)  route 1.658ns (88.758%))
  Logic Levels:           2  (LUT3=2)
  Clock Path Skew:        0.748ns (DCD - SCD + CPR)
    Destination Clock Delay (DCD):    0.748ns
    Source Clock Delay      (SCD):    0.000ns
    Clock Pessimism Removal (CPR):    0.000ns

    Location             Delay type                Incr(ns)  Path(ns)    Netlist Resource(s)
  -------------------------------------------------------------------    -------------------
                                                      0.000     0.000 f  reset (IN)
                         net (fo=1516, unset)         0.787     0.787    frontend/queue/reset
                         LUT3 (Prop_lut3_I0_O)        0.105     0.892 r  frontend/queue/memWb_pc[31]_i_3/O
                         net (fo=9, unplaced)         0.388     1.280    frontend_io_output_ready
                         LUT3 (Prop_lut3_I2_O)        0.105     1.385 r  memWb_pc[31]_i_1/O
                         net (fo=199, unplaced)       0.483     1.868    memWb_pc[31]_i_1_n_0
                         FDRE                                         r  exMem_aluResult_reg[16]/CE
  -------------------------------------------------------------------    -------------------

                         (clock core_clock rise edge)
                                                      0.000     0.000 r  
                                                      0.000     0.000 r  clock (IN)
                         net (fo=1625, unset)         0.748     0.748    clock
                         FDRE                                         r  exMem_aluResult_reg[16]/C

Slack:                    inf
  Source:                 reset
                            (input port)
  Destination:            exMem_aluResult_reg[17]/CE
                            (rising edge-triggered cell FDRE clocked by core_clock  {rise@0.000ns fall@5.000ns period=10.000ns})
  Path Group:             (none)
  Path Type:              Setup (Max at Slow Process Corner)
  Data Path Delay:        1.868ns  (logic 0.210ns (11.242%)  route 1.658ns (88.758%))
  Logic Levels:           2  (LUT3=2)
  Clock Path Skew:        0.748ns (DCD - SCD + CPR)
    Destination Clock Delay (DCD):    0.748ns
    Source Clock Delay      (SCD):    0.000ns
    Clock Pessimism Removal (CPR):    0.000ns

    Location             Delay type                Incr(ns)  Path(ns)    Netlist Resource(s)
  -------------------------------------------------------------------    -------------------
                                                      0.000     0.000 f  reset (IN)
                         net (fo=1516, unset)         0.787     0.787    frontend/queue/reset
                         LUT3 (Prop_lut3_I0_O)        0.105     0.892 r  frontend/queue/memWb_pc[31]_i_3/O
                         net (fo=9, unplaced)         0.388     1.280    frontend_io_output_ready
                         LUT3 (Prop_lut3_I2_O)        0.105     1.385 r  memWb_pc[31]_i_1/O
                         net (fo=199, unplaced)       0.483     1.868    memWb_pc[31]_i_1_n_0
                         FDRE                                         r  exMem_aluResult_reg[17]/CE
  -------------------------------------------------------------------    -------------------

                         (clock core_clock rise edge)
                                                      0.000     0.000 r  
                                                      0.000     0.000 r  clock (IN)
                         net (fo=1625, unset)         0.748     0.748    clock
                         FDRE                                         r  exMem_aluResult_reg[17]/C

Slack:                    inf
  Source:                 reset
                            (input port)
  Destination:            exMem_aluResult_reg[18]/CE
                            (rising edge-triggered cell FDRE clocked by core_clock  {rise@0.000ns fall@5.000ns period=10.000ns})
  Path Group:             (none)
  Path Type:              Setup (Max at Slow Process Corner)
  Data Path Delay:        1.868ns  (logic 0.210ns (11.242%)  route 1.658ns (88.758%))
  Logic Levels:           2  (LUT3=2)
  Clock Path Skew:        0.748ns (DCD - SCD + CPR)
    Destination Clock Delay (DCD):    0.748ns
    Source Clock Delay      (SCD):    0.000ns
    Clock Pessimism Removal (CPR):    0.000ns

    Location             Delay type                Incr(ns)  Path(ns)    Netlist Resource(s)
  -------------------------------------------------------------------    -------------------
                                                      0.000     0.000 f  reset (IN)
                         net (fo=1516, unset)         0.787     0.787    frontend/queue/reset
                         LUT3 (Prop_lut3_I0_O)        0.105     0.892 r  frontend/queue/memWb_pc[31]_i_3/O
                         net (fo=9, unplaced)         0.388     1.280    frontend_io_output_ready
                         LUT3 (Prop_lut3_I2_O)        0.105     1.385 r  memWb_pc[31]_i_1/O
                         net (fo=199, unplaced)       0.483     1.868    memWb_pc[31]_i_1_n_0
                         FDRE                                         r  exMem_aluResult_reg[18]/CE
  -------------------------------------------------------------------    -------------------

                         (clock core_clock rise edge)
                                                      0.000     0.000 r  
                                                      0.000     0.000 r  clock (IN)
                         net (fo=1625, unset)         0.748     0.748    clock
                         FDRE                                         r  exMem_aluResult_reg[18]/C





