Copyright 1986-2019 Xilinx, Inc. All Rights Reserved.
--------------------------------------------------------------------------------------------------------------------------------------------------------------------------
| Tool Version : Vivado v.2019.2 (win64) Build 2708876 Wed Nov  6 21:40:23 MST 2019
| Date         : Fri Aug 28 16:41:27 2026
| Host         : LAPTOP-C1GK89UB running 64-bit major release  (build 9200)
| Command      : report_timing_summary -delay_type max -max_paths 10 -report_unconstrained -file D:/ZYNQ/smallproject/generated/reports/rv32core-final/timing_summary.rpt
| Design       : Rv32Core
| Device       : 7z015-clg485
| Speed File   : -2  PRODUCTION 1.11 2014-09-11
--------------------------------------------------------------------------------------------------------------------------------------------------------------------------

Timing Summary Report

------------------------------------------------------------------------------------------------
| Timer Settings
| --------------
------------------------------------------------------------------------------------------------

  Enable Multi Corner Analysis               :  Yes
  Enable Pessimism Removal                   :  Yes
  Pessimism Removal Resolution               :  Nearest Common Node
  Enable Input Delay Default Clock           :  No
  Enable Preset / Clear Arcs                 :  No
  Disable Flight Delays                      :  No
  Ignore I/O Paths                           :  No
  Timing Early Launch at Borrowing Latches   :  No
  Borrow Time for Max Delay Exceptions       :  Yes
  Merge Timing Exceptions                    :  Yes

  Corner  Analyze    Analyze    
  Name    Max Paths  Min Paths  
  ------  ---------  ---------  
  Slow    Yes        Yes        
  Fast    Yes        Yes        



check_timing report

Table of Contents
-----------------
1. checking no_clock
2. checking constant_clock
3. checking pulse_width_clock
4. checking unconstrained_internal_endpoints
5. checking no_input_delay
6. checking no_output_delay
7. checking multiple_clock
8. checking generated_clocks
9. checking loops
10. checking partial_input_delay
11. checking partial_output_delay
12. checking latch_loops

1. checking no_clock
--------------------
 There are 0 register/latch pins with no clock.


2. checking constant_clock
--------------------------
 There are 0 register/latch pins with constant_clock.


3. checking pulse_width_clock
-----------------------------
 There are 0 register/latch pins which need pulse_width check


4. checking unconstrained_internal_endpoints
--------------------------------------------
 There are 0 pins that are not constrained for maximum delay.

 There are 0 pins that are not constrained for maximum delay due to constant clock.


5. checking no_input_delay
--------------------------
 There are 71 input ports with no input delay specified. (HIGH)

 There are 0 input ports with no input delay but user has a false path constraint.


6. checking no_output_delay
---------------------------
 There are 280 ports with no output delay specified. (HIGH)

 There are 0 ports with no output delay but user has a false path constraint

 There are 0 ports with no output delay but with a timing clock defined on it or propagating through it


7. checking multiple_clock
--------------------------
 There are 0 register/latch pins with multiple clocks.


8. checking generated_clocks
----------------------------
 There are 0 generated clocks that are not connected to a clock source.


9. checking loops
-----------------
 There are 0 combinational loops in the design.


10. checking partial_input_delay
--------------------------------
 There are 0 input ports with partial input delay specified.


11. checking partial_output_delay
---------------------------------
 There are 0 ports with partial output delay specified.


12. checking latch_loops
------------------------
 There are 0 combinational latch loops in the design through latch input



------------------------------------------------------------------------------------------------
| Design Timing Summary
| ---------------------
------------------------------------------------------------------------------------------------

    WNS(ns)      TNS(ns)  TNS Failing Endpoints  TNS Total Endpoints     WPWS(ns)     TPWS(ns)  TPWS Failing Endpoints  TPWS Total Endpoints  
    -------      -------  ---------------------  -------------------     --------     --------  ----------------------  --------------------  
      1.157        0.000                      0                 3355        3.870        0.000                       0                  1686  


All user specified timing constraints are met.


------------------------------------------------------------------------------------------------
| Clock Summary
| -------------
------------------------------------------------------------------------------------------------

Clock       Waveform(ns)       Period(ns)      Frequency(MHz)
-----       ------------       ----------      --------------
core_clock  {0.000 5.000}      10.000          100.000         


------------------------------------------------------------------------------------------------
| Intra Clock Table
| -----------------
------------------------------------------------------------------------------------------------

Clock             WNS(ns)      TNS(ns)  TNS Failing Endpoints  TNS Total Endpoints     WPWS(ns)     TPWS(ns)  TPWS Failing Endpoints  TPWS Total Endpoints  
-----             -------      -------  ---------------------  -------------------     --------     --------  ----------------------  --------------------  
core_clock          1.157        0.000                      0                 3355        3.870        0.000                       0                  1686  


------------------------------------------------------------------------------------------------
| Inter Clock Table
| -----------------
------------------------------------------------------------------------------------------------

From Clock    To Clock          WNS(ns)      TNS(ns)  TNS Failing Endpoints  TNS Total Endpoints  
----------    --------          -------      -------  ---------------------  -------------------  


------------------------------------------------------------------------------------------------
| Other Path Groups Table
| -----------------------
------------------------------------------------------------------------------------------------

Path Group    From Clock    To Clock          WNS(ns)      TNS(ns)  TNS Failing Endpoints  TNS Total Endpoints  
----------    ----------    --------          -------      -------  ---------------------  -------------------  


------------------------------------------------------------------------------------------------
| User Ignored Path Table
| -----------------------
------------------------------------------------------------------------------------------------

Path Group    From Clock    To Clock    
----------    ----------    --------    


------------------------------------------------------------------------------------------------
| Unconstrained Path Table
| ------------------------
------------------------------------------------------------------------------------------------

Path Group    From Clock    To Clock    
----------    ----------    --------    
(none)                                    
(none)        core_clock                  
(none)                      core_clock    


------------------------------------------------------------------------------------------------
| Timing Details
| --------------
------------------------------------------------------------------------------------------------


---------------------------------------------------------------------------------------------------
From Clock:  core_clock
  To Clock:  core_clock

Setup :            0  Failing Endpoints,  Worst Slack        1.157ns,  Total Violation        0.000ns
Hold  :           NA  Failing Endpoints,  Worst Slack           NA  ,  Total Violation           NA
PW    :            0  Failing Endpoints,  Worst Slack        3.870ns,  Total Violation        0.000ns
---------------------------------------------------------------------------------------------------


Max Delay Paths
--------------------------------------------------------------------------------------
Slack (MET) :             1.157ns  (required time - arrival time)
  Source:                 idEx_rs1_reg[2]/C
                            (rising edge-triggered cell FDRE clocked by core_clock  {rise@0.000ns fall@5.000ns period=10.000ns})
  Destination:            ifId_fetchError_reg/CE
                            (rising edge-triggered cell FDRE clocked by core_clock  {rise@0.000ns fall@5.000ns period=10.000ns})
  Path Group:             core_clock
  Path Type:              Setup (Max at Slow Process Corner)
  Requirement:            10.000ns  (core_clock rise@10.000ns - core_clock rise@0.000ns)
  Data Path Delay:        8.603ns  (logic 2.581ns (30.001%)  route 6.022ns (69.999%))
  Logic Levels:           14  (CARRY4=3 LUT4=2 LUT5=4 LUT6=5)
  Clock Path Skew:        -0.039ns (DCD - SCD + CPR)
    Destination Clock Delay (DCD):    0.748ns = ( 10.748 - 10.000 ) 
    Source Clock Delay      (SCD):    0.787ns
    Clock Pessimism Removal (CPR):    0.000ns
  Clock Uncertainty:      0.035ns  ((TSJ^2 + TIJ^2)^1/2 + DJ) / 2 + PE
    Total System Jitter     (TSJ):    0.071ns
    Total Input Jitter      (TIJ):    0.000ns
    Discrete Jitter          (DJ):    0.000ns
    Phase Error              (PE):    0.000ns

    Location             Delay type                Incr(ns)  Path(ns)    Netlist Resource(s)
  -------------------------------------------------------------------    -------------------
                         (clock core_clock rise edge)
                                                      0.000     0.000 r  
                                                      0.000     0.000 r  clock (IN)
                         net (fo=1685, unset)         0.787     0.787    clock
                         FDRE                                         r  idEx_rs1_reg[2]/C
  -------------------------------------------------------------------    -------------------
                         FDRE (Prop_fdre_C_Q)         0.397     1.184 r  idEx_rs1_reg[2]/Q
                         net (fo=3, unplaced)         0.617     1.801    frontend/queue/ram_ext/D[2]
                         LUT4 (Prop_lut4_I1_O)        0.232     2.033 r  frontend/queue/ram_ext/io_imem_req_valid_INST_0_i_64/O
                         net (fo=1, unplaced)         0.807     2.840    frontend/queue/ram_ext/io_imem_req_valid_INST_0_i_64_n_0
                         LUT5 (Prop_lut5_I0_O)        0.105     2.945 f  frontend/queue/ram_ext/io_imem_req_valid_INST_0_i_24/O
                         net (fo=127, unplaced)       0.453     3.398    frontend/queue/ram_ext/exMem_rd_reg[2]
                         LUT6 (Prop_lut6_I5_O)        0.105     3.503 r  frontend/queue/ram_ext/io_imem_req_valid_INST_0_i_25/O
                         net (fo=31, unplaced)        0.652     4.155    frontend/queue/ram_ext/io_imem_req_valid_INST_0_i_25_n_0
                         LUT6 (Prop_lut6_I1_O)        0.105     4.260 r  frontend/queue/ram_ext/io_imem_req_valid_INST_0_i_11/O
                         net (fo=16, unplaced)        0.836     5.096    frontend/queue/ram_ext/memWb_writeData_reg[3]
                         LUT6 (Prop_lut6_I0_O)        0.105     5.201 r  frontend/queue/ram_ext/io_imem_req_valid_INST_0_i_121/O
                         net (fo=1, unplaced)         0.000     5.201    frontend/queue/ram_ext/io_imem_req_valid_INST_0_i_121_n_0
                         CARRY4 (Prop_carry4_S[1]_CO[3])
                                                      0.444     5.645 r  frontend/queue/ram_ext/io_imem_req_valid_INST_0_i_83/CO[3]
                         net (fo=1, unplaced)         0.008     5.653    frontend/queue/ram_ext/io_imem_req_valid_INST_0_i_83_n_0
                         CARRY4 (Prop_carry4_CI_CO[3])
                                                      0.100     5.753 r  frontend/queue/ram_ext/io_imem_req_valid_INST_0_i_42/CO[3]
                         net (fo=1, unplaced)         0.000     5.753    frontend/queue/ram_ext/io_imem_req_valid_INST_0_i_42_n_0
                         CARRY4 (Prop_carry4_CI_CO[2])
                                                      0.211     5.964 f  frontend/queue/ram_ext/io_imem_req_valid_INST_0_i_21/CO[2]
                         net (fo=1, unplaced)         0.349     6.313    frontend/queue/ram_ext/execute/data0
                         LUT5 (Prop_lut5_I4_O)        0.252     6.565 f  frontend/queue/ram_ext/io_imem_req_valid_INST_0_i_9/O
                         net (fo=1, unplaced)         0.328     6.893    frontend/queue/ram_ext/io_imem_req_valid_INST_0_i_9_n_0
                         LUT6 (Prop_lut6_I0_O)        0.105     6.998 r  frontend/queue/ram_ext/io_imem_req_valid_INST_0_i_6/O
                         net (fo=1, unplaced)         0.347     7.345    frontend/queue/ram_ext/io_imem_req_valid_INST_0_i_6_n_0
                         LUT4 (Prop_lut4_I3_O)        0.105     7.450 f  frontend/queue/ram_ext/io_imem_req_valid_INST_0_i_2/O
                         net (fo=2, unplaced)         0.358     7.808    frontend/queue/ram_ext/p_18_in
                         LUT5 (Prop_lut5_I1_O)        0.105     7.913 f  frontend/queue/ram_ext/io_imem_req_valid_INST_0_i_1/O
                         net (fo=51, unplaced)        0.430     8.343    redirectValid
                         LUT5 (Prop_lut5_I1_O)        0.105     8.448 f  haltedReg_i_2/O
                         net (fo=6, unplaced)         0.379     8.827    frontend/queue/_control_io_action[0]
                         LUT6 (Prop_lut6_I5_O)        0.105     8.932 r  frontend/queue/ifId_fetchError_i_1/O
                         net (fo=74, unplaced)        0.458     9.390    frontend_n_11
                         FDRE                                         r  ifId_fetchError_reg/CE
  -------------------------------------------------------------------    -------------------

                         (clock core_clock rise edge)
                                                     10.000    10.000 r  
                                                      0.000    10.000 r  clock (IN)
                         net (fo=1685, unset)         0.748    10.748    clock
                         FDRE                                         r  ifId_fetchError_reg/C
                         clock pessimism              0.000    10.748    
                         clock uncertainty           -0.035    10.712    
                         FDRE (Setup_fdre_C_CE)      -0.165    10.547    ifId_fetchError_reg
  -------------------------------------------------------------------
                         required time                         10.547    
                         arrival time                          -9.390    
  -------------------------------------------------------------------
                         slack                                  1.157    

Slack (MET) :             1.157ns  (required time - arrival time)
  Source:                 idEx_rs1_reg[2]/C
                            (rising edge-triggered cell FDRE clocked by core_clock  {rise@0.000ns fall@5.000ns period=10.000ns})
  Destination:            ifId_inst_reg[0]/CE
                            (rising edge-triggered cell FDRE clocked by core_clock  {rise@0.000ns fall@5.000ns period=10.000ns})
  Path Group:             core_clock
  Path Type:              Setup (Max at Slow Process Corner)
  Requirement:            10.000ns  (core_clock rise@10.000ns - core_clock rise@0.000ns)
  Data Path Delay:        8.603ns  (logic 2.581ns (30.001%)  route 6.022ns (69.999%))
  Logic Levels:           14  (CARRY4=3 LUT4=2 LUT5=4 LUT6=5)
  Clock Path Skew:        -0.039ns (DCD - SCD + CPR)
    Destination Clock Delay (DCD):    0.748ns = ( 10.748 - 10.000 ) 
    Source Clock Delay      (SCD):    0.787ns
    Clock Pessimism Removal (CPR):    0.000ns
  Clock Uncertainty:      0.035ns  ((TSJ^2 + TIJ^2)^1/2 + DJ) / 2 + PE
    Total System Jitter     (TSJ):    0.071ns
    Total Input Jitter      (TIJ):    0.000ns
    Discrete Jitter          (DJ):    0.000ns
    Phase Error              (PE):    0.000ns

    Location             Delay type                Incr(ns)  Path(ns)    Netlist Resource(s)
  -------------------------------------------------------------------    -------------------
                         (clock core_clock rise edge)
                                                      0.000     0.000 r  
                                                      0.000     0.000 r  clock (IN)
                         net (fo=1685, unset)         0.787     0.787    clock
                         FDRE                                         r  idEx_rs1_reg[2]/C
  -------------------------------------------------------------------    -------------------
                         FDRE (Prop_fdre_C_Q)         0.397     1.184 r  idEx_rs1_reg[2]/Q
                         net (fo=3, unplaced)         0.617     1.801    frontend/queue/ram_ext/D[2]
                         LUT4 (Prop_lut4_I1_O)        0.232     2.033 r  frontend/queue/ram_ext/io_imem_req_valid_INST_0_i_64/O
                         net (fo=1, unplaced)         0.807     2.840    frontend/queue/ram_ext/io_imem_req_valid_INST_0_i_64_n_0
                         LUT5 (Prop_lut5_I0_O)        0.105     2.945 f  frontend/queue/ram_ext/io_imem_req_valid_INST_0_i_24/O
                         net (fo=127, unplaced)       0.453     3.398    frontend/queue/ram_ext/exMem_rd_reg[2]
                         LUT6 (Prop_lut6_I5_O)        0.105     3.503 r  frontend/queue/ram_ext/io_imem_req_valid_INST_0_i_25/O
                         net (fo=31, unplaced)        0.652     4.155    frontend/queue/ram_ext/io_imem_req_valid_INST_0_i_25_n_0
                         LUT6 (Prop_lut6_I1_O)        0.105     4.260 r  frontend/queue/ram_ext/io_imem_req_valid_INST_0_i_11/O
                         net (fo=16, unplaced)        0.836     5.096    frontend/queue/ram_ext/memWb_writeData_reg[3]
                         LUT6 (Prop_lut6_I0_O)        0.105     5.201 r  frontend/queue/ram_ext/io_imem_req_valid_INST_0_i_121/O
                         net (fo=1, unplaced)         0.000     5.201    frontend/queue/ram_ext/io_imem_req_valid_INST_0_i_121_n_0
                         CARRY4 (Prop_carry4_S[1]_CO[3])
                                                      0.444     5.645 r  frontend/queue/ram_ext/io_imem_req_valid_INST_0_i_83/CO[3]
                         net (fo=1, unplaced)         0.008     5.653    frontend/queue/ram_ext/io_imem_req_valid_INST_0_i_83_n_0
                         CARRY4 (Prop_carry4_CI_CO[3])
                                                      0.100     5.753 r  frontend/queue/ram_ext/io_imem_req_valid_INST_0_i_42/CO[3]
                         net (fo=1, unplaced)         0.000     5.753    frontend/queue/ram_ext/io_imem_req_valid_INST_0_i_42_n_0
                         CARRY4 (Prop_carry4_CI_CO[2])
                                                      0.211     5.964 f  frontend/queue/ram_ext/io_imem_req_valid_INST_0_i_21/CO[2]
                         net (fo=1, unplaced)         0.349     6.313    frontend/queue/ram_ext/execute/data0
                         LUT5 (Prop_lut5_I4_O)        0.252     6.565 f  frontend/queue/ram_ext/io_imem_req_valid_INST_0_i_9/O
                         net (fo=1, unplaced)         0.328     6.893    frontend/queue/ram_ext/io_imem_req_valid_INST_0_i_9_n_0
                         LUT6 (Prop_lut6_I0_O)        0.105     6.998 r  frontend/queue/ram_ext/io_imem_req_valid_INST_0_i_6/O
                         net (fo=1, unplaced)         0.347     7.345    frontend/queue/ram_ext/io_imem_req_valid_INST_0_i_6_n_0
                         LUT4 (Prop_lut4_I3_O)        0.105     7.450 f  frontend/queue/ram_ext/io_imem_req_valid_INST_0_i_2/O
                         net (fo=2, unplaced)         0.358     7.808    frontend/queue/ram_ext/p_18_in
                         LUT5 (Prop_lut5_I1_O)        0.105     7.913 f  frontend/queue/ram_ext/io_imem_req_valid_INST_0_i_1/O
                         net (fo=51, unplaced)        0.430     8.343    redirectValid
                         LUT5 (Prop_lut5_I1_O)        0.105     8.448 f  haltedReg_i_2/O
                         net (fo=6, unplaced)         0.379     8.827    frontend/queue/_control_io_action[0]
                         LUT6 (Prop_lut6_I5_O)        0.105     8.932 r  frontend/queue/ifId_fetchError_i_1/O
                         net (fo=74, unplaced)        0.458     9.390    frontend_n_11
                         FDRE                                         r  ifId_inst_reg[0]/CE
  -------------------------------------------------------------------    -------------------

                         (clock core_clock rise edge)
                                                     10.000    10.000 r  
                                                      0.000    10.000 r  clock (IN)
                         net (fo=1685, unset)         0.748    10.748    clock
                         FDRE                                         r  ifId_inst_reg[0]/C
                         clock pessimism              0.000    10.748    
                         clock uncertainty           -0.035    10.712    
                         FDRE (Setup_fdre_C_CE)      -0.165    10.547    ifId_inst_reg[0]
  -------------------------------------------------------------------
                         required time                         10.547    
                         arrival time                          -9.390    
  -------------------------------------------------------------------
                         slack                                  1.157    

Slack (MET) :             1.157ns  (required time - arrival time)
  Source:                 idEx_rs1_reg[2]/C
                            (rising edge-triggered cell FDRE clocked by core_clock  {rise@0.000ns fall@5.000ns period=10.000ns})
  Destination:            ifId_inst_reg[10]/CE
                            (rising edge-triggered cell FDRE clocked by core_clock  {rise@0.000ns fall@5.000ns period=10.000ns})
  Path Group:             core_clock
  Path Type:              Setup (Max at Slow Process Corner)
  Requirement:            10.000ns  (core_clock rise@10.000ns - core_clock rise@0.000ns)
  Data Path Delay:        8.603ns  (logic 2.581ns (30.001%)  route 6.022ns (69.999%))
  Logic Levels:           14  (CARRY4=3 LUT4=2 LUT5=4 LUT6=5)
  Clock Path Skew:        -0.039ns (DCD - SCD + CPR)
    Destination Clock Delay (DCD):    0.748ns = ( 10.748 - 10.000 ) 
    Source Clock Delay      (SCD):    0.787ns
    Clock Pessimism Removal (CPR):    0.000ns
  Clock Uncertainty:      0.035ns  ((TSJ^2 + TIJ^2)^1/2 + DJ) / 2 + PE
    Total System Jitter     (TSJ):    0.071ns
    Total Input Jitter      (TIJ):    0.000ns
    Discrete Jitter          (DJ):    0.000ns
    Phase Error              (PE):    0.000ns

    Location             Delay type                Incr(ns)  Path(ns)    Netlist Resource(s)
  -------------------------------------------------------------------    -------------------
                         (clock core_clock rise edge)
                                                      0.000     0.000 r  
                                                      0.000     0.000 r  clock (IN)
                         net (fo=1685, unset)         0.787     0.787    clock
                         FDRE                                         r  idEx_rs1_reg[2]/C
  -------------------------------------------------------------------    -------------------
                         FDRE (Prop_fdre_C_Q)         0.397     1.184 r  idEx_rs1_reg[2]/Q
                         net (fo=3, unplaced)         0.617     1.801    frontend/queue/ram_ext/D[2]
                         LUT4 (Prop_lut4_I1_O)        0.232     2.033 r  frontend/queue/ram_ext/io_imem_req_valid_INST_0_i_64/O
                         net (fo=1, unplaced)         0.807     2.840    frontend/queue/ram_ext/io_imem_req_valid_INST_0_i_64_n_0
                         LUT5 (Prop_lut5_I0_O)        0.105     2.945 f  frontend/queue/ram_ext/io_imem_req_valid_INST_0_i_24/O
                         net (fo=127, unplaced)       0.453     3.398    frontend/queue/ram_ext/exMem_rd_reg[2]
                         LUT6 (Prop_lut6_I5_O)        0.105     3.503 r  frontend/queue/ram_ext/io_imem_req_valid_INST_0_i_25/O
                         net (fo=31, unplaced)        0.652     4.155    frontend/queue/ram_ext/io_imem_req_valid_INST_0_i_25_n_0
                         LUT6 (Prop_lut6_I1_O)        0.105     4.260 r  frontend/queue/ram_ext/io_imem_req_valid_INST_0_i_11/O
                         net (fo=16, unplaced)        0.836     5.096    frontend/queue/ram_ext/memWb_writeData_reg[3]
                         LUT6 (Prop_lut6_I0_O)        0.105     5.201 r  frontend/queue/ram_ext/io_imem_req_valid_INST_0_i_121/O
                         net (fo=1, unplaced)         0.000     5.201    frontend/queue/ram_ext/io_imem_req_valid_INST_0_i_121_n_0
                         CARRY4 (Prop_carry4_S[1]_CO[3])
                                                      0.444     5.645 r  frontend/queue/ram_ext/io_imem_req_valid_INST_0_i_83/CO[3]
                         net (fo=1, unplaced)         0.008     5.653    frontend/queue/ram_ext/io_imem_req_valid_INST_0_i_83_n_0
                         CARRY4 (Prop_carry4_CI_CO[3])
                                                      0.100     5.753 r  frontend/queue/ram_ext/io_imem_req_valid_INST_0_i_42/CO[3]
                         net (fo=1, unplaced)         0.000     5.753    frontend/queue/ram_ext/io_imem_req_valid_INST_0_i_42_n_0
                         CARRY4 (Prop_carry4_CI_CO[2])
                                                      0.211     5.964 f  frontend/queue/ram_ext/io_imem_req_valid_INST_0_i_21/CO[2]
                         net (fo=1, unplaced)         0.349     6.313    frontend/queue/ram_ext/execute/data0
                         LUT5 (Prop_lut5_I4_O)        0.252     6.565 f  frontend/queue/ram_ext/io_imem_req_valid_INST_0_i_9/O
                         net (fo=1, unplaced)         0.328     6.893    frontend/queue/ram_ext/io_imem_req_valid_INST_0_i_9_n_0
                         LUT6 (Prop_lut6_I0_O)        0.105     6.998 r  frontend/queue/ram_ext/io_imem_req_valid_INST_0_i_6/O
                         net (fo=1, unplaced)         0.347     7.345    frontend/queue/ram_ext/io_imem_req_valid_INST_0_i_6_n_0
                         LUT4 (Prop_lut4_I3_O)        0.105     7.450 f  frontend/queue/ram_ext/io_imem_req_valid_INST_0_i_2/O
                         net (fo=2, unplaced)         0.358     7.808    frontend/queue/ram_ext/p_18_in
                         LUT5 (Prop_lut5_I1_O)        0.105     7.913 f  frontend/queue/ram_ext/io_imem_req_valid_INST_0_i_1/O
                         net (fo=51, unplaced)        0.430     8.343    redirectValid
                         LUT5 (Prop_lut5_I1_O)        0.105     8.448 f  haltedReg_i_2/O
                         net (fo=6, unplaced)         0.379     8.827    frontend/queue/_control_io_action[0]
                         LUT6 (Prop_lut6_I5_O)        0.105     8.932 r  frontend/queue/ifId_fetchError_i_1/O
                         net (fo=74, unplaced)        0.458     9.390    frontend_n_11
                         FDRE                                         r  ifId_inst_reg[10]/CE
  -------------------------------------------------------------------    -------------------

                         (clock core_clock rise edge)
                                                     10.000    10.000 r  
                                                      0.000    10.000 r  clock (IN)
                         net (fo=1685, unset)         0.748    10.748    clock
                         FDRE                                         r  ifId_inst_reg[10]/C
                         clock pessimism              0.000    10.748    
                         clock uncertainty           -0.035    10.712    
                         FDRE (Setup_fdre_C_CE)      -0.165    10.547    ifId_inst_reg[10]
  -------------------------------------------------------------------
                         required time                         10.547    
                         arrival time                          -9.390    
  -------------------------------------------------------------------
                         slack                                  1.157    

Slack (MET) :             1.157ns  (required time - arrival time)
  Source:                 idEx_rs1_reg[2]/C
                            (rising edge-triggered cell FDRE clocked by core_clock  {rise@0.000ns fall@5.000ns period=10.000ns})
  Destination:            ifId_inst_reg[11]/CE
                            (rising edge-triggered cell FDRE clocked by core_clock  {rise@0.000ns fall@5.000ns period=10.000ns})
  Path Group:             core_clock
  Path Type:              Setup (Max at Slow Process Corner)
  Requirement:            10.000ns  (core_clock rise@10.000ns - core_clock rise@0.000ns)
  Data Path Delay:        8.603ns  (logic 2.581ns (30.001%)  route 6.022ns (69.999%))
  Logic Levels:           14  (CARRY4=3 LUT4=2 LUT5=4 LUT6=5)
  Clock Path Skew:        -0.039ns (DCD - SCD + CPR)
    Destination Clock Delay (DCD):    0.748ns = ( 10.748 - 10.000 ) 
    Source Clock Delay      (SCD):    0.787ns
    Clock Pessimism Removal (CPR):    0.000ns
  Clock Uncertainty:      0.035ns  ((TSJ^2 + TIJ^2)^1/2 + DJ) / 2 + PE
    Total System Jitter     (TSJ):    0.071ns
    Total Input Jitter      (TIJ):    0.000ns
    Discrete Jitter          (DJ):    0.000ns
    Phase Error              (PE):    0.000ns

    Location             Delay type                Incr(ns)  Path(ns)    Netlist Resource(s)
  -------------------------------------------------------------------    -------------------
                         (clock core_clock rise edge)
                                                      0.000     0.000 r  
                                                      0.000     0.000 r  clock (IN)
                         net (fo=1685, unset)         0.787     0.787    clock
                         FDRE                                         r  idEx_rs1_reg[2]/C
  -------------------------------------------------------------------    -------------------
                         FDRE (Prop_fdre_C_Q)         0.397     1.184 r  idEx_rs1_reg[2]/Q
                         net (fo=3, unplaced)         0.617     1.801    frontend/queue/ram_ext/D[2]
                         LUT4 (Prop_lut4_I1_O)        0.232     2.033 r  frontend/queue/ram_ext/io_imem_req_valid_INST_0_i_64/O
                         net (fo=1, unplaced)         0.807     2.840    frontend/queue/ram_ext/io_imem_req_valid_INST_0_i_64_n_0
                         LUT5 (Prop_lut5_I0_O)        0.105     2.945 f  frontend/queue/ram_ext/io_imem_req_valid_INST_0_i_24/O
                         net (fo=127, unplaced)       0.453     3.398    frontend/queue/ram_ext/exMem_rd_reg[2]
                         LUT6 (Prop_lut6_I5_O)        0.105     3.503 r  frontend/queue/ram_ext/io_imem_req_valid_INST_0_i_25/O
                         net (fo=31, unplaced)        0.652     4.155    frontend/queue/ram_ext/io_imem_req_valid_INST_0_i_25_n_0
                         LUT6 (Prop_lut6_I1_O)        0.105     4.260 r  frontend/queue/ram_ext/io_imem_req_valid_INST_0_i_11/O
                         net (fo=16, unplaced)        0.836     5.096    frontend/queue/ram_ext/memWb_writeData_reg[3]
                         LUT6 (Prop_lut6_I0_O)        0.105     5.201 r  frontend/queue/ram_ext/io_imem_req_valid_INST_0_i_121/O
                         net (fo=1, unplaced)         0.000     5.201    frontend/queue/ram_ext/io_imem_req_valid_INST_0_i_121_n_0
                         CARRY4 (Prop_carry4_S[1]_CO[3])
                                                      0.444     5.645 r  frontend/queue/ram_ext/io_imem_req_valid_INST_0_i_83/CO[3]
                         net (fo=1, unplaced)         0.008     5.653    frontend/queue/ram_ext/io_imem_req_valid_INST_0_i_83_n_0
                         CARRY4 (Prop_carry4_CI_CO[3])
                                                      0.100     5.753 r  frontend/queue/ram_ext/io_imem_req_valid_INST_0_i_42/CO[3]
                         net (fo=1, unplaced)         0.000     5.753    frontend/queue/ram_ext/io_imem_req_valid_INST_0_i_42_n_0
                         CARRY4 (Prop_carry4_CI_CO[2])
                                                      0.211     5.964 f  frontend/queue/ram_ext/io_imem_req_valid_INST_0_i_21/CO[2]
                         net (fo=1, unplaced)         0.349     6.313    frontend/queue/ram_ext/execute/data0
                         LUT5 (Prop_lut5_I4_O)        0.252     6.565 f  frontend/queue/ram_ext/io_imem_req_valid_INST_0_i_9/O
                         net (fo=1, unplaced)         0.328     6.893    frontend/queue/ram_ext/io_imem_req_valid_INST_0_i_9_n_0
                         LUT6 (Prop_lut6_I0_O)        0.105     6.998 r  frontend/queue/ram_ext/io_imem_req_valid_INST_0_i_6/O
                         net (fo=1, unplaced)         0.347     7.345    frontend/queue/ram_ext/io_imem_req_valid_INST_0_i_6_n_0
                         LUT4 (Prop_lut4_I3_O)        0.105     7.450 f  frontend/queue/ram_ext/io_imem_req_valid_INST_0_i_2/O
                         net (fo=2, unplaced)         0.358     7.808    frontend/queue/ram_ext/p_18_in
                         LUT5 (Prop_lut5_I1_O)        0.105     7.913 f  frontend/queue/ram_ext/io_imem_req_valid_INST_0_i_1/O
                         net (fo=51, unplaced)        0.430     8.343    redirectValid
                         LUT5 (Prop_lut5_I1_O)        0.105     8.448 f  haltedReg_i_2/O
                         net (fo=6, unplaced)         0.379     8.827    frontend/queue/_control_io_action[0]
                         LUT6 (Prop_lut6_I5_O)        0.105     8.932 r  frontend/queue/ifId_fetchError_i_1/O
                         net (fo=74, unplaced)        0.458     9.390    frontend_n_11
                         FDRE                                         r  ifId_inst_reg[11]/CE
  -------------------------------------------------------------------    -------------------

                         (clock core_clock rise edge)
                                                     10.000    10.000 r  
                                                      0.000    10.000 r  clock (IN)
                         net (fo=1685, unset)         0.748    10.748    clock
                         FDRE                                         r  ifId_inst_reg[11]/C
                         clock pessimism              0.000    10.748    
                         clock uncertainty           -0.035    10.712    
                         FDRE (Setup_fdre_C_CE)      -0.165    10.547    ifId_inst_reg[11]
  -------------------------------------------------------------------
                         required time                         10.547    
                         arrival time                          -9.390    
  -------------------------------------------------------------------
                         slack                                  1.157    

Slack (MET) :             1.157ns  (required time - arrival time)
  Source:                 idEx_rs1_reg[2]/C
                            (rising edge-triggered cell FDRE clocked by core_clock  {rise@0.000ns fall@5.000ns period=10.000ns})
  Destination:            ifId_inst_reg[12]/CE
                            (rising edge-triggered cell FDRE clocked by core_clock  {rise@0.000ns fall@5.000ns period=10.000ns})
  Path Group:             core_clock
  Path Type:              Setup (Max at Slow Process Corner)
  Requirement:            10.000ns  (core_clock rise@10.000ns - core_clock rise@0.000ns)
  Data Path Delay:        8.603ns  (logic 2.581ns (30.001%)  route 6.022ns (69.999%))
  Logic Levels:           14  (CARRY4=3 LUT4=2 LUT5=4 LUT6=5)
  Clock Path Skew:        -0.039ns (DCD - SCD + CPR)
    Destination Clock Delay (DCD):    0.748ns = ( 10.748 - 10.000 ) 
    Source Clock Delay      (SCD):    0.787ns
    Clock Pessimism Removal (CPR):    0.000ns
  Clock Uncertainty:      0.035ns  ((TSJ^2 + TIJ^2)^1/2 + DJ) / 2 + PE
    Total System Jitter     (TSJ):    0.071ns
    Total Input Jitter      (TIJ):    0.000ns
    Discrete Jitter          (DJ):    0.000ns
    Phase Error              (PE):    0.000ns

    Location             Delay type                Incr(ns)  Path(ns)    Netlist Resource(s)
  -------------------------------------------------------------------    -------------------
                         (clock core_clock rise edge)
                                                      0.000     0.000 r  
                                                      0.000     0.000 r  clock (IN)
                         net (fo=1685, unset)         0.787     0.787    clock
                         FDRE                                         r  idEx_rs1_reg[2]/C
  -------------------------------------------------------------------    -------------------
                         FDRE (Prop_fdre_C_Q)         0.397     1.184 r  idEx_rs1_reg[2]/Q
                         net (fo=3, unplaced)         0.617     1.801    frontend/queue/ram_ext/D[2]
                         LUT4 (Prop_lut4_I1_O)        0.232     2.033 r  frontend/queue/ram_ext/io_imem_req_valid_INST_0_i_64/O
                         net (fo=1, unplaced)         0.807     2.840    frontend/queue/ram_ext/io_imem_req_valid_INST_0_i_64_n_0
                         LUT5 (Prop_lut5_I0_O)        0.105     2.945 f  frontend/queue/ram_ext/io_imem_req_valid_INST_0_i_24/O
                         net (fo=127, unplaced)       0.453     3.398    frontend/queue/ram_ext/exMem_rd_reg[2]
                         LUT6 (Prop_lut6_I5_O)        0.105     3.503 r  frontend/queue/ram_ext/io_imem_req_valid_INST_0_i_25/O
                         net (fo=31, unplaced)        0.652     4.155    frontend/queue/ram_ext/io_imem_req_valid_INST_0_i_25_n_0
                         LUT6 (Prop_lut6_I1_O)        0.105     4.260 r  frontend/queue/ram_ext/io_imem_req_valid_INST_0_i_11/O
                         net (fo=16, unplaced)        0.836     5.096    frontend/queue/ram_ext/memWb_writeData_reg[3]
                         LUT6 (Prop_lut6_I0_O)        0.105     5.201 r  frontend/queue/ram_ext/io_imem_req_valid_INST_0_i_121/O
                         net (fo=1, unplaced)         0.000     5.201    frontend/queue/ram_ext/io_imem_req_valid_INST_0_i_121_n_0
                         CARRY4 (Prop_carry4_S[1]_CO[3])
                                                      0.444     5.645 r  frontend/queue/ram_ext/io_imem_req_valid_INST_0_i_83/CO[3]
                         net (fo=1, unplaced)         0.008     5.653    frontend/queue/ram_ext/io_imem_req_valid_INST_0_i_83_n_0
                         CARRY4 (Prop_carry4_CI_CO[3])
                                                      0.100     5.753 r  frontend/queue/ram_ext/io_imem_req_valid_INST_0_i_42/CO[3]
                         net (fo=1, unplaced)         0.000     5.753    frontend/queue/ram_ext/io_imem_req_valid_INST_0_i_42_n_0
                         CARRY4 (Prop_carry4_CI_CO[2])
                                                      0.211     5.964 f  frontend/queue/ram_ext/io_imem_req_valid_INST_0_i_21/CO[2]
                         net (fo=1, unplaced)         0.349     6.313    frontend/queue/ram_ext/execute/data0
                         LUT5 (Prop_lut5_I4_O)        0.252     6.565 f  frontend/queue/ram_ext/io_imem_req_valid_INST_0_i_9/O
                         net (fo=1, unplaced)         0.328     6.893    frontend/queue/ram_ext/io_imem_req_valid_INST_0_i_9_n_0
                         LUT6 (Prop_lut6_I0_O)        0.105     6.998 r  frontend/queue/ram_ext/io_imem_req_valid_INST_0_i_6/O
                         net (fo=1, unplaced)         0.347     7.345    frontend/queue/ram_ext/io_imem_req_valid_INST_0_i_6_n_0
                         LUT4 (Prop_lut4_I3_O)        0.105     7.450 f  frontend/queue/ram_ext/io_imem_req_valid_INST_0_i_2/O
                         net (fo=2, unplaced)         0.358     7.808    frontend/queue/ram_ext/p_18_in
                         LUT5 (Prop_lut5_I1_O)        0.105     7.913 f  frontend/queue/ram_ext/io_imem_req_valid_INST_0_i_1/O
                         net (fo=51, unplaced)        0.430     8.343    redirectValid
                         LUT5 (Prop_lut5_I1_O)        0.105     8.448 f  haltedReg_i_2/O
                         net (fo=6, unplaced)         0.379     8.827    frontend/queue/_control_io_action[0]
                         LUT6 (Prop_lut6_I5_O)        0.105     8.932 r  frontend/queue/ifId_fetchError_i_1/O
                         net (fo=74, unplaced)        0.458     9.390    frontend_n_11
                         FDRE                                         r  ifId_inst_reg[12]/CE
  -------------------------------------------------------------------    -------------------

                         (clock core_clock rise edge)
                                                     10.000    10.000 r  
                                                      0.000    10.000 r  clock (IN)
                         net (fo=1685, unset)         0.748    10.748    clock
                         FDRE                                         r  ifId_inst_reg[12]/C
                         clock pessimism              0.000    10.748    
                         clock uncertainty           -0.035    10.712    
                         FDRE (Setup_fdre_C_CE)      -0.165    10.547    ifId_inst_reg[12]
  -------------------------------------------------------------------
                         required time                         10.547    
                         arrival time                          -9.390    
  -------------------------------------------------------------------
                         slack                                  1.157    

Slack (MET) :             1.157ns  (required time - arrival time)
  Source:                 idEx_rs1_reg[2]/C
                            (rising edge-triggered cell FDRE clocked by core_clock  {rise@0.000ns fall@5.000ns period=10.000ns})
  Destination:            ifId_inst_reg[13]/CE
                            (rising edge-triggered cell FDRE clocked by core_clock  {rise@0.000ns fall@5.000ns period=10.000ns})
  Path Group:             core_clock
  Path Type:              Setup (Max at Slow Process Corner)
  Requirement:            10.000ns  (core_clock rise@10.000ns - core_clock rise@0.000ns)
  Data Path Delay:        8.603ns  (logic 2.581ns (30.001%)  route 6.022ns (69.999%))
  Logic Levels:           14  (CARRY4=3 LUT4=2 LUT5=4 LUT6=5)
  Clock Path Skew:        -0.039ns (DCD - SCD + CPR)
    Destination Clock Delay (DCD):    0.748ns = ( 10.748 - 10.000 ) 
    Source Clock Delay      (SCD):    0.787ns
    Clock Pessimism Removal (CPR):    0.000ns
  Clock Uncertainty:      0.035ns  ((TSJ^2 + TIJ^2)^1/2 + DJ) / 2 + PE
    Total System Jitter     (TSJ):    0.071ns
    Total Input Jitter      (TIJ):    0.000ns
    Discrete Jitter          (DJ):    0.000ns
    Phase Error              (PE):    0.000ns

    Location             Delay type                Incr(ns)  Path(ns)    Netlist Resource(s)
  -------------------------------------------------------------------    -------------------
                         (clock core_clock rise edge)
                                                      0.000     0.000 r  
                                                      0.000     0.000 r  clock (IN)
                         net (fo=1685, unset)         0.787     0.787    clock
                         FDRE                                         r  idEx_rs1_reg[2]/C
  -------------------------------------------------------------------    -------------------
                         FDRE (Prop_fdre_C_Q)         0.397     1.184 r  idEx_rs1_reg[2]/Q
                         net (fo=3, unplaced)         0.617     1.801    frontend/queue/ram_ext/D[2]
                         LUT4 (Prop_lut4_I1_O)        0.232     2.033 r  frontend/queue/ram_ext/io_imem_req_valid_INST_0_i_64/O
                         net (fo=1, unplaced)         0.807     2.840    frontend/queue/ram_ext/io_imem_req_valid_INST_0_i_64_n_0
                         LUT5 (Prop_lut5_I0_O)        0.105     2.945 f  frontend/queue/ram_ext/io_imem_req_valid_INST_0_i_24/O
                         net (fo=127, unplaced)       0.453     3.398    frontend/queue/ram_ext/exMem_rd_reg[2]
                         LUT6 (Prop_lut6_I5_O)        0.105     3.503 r  frontend/queue/ram_ext/io_imem_req_valid_INST_0_i_25/O
                         net (fo=31, unplaced)        0.652     4.155    frontend/queue/ram_ext/io_imem_req_valid_INST_0_i_25_n_0
                         LUT6 (Prop_lut6_I1_O)        0.105     4.260 r  frontend/queue/ram_ext/io_imem_req_valid_INST_0_i_11/O
                         net (fo=16, unplaced)        0.836     5.096    frontend/queue/ram_ext/memWb_writeData_reg[3]
                         LUT6 (Prop_lut6_I0_O)        0.105     5.201 r  frontend/queue/ram_ext/io_imem_req_valid_INST_0_i_121/O
                         net (fo=1, unplaced)         0.000     5.201    frontend/queue/ram_ext/io_imem_req_valid_INST_0_i_121_n_0
                         CARRY4 (Prop_carry4_S[1]_CO[3])
                                                      0.444     5.645 r  frontend/queue/ram_ext/io_imem_req_valid_INST_0_i_83/CO[3]
                         net (fo=1, unplaced)         0.008     5.653    frontend/queue/ram_ext/io_imem_req_valid_INST_0_i_83_n_0
                         CARRY4 (Prop_carry4_CI_CO[3])
                                                      0.100     5.753 r  frontend/queue/ram_ext/io_imem_req_valid_INST_0_i_42/CO[3]
                         net (fo=1, unplaced)         0.000     5.753    frontend/queue/ram_ext/io_imem_req_valid_INST_0_i_42_n_0
                         CARRY4 (Prop_carry4_CI_CO[2])
                                                      0.211     5.964 f  frontend/queue/ram_ext/io_imem_req_valid_INST_0_i_21/CO[2]
                         net (fo=1, unplaced)         0.349     6.313    frontend/queue/ram_ext/execute/data0
                         LUT5 (Prop_lut5_I4_O)        0.252     6.565 f  frontend/queue/ram_ext/io_imem_req_valid_INST_0_i_9/O
                         net (fo=1, unplaced)         0.328     6.893    frontend/queue/ram_ext/io_imem_req_valid_INST_0_i_9_n_0
                         LUT6 (Prop_lut6_I0_O)        0.105     6.998 r  frontend/queue/ram_ext/io_imem_req_valid_INST_0_i_6/O
                         net (fo=1, unplaced)         0.347     7.345    frontend/queue/ram_ext/io_imem_req_valid_INST_0_i_6_n_0
                         LUT4 (Prop_lut4_I3_O)        0.105     7.450 f  frontend/queue/ram_ext/io_imem_req_valid_INST_0_i_2/O
                         net (fo=2, unplaced)         0.358     7.808    frontend/queue/ram_ext/p_18_in
                         LUT5 (Prop_lut5_I1_O)        0.105     7.913 f  frontend/queue/ram_ext/io_imem_req_valid_INST_0_i_1/O
                         net (fo=51, unplaced)        0.430     8.343    redirectValid
                         LUT5 (Prop_lut5_I1_O)        0.105     8.448 f  haltedReg_i_2/O
                         net (fo=6, unplaced)         0.379     8.827    frontend/queue/_control_io_action[0]
                         LUT6 (Prop_lut6_I5_O)        0.105     8.932 r  frontend/queue/ifId_fetchError_i_1/O
                         net (fo=74, unplaced)        0.458     9.390    frontend_n_11
                         FDRE                                         r  ifId_inst_reg[13]/CE
  -------------------------------------------------------------------    -------------------

                         (clock core_clock rise edge)
                                                     10.000    10.000 r  
                                                      0.000    10.000 r  clock (IN)
                         net (fo=1685, unset)         0.748    10.748    clock
                         FDRE                                         r  ifId_inst_reg[13]/C
                         clock pessimism              0.000    10.748    
                         clock uncertainty           -0.035    10.712    
                         FDRE (Setup_fdre_C_CE)      -0.165    10.547    ifId_inst_reg[13]
  -------------------------------------------------------------------
                         required time                         10.547    
                         arrival time                          -9.390    
  -------------------------------------------------------------------
                         slack                                  1.157    

Slack (MET) :             1.157ns  (required time - arrival time)
  Source:                 idEx_rs1_reg[2]/C
                            (rising edge-triggered cell FDRE clocked by core_clock  {rise@0.000ns fall@5.000ns period=10.000ns})
  Destination:            ifId_inst_reg[14]/CE
                            (rising edge-triggered cell FDRE clocked by core_clock  {rise@0.000ns fall@5.000ns period=10.000ns})
  Path Group:             core_clock
  Path Type:              Setup (Max at Slow Process Corner)
  Requirement:            10.000ns  (core_clock rise@10.000ns - core_clock rise@0.000ns)
  Data Path Delay:        8.603ns  (logic 2.581ns (30.001%)  route 6.022ns (69.999%))
  Logic Levels:           14  (CARRY4=3 LUT4=2 LUT5=4 LUT6=5)
  Clock Path Skew:        -0.039ns (DCD - SCD + CPR)
    Destination Clock Delay (DCD):    0.748ns = ( 10.748 - 10.000 ) 
    Source Clock Delay      (SCD):    0.787ns
    Clock Pessimism Removal (CPR):    0.000ns
  Clock Uncertainty:      0.035ns  ((TSJ^2 + TIJ^2)^1/2 + DJ) / 2 + PE
    Total System Jitter     (TSJ):    0.071ns
    Total Input Jitter      (TIJ):    0.000ns
    Discrete Jitter          (DJ):    0.000ns
    Phase Error              (PE):    0.000ns

    Location             Delay type                Incr(ns)  Path(ns)    Netlist Resource(s)
  -------------------------------------------------------------------    -------------------
                         (clock core_clock rise edge)
                                                      0.000     0.000 r  
                                                      0.000     0.000 r  clock (IN)
                         net (fo=1685, unset)         0.787     0.787    clock
                         FDRE                                         r  idEx_rs1_reg[2]/C
  -------------------------------------------------------------------    -------------------
                         FDRE (Prop_fdre_C_Q)         0.397     1.184 r  idEx_rs1_reg[2]/Q
                         net (fo=3, unplaced)         0.617     1.801    frontend/queue/ram_ext/D[2]
                         LUT4 (Prop_lut4_I1_O)        0.232     2.033 r  frontend/queue/ram_ext/io_imem_req_valid_INST_0_i_64/O
                         net (fo=1, unplaced)         0.807     2.840    frontend/queue/ram_ext/io_imem_req_valid_INST_0_i_64_n_0
                         LUT5 (Prop_lut5_I0_O)        0.105     2.945 f  frontend/queue/ram_ext/io_imem_req_valid_INST_0_i_24/O
                         net (fo=127, unplaced)       0.453     3.398    frontend/queue/ram_ext/exMem_rd_reg[2]
                         LUT6 (Prop_lut6_I5_O)        0.105     3.503 r  frontend/queue/ram_ext/io_imem_req_valid_INST_0_i_25/O
                         net (fo=31, unplaced)        0.652     4.155    frontend/queue/ram_ext/io_imem_req_valid_INST_0_i_25_n_0
                         LUT6 (Prop_lut6_I1_O)        0.105     4.260 r  frontend/queue/ram_ext/io_imem_req_valid_INST_0_i_11/O
                         net (fo=16, unplaced)        0.836     5.096    frontend/queue/ram_ext/memWb_writeData_reg[3]
                         LUT6 (Prop_lut6_I0_O)        0.105     5.201 r  frontend/queue/ram_ext/io_imem_req_valid_INST_0_i_121/O
                         net (fo=1, unplaced)         0.000     5.201    frontend/queue/ram_ext/io_imem_req_valid_INST_0_i_121_n_0
                         CARRY4 (Prop_carry4_S[1]_CO[3])
                                                      0.444     5.645 r  frontend/queue/ram_ext/io_imem_req_valid_INST_0_i_83/CO[3]
                         net (fo=1, unplaced)         0.008     5.653    frontend/queue/ram_ext/io_imem_req_valid_INST_0_i_83_n_0
                         CARRY4 (Prop_carry4_CI_CO[3])
                                                      0.100     5.753 r  frontend/queue/ram_ext/io_imem_req_valid_INST_0_i_42/CO[3]
                         net (fo=1, unplaced)         0.000     5.753    frontend/queue/ram_ext/io_imem_req_valid_INST_0_i_42_n_0
                         CARRY4 (Prop_carry4_CI_CO[2])
                                                      0.211     5.964 f  frontend/queue/ram_ext/io_imem_req_valid_INST_0_i_21/CO[2]
                         net (fo=1, unplaced)         0.349     6.313    frontend/queue/ram_ext/execute/data0
                         LUT5 (Prop_lut5_I4_O)        0.252     6.565 f  frontend/queue/ram_ext/io_imem_req_valid_INST_0_i_9/O
                         net (fo=1, unplaced)         0.328     6.893    frontend/queue/ram_ext/io_imem_req_valid_INST_0_i_9_n_0
                         LUT6 (Prop_lut6_I0_O)        0.105     6.998 r  frontend/queue/ram_ext/io_imem_req_valid_INST_0_i_6/O
                         net (fo=1, unplaced)         0.347     7.345    frontend/queue/ram_ext/io_imem_req_valid_INST_0_i_6_n_0
                         LUT4 (Prop_lut4_I3_O)        0.105     7.450 f  frontend/queue/ram_ext/io_imem_req_valid_INST_0_i_2/O
                         net (fo=2, unplaced)         0.358     7.808    frontend/queue/ram_ext/p_18_in
                         LUT5 (Prop_lut5_I1_O)        0.105     7.913 f  frontend/queue/ram_ext/io_imem_req_valid_INST_0_i_1/O
                         net (fo=51, unplaced)        0.430     8.343    redirectValid
                         LUT5 (Prop_lut5_I1_O)        0.105     8.448 f  haltedReg_i_2/O
                         net (fo=6, unplaced)         0.379     8.827    frontend/queue/_control_io_action[0]
                         LUT6 (Prop_lut6_I5_O)        0.105     8.932 r  frontend/queue/ifId_fetchError_i_1/O
                         net (fo=74, unplaced)        0.458     9.390    frontend_n_11
                         FDRE                                         r  ifId_inst_reg[14]/CE
  -------------------------------------------------------------------    -------------------

                         (clock core_clock rise edge)
                                                     10.000    10.000 r  
                                                      0.000    10.000 r  clock (IN)
                         net (fo=1685, unset)         0.748    10.748    clock
                         FDRE                                         r  ifId_inst_reg[14]/C
                         clock pessimism              0.000    10.748    
                         clock uncertainty           -0.035    10.712    
                         FDRE (Setup_fdre_C_CE)      -0.165    10.547    ifId_inst_reg[14]
  -------------------------------------------------------------------
                         required time                         10.547    
                         arrival time                          -9.390    
  -------------------------------------------------------------------
                         slack                                  1.157    

Slack (MET) :             1.157ns  (required time - arrival time)
  Source:                 idEx_rs1_reg[2]/C
                            (rising edge-triggered cell FDRE clocked by core_clock  {rise@0.000ns fall@5.000ns period=10.000ns})
  Destination:            ifId_inst_reg[15]/CE
                            (rising edge-triggered cell FDRE clocked by core_clock  {rise@0.000ns fall@5.000ns period=10.000ns})
  Path Group:             core_clock
  Path Type:              Setup (Max at Slow Process Corner)
  Requirement:            10.000ns  (core_clock rise@10.000ns - core_clock rise@0.000ns)
  Data Path Delay:        8.603ns  (logic 2.581ns (30.001%)  route 6.022ns (69.999%))
  Logic Levels:           14  (CARRY4=3 LUT4=2 LUT5=4 LUT6=5)
  Clock Path Skew:        -0.039ns (DCD - SCD + CPR)
    Destination Clock Delay (DCD):    0.748ns = ( 10.748 - 10.000 ) 
    Source Clock Delay      (SCD):    0.787ns
    Clock Pessimism Removal (CPR):    0.000ns
  Clock Uncertainty:      0.035ns  ((TSJ^2 + TIJ^2)^1/2 + DJ) / 2 + PE
    Total System Jitter     (TSJ):    0.071ns
    Total Input Jitter      (TIJ):    0.000ns
    Discrete Jitter          (DJ):    0.000ns
    Phase Error              (PE):    0.000ns

    Location             Delay type                Incr(ns)  Path(ns)    Netlist Resource(s)
  -------------------------------------------------------------------    -------------------
                         (clock core_clock rise edge)
                                                      0.000     0.000 r  
                                                      0.000     0.000 r  clock (IN)
                         net (fo=1685, unset)         0.787     0.787    clock
                         FDRE                                         r  idEx_rs1_reg[2]/C
  -------------------------------------------------------------------    -------------------
                         FDRE (Prop_fdre_C_Q)         0.397     1.184 r  idEx_rs1_reg[2]/Q
                         net (fo=3, unplaced)         0.617     1.801    frontend/queue/ram_ext/D[2]
                         LUT4 (Prop_lut4_I1_O)        0.232     2.033 r  frontend/queue/ram_ext/io_imem_req_valid_INST_0_i_64/O
                         net (fo=1, unplaced)         0.807     2.840    frontend/queue/ram_ext/io_imem_req_valid_INST_0_i_64_n_0
                         LUT5 (Prop_lut5_I0_O)        0.105     2.945 f  frontend/queue/ram_ext/io_imem_req_valid_INST_0_i_24/O
                         net (fo=127, unplaced)       0.453     3.398    frontend/queue/ram_ext/exMem_rd_reg[2]
                         LUT6 (Prop_lut6_I5_O)        0.105     3.503 r  frontend/queue/ram_ext/io_imem_req_valid_INST_0_i_25/O
                         net (fo=31, unplaced)        0.652     4.155    frontend/queue/ram_ext/io_imem_req_valid_INST_0_i_25_n_0
                         LUT6 (Prop_lut6_I1_O)        0.105     4.260 r  frontend/queue/ram_ext/io_imem_req_valid_INST_0_i_11/O
                         net (fo=16, unplaced)        0.836     5.096    frontend/queue/ram_ext/memWb_writeData_reg[3]
                         LUT6 (Prop_lut6_I0_O)        0.105     5.201 r  frontend/queue/ram_ext/io_imem_req_valid_INST_0_i_121/O
                         net (fo=1, unplaced)         0.000     5.201    frontend/queue/ram_ext/io_imem_req_valid_INST_0_i_121_n_0
                         CARRY4 (Prop_carry4_S[1]_CO[3])
                                                      0.444     5.645 r  frontend/queue/ram_ext/io_imem_req_valid_INST_0_i_83/CO[3]
                         net (fo=1, unplaced)         0.008     5.653    frontend/queue/ram_ext/io_imem_req_valid_INST_0_i_83_n_0
                         CARRY4 (Prop_carry4_CI_CO[3])
                                                      0.100     5.753 r  frontend/queue/ram_ext/io_imem_req_valid_INST_0_i_42/CO[3]
                         net (fo=1, unplaced)         0.000     5.753    frontend/queue/ram_ext/io_imem_req_valid_INST_0_i_42_n_0
                         CARRY4 (Prop_carry4_CI_CO[2])
                                                      0.211     5.964 f  frontend/queue/ram_ext/io_imem_req_valid_INST_0_i_21/CO[2]
                         net (fo=1, unplaced)         0.349     6.313    frontend/queue/ram_ext/execute/data0
                         LUT5 (Prop_lut5_I4_O)        0.252     6.565 f  frontend/queue/ram_ext/io_imem_req_valid_INST_0_i_9/O
                         net (fo=1, unplaced)         0.328     6.893    frontend/queue/ram_ext/io_imem_req_valid_INST_0_i_9_n_0
                         LUT6 (Prop_lut6_I0_O)        0.105     6.998 r  frontend/queue/ram_ext/io_imem_req_valid_INST_0_i_6/O
                         net (fo=1, unplaced)         0.347     7.345    frontend/queue/ram_ext/io_imem_req_valid_INST_0_i_6_n_0
                         LUT4 (Prop_lut4_I3_O)        0.105     7.450 f  frontend/queue/ram_ext/io_imem_req_valid_INST_0_i_2/O
                         net (fo=2, unplaced)         0.358     7.808    frontend/queue/ram_ext/p_18_in
                         LUT5 (Prop_lut5_I1_O)        0.105     7.913 f  frontend/queue/ram_ext/io_imem_req_valid_INST_0_i_1/O
                         net (fo=51, unplaced)        0.430     8.343    redirectValid
                         LUT5 (Prop_lut5_I1_O)        0.105     8.448 f  haltedReg_i_2/O
                         net (fo=6, unplaced)         0.379     8.827    frontend/queue/_control_io_action[0]
                         LUT6 (Prop_lut6_I5_O)        0.105     8.932 r  frontend/queue/ifId_fetchError_i_1/O
                         net (fo=74, unplaced)        0.458     9.390    frontend_n_11
                         FDRE                                         r  ifId_inst_reg[15]/CE
  -------------------------------------------------------------------    -------------------

                         (clock core_clock rise edge)
                                                     10.000    10.000 r  
                                                      0.000    10.000 r  clock (IN)
                         net (fo=1685, unset)         0.748    10.748    clock
                         FDRE                                         r  ifId_inst_reg[15]/C
                         clock pessimism              0.000    10.748    
                         clock uncertainty           -0.035    10.712    
                         FDRE (Setup_fdre_C_CE)      -0.165    10.547    ifId_inst_reg[15]
  -------------------------------------------------------------------
                         required time                         10.547    
                         arrival time                          -9.390    
  -------------------------------------------------------------------
                         slack                                  1.157    

Slack (MET) :             1.157ns  (required time - arrival time)
  Source:                 idEx_rs1_reg[2]/C
                            (rising edge-triggered cell FDRE clocked by core_clock  {rise@0.000ns fall@5.000ns period=10.000ns})
  Destination:            ifId_inst_reg[15]_rep/CE
                            (rising edge-triggered cell FDRE clocked by core_clock  {rise@0.000ns fall@5.000ns period=10.000ns})
  Path Group:             core_clock
  Path Type:              Setup (Max at Slow Process Corner)
  Requirement:            10.000ns  (core_clock rise@10.000ns - core_clock rise@0.000ns)
  Data Path Delay:        8.603ns  (logic 2.581ns (30.001%)  route 6.022ns (69.999%))
  Logic Levels:           14  (CARRY4=3 LUT4=2 LUT5=4 LUT6=5)
  Clock Path Skew:        -0.039ns (DCD - SCD + CPR)
    Destination Clock Delay (DCD):    0.748ns = ( 10.748 - 10.000 ) 
    Source Clock Delay      (SCD):    0.787ns
    Clock Pessimism Removal (CPR):    0.000ns
  Clock Uncertainty:      0.035ns  ((TSJ^2 + TIJ^2)^1/2 + DJ) / 2 + PE
    Total System Jitter     (TSJ):    0.071ns
    Total Input Jitter      (TIJ):    0.000ns
    Discrete Jitter          (DJ):    0.000ns
    Phase Error              (PE):    0.000ns

    Location             Delay type                Incr(ns)  Path(ns)    Netlist Resource(s)
  -------------------------------------------------------------------    -------------------
                         (clock core_clock rise edge)
                                                      0.000     0.000 r  
                                                      0.000     0.000 r  clock (IN)
                         net (fo=1685, unset)         0.787     0.787    clock
                         FDRE                                         r  idEx_rs1_reg[2]/C
  -------------------------------------------------------------------    -------------------
                         FDRE (Prop_fdre_C_Q)         0.397     1.184 r  idEx_rs1_reg[2]/Q
                         net (fo=3, unplaced)         0.617     1.801    frontend/queue/ram_ext/D[2]
                         LUT4 (Prop_lut4_I1_O)        0.232     2.033 r  frontend/queue/ram_ext/io_imem_req_valid_INST_0_i_64/O
                         net (fo=1, unplaced)         0.807     2.840    frontend/queue/ram_ext/io_imem_req_valid_INST_0_i_64_n_0
                         LUT5 (Prop_lut5_I0_O)        0.105     2.945 f  frontend/queue/ram_ext/io_imem_req_valid_INST_0_i_24/O
                         net (fo=127, unplaced)       0.453     3.398    frontend/queue/ram_ext/exMem_rd_reg[2]
                         LUT6 (Prop_lut6_I5_O)        0.105     3.503 r  frontend/queue/ram_ext/io_imem_req_valid_INST_0_i_25/O
                         net (fo=31, unplaced)        0.652     4.155    frontend/queue/ram_ext/io_imem_req_valid_INST_0_i_25_n_0
                         LUT6 (Prop_lut6_I1_O)        0.105     4.260 r  frontend/queue/ram_ext/io_imem_req_valid_INST_0_i_11/O
                         net (fo=16, unplaced)        0.836     5.096    frontend/queue/ram_ext/memWb_writeData_reg[3]
                         LUT6 (Prop_lut6_I0_O)        0.105     5.201 r  frontend/queue/ram_ext/io_imem_req_valid_INST_0_i_121/O
                         net (fo=1, unplaced)         0.000     5.201    frontend/queue/ram_ext/io_imem_req_valid_INST_0_i_121_n_0
                         CARRY4 (Prop_carry4_S[1]_CO[3])
                                                      0.444     5.645 r  frontend/queue/ram_ext/io_imem_req_valid_INST_0_i_83/CO[3]
                         net (fo=1, unplaced)         0.008     5.653    frontend/queue/ram_ext/io_imem_req_valid_INST_0_i_83_n_0
                         CARRY4 (Prop_carry4_CI_CO[3])
                                                      0.100     5.753 r  frontend/queue/ram_ext/io_imem_req_valid_INST_0_i_42/CO[3]
                         net (fo=1, unplaced)         0.000     5.753    frontend/queue/ram_ext/io_imem_req_valid_INST_0_i_42_n_0
                         CARRY4 (Prop_carry4_CI_CO[2])
                                                      0.211     5.964 f  frontend/queue/ram_ext/io_imem_req_valid_INST_0_i_21/CO[2]
                         net (fo=1, unplaced)         0.349     6.313    frontend/queue/ram_ext/execute/data0
                         LUT5 (Prop_lut5_I4_O)        0.252     6.565 f  frontend/queue/ram_ext/io_imem_req_valid_INST_0_i_9/O
                         net (fo=1, unplaced)         0.328     6.893    frontend/queue/ram_ext/io_imem_req_valid_INST_0_i_9_n_0
                         LUT6 (Prop_lut6_I0_O)        0.105     6.998 r  frontend/queue/ram_ext/io_imem_req_valid_INST_0_i_6/O
                         net (fo=1, unplaced)         0.347     7.345    frontend/queue/ram_ext/io_imem_req_valid_INST_0_i_6_n_0
                         LUT4 (Prop_lut4_I3_O)        0.105     7.450 f  frontend/queue/ram_ext/io_imem_req_valid_INST_0_i_2/O
                         net (fo=2, unplaced)         0.358     7.808    frontend/queue/ram_ext/p_18_in
                         LUT5 (Prop_lut5_I1_O)        0.105     7.913 f  frontend/queue/ram_ext/io_imem_req_valid_INST_0_i_1/O
                         net (fo=51, unplaced)        0.430     8.343    redirectValid
                         LUT5 (Prop_lut5_I1_O)        0.105     8.448 f  haltedReg_i_2/O
                         net (fo=6, unplaced)         0.379     8.827    frontend/queue/_control_io_action[0]
                         LUT6 (Prop_lut6_I5_O)        0.105     8.932 r  frontend/queue/ifId_fetchError_i_1/O
                         net (fo=74, unplaced)        0.458     9.390    frontend_n_11
                         FDRE                                         r  ifId_inst_reg[15]_rep/CE
  -------------------------------------------------------------------    -------------------

                         (clock core_clock rise edge)
                                                     10.000    10.000 r  
                                                      0.000    10.000 r  clock (IN)
                         net (fo=1685, unset)         0.748    10.748    clock
                         FDRE                                         r  ifId_inst_reg[15]_rep/C
                         clock pessimism              0.000    10.748    
                         clock uncertainty           -0.035    10.712    
                         FDRE (Setup_fdre_C_CE)      -0.165    10.547    ifId_inst_reg[15]_rep
  -------------------------------------------------------------------
                         required time                         10.547    
                         arrival time                          -9.390    
  -------------------------------------------------------------------
                         slack                                  1.157    

Slack (MET) :             1.157ns  (required time - arrival time)
  Source:                 idEx_rs1_reg[2]/C
                            (rising edge-triggered cell FDRE clocked by core_clock  {rise@0.000ns fall@5.000ns period=10.000ns})
  Destination:            ifId_inst_reg[15]_rep__0/CE
                            (rising edge-triggered cell FDRE clocked by core_clock  {rise@0.000ns fall@5.000ns period=10.000ns})
  Path Group:             core_clock
  Path Type:              Setup (Max at Slow Process Corner)
  Requirement:            10.000ns  (core_clock rise@10.000ns - core_clock rise@0.000ns)
  Data Path Delay:        8.603ns  (logic 2.581ns (30.001%)  route 6.022ns (69.999%))
  Logic Levels:           14  (CARRY4=3 LUT4=2 LUT5=4 LUT6=5)
  Clock Path Skew:        -0.039ns (DCD - SCD + CPR)
    Destination Clock Delay (DCD):    0.748ns = ( 10.748 - 10.000 ) 
    Source Clock Delay      (SCD):    0.787ns
    Clock Pessimism Removal (CPR):    0.000ns
  Clock Uncertainty:      0.035ns  ((TSJ^2 + TIJ^2)^1/2 + DJ) / 2 + PE
    Total System Jitter     (TSJ):    0.071ns
    Total Input Jitter      (TIJ):    0.000ns
    Discrete Jitter          (DJ):    0.000ns
    Phase Error              (PE):    0.000ns

    Location             Delay type                Incr(ns)  Path(ns)    Netlist Resource(s)
  -------------------------------------------------------------------    -------------------
                         (clock core_clock rise edge)
                                                      0.000     0.000 r  
                                                      0.000     0.000 r  clock (IN)
                         net (fo=1685, unset)         0.787     0.787    clock
                         FDRE                                         r  idEx_rs1_reg[2]/C
  -------------------------------------------------------------------    -------------------
                         FDRE (Prop_fdre_C_Q)         0.397     1.184 r  idEx_rs1_reg[2]/Q
                         net (fo=3, unplaced)         0.617     1.801    frontend/queue/ram_ext/D[2]
                         LUT4 (Prop_lut4_I1_O)        0.232     2.033 r  frontend/queue/ram_ext/io_imem_req_valid_INST_0_i_64/O
                         net (fo=1, unplaced)         0.807     2.840    frontend/queue/ram_ext/io_imem_req_valid_INST_0_i_64_n_0
                         LUT5 (Prop_lut5_I0_O)        0.105     2.945 f  frontend/queue/ram_ext/io_imem_req_valid_INST_0_i_24/O
                         net (fo=127, unplaced)       0.453     3.398    frontend/queue/ram_ext/exMem_rd_reg[2]
                         LUT6 (Prop_lut6_I5_O)        0.105     3.503 r  frontend/queue/ram_ext/io_imem_req_valid_INST_0_i_25/O
                         net (fo=31, unplaced)        0.652     4.155    frontend/queue/ram_ext/io_imem_req_valid_INST_0_i_25_n_0
                         LUT6 (Prop_lut6_I1_O)        0.105     4.260 r  frontend/queue/ram_ext/io_imem_req_valid_INST_0_i_11/O
                         net (fo=16, unplaced)        0.836     5.096    frontend/queue/ram_ext/memWb_writeData_reg[3]
                         LUT6 (Prop_lut6_I0_O)        0.105     5.201 r  frontend/queue/ram_ext/io_imem_req_valid_INST_0_i_121/O
                         net (fo=1, unplaced)         0.000     5.201    frontend/queue/ram_ext/io_imem_req_valid_INST_0_i_121_n_0
                         CARRY4 (Prop_carry4_S[1]_CO[3])
                                                      0.444     5.645 r  frontend/queue/ram_ext/io_imem_req_valid_INST_0_i_83/CO[3]
                         net (fo=1, unplaced)         0.008     5.653    frontend/queue/ram_ext/io_imem_req_valid_INST_0_i_83_n_0
                         CARRY4 (Prop_carry4_CI_CO[3])
                                                      0.100     5.753 r  frontend/queue/ram_ext/io_imem_req_valid_INST_0_i_42/CO[3]
                         net (fo=1, unplaced)         0.000     5.753    frontend/queue/ram_ext/io_imem_req_valid_INST_0_i_42_n_0
                         CARRY4 (Prop_carry4_CI_CO[2])
                                                      0.211     5.964 f  frontend/queue/ram_ext/io_imem_req_valid_INST_0_i_21/CO[2]
                         net (fo=1, unplaced)         0.349     6.313    frontend/queue/ram_ext/execute/data0
                         LUT5 (Prop_lut5_I4_O)        0.252     6.565 f  frontend/queue/ram_ext/io_imem_req_valid_INST_0_i_9/O
                         net (fo=1, unplaced)         0.328     6.893    frontend/queue/ram_ext/io_imem_req_valid_INST_0_i_9_n_0
                         LUT6 (Prop_lut6_I0_O)        0.105     6.998 r  frontend/queue/ram_ext/io_imem_req_valid_INST_0_i_6/O
                         net (fo=1, unplaced)         0.347     7.345    frontend/queue/ram_ext/io_imem_req_valid_INST_0_i_6_n_0
                         LUT4 (Prop_lut4_I3_O)        0.105     7.450 f  frontend/queue/ram_ext/io_imem_req_valid_INST_0_i_2/O
                         net (fo=2, unplaced)         0.358     7.808    frontend/queue/ram_ext/p_18_in
                         LUT5 (Prop_lut5_I1_O)        0.105     7.913 f  frontend/queue/ram_ext/io_imem_req_valid_INST_0_i_1/O
                         net (fo=51, unplaced)        0.430     8.343    redirectValid
                         LUT5 (Prop_lut5_I1_O)        0.105     8.448 f  haltedReg_i_2/O
                         net (fo=6, unplaced)         0.379     8.827    frontend/queue/_control_io_action[0]
                         LUT6 (Prop_lut6_I5_O)        0.105     8.932 r  frontend/queue/ifId_fetchError_i_1/O
                         net (fo=74, unplaced)        0.458     9.390    frontend_n_11
                         FDRE                                         r  ifId_inst_reg[15]_rep__0/CE
  -------------------------------------------------------------------    -------------------

                         (clock core_clock rise edge)
                                                     10.000    10.000 r  
                                                      0.000    10.000 r  clock (IN)
                         net (fo=1685, unset)         0.748    10.748    clock
                         FDRE                                         r  ifId_inst_reg[15]_rep__0/C
                         clock pessimism              0.000    10.748    
                         clock uncertainty           -0.035    10.712    
                         FDRE (Setup_fdre_C_CE)      -0.165    10.547    ifId_inst_reg[15]_rep__0
  -------------------------------------------------------------------
                         required time                         10.547    
                         arrival time                          -9.390    
  -------------------------------------------------------------------
                         slack                                  1.157    





Pulse Width Checks
--------------------------------------------------------------------------------------
Clock Name:         core_clock
Waveform(ns):       { 0.000 5.000 }
Period(ns):         10.000
Sources:            { clock }

Check Type        Corner  Lib Pin     Reference Pin  Required(ns)  Actual(ns)  Slack(ns)  Location  Pin
Min Period        n/a     FDRE/C      n/a            1.000         10.000      9.000                exMem_pc_reg[30]/C
Min Period        n/a     FDRE/C      n/a            1.000         10.000      9.000                exMem_pc_reg[31]/C
Min Period        n/a     FDRE/C      n/a            1.000         10.000      9.000                exMem_pc_reg[3]/C
Min Period        n/a     FDRE/C      n/a            1.000         10.000      9.000                exMem_pc_reg[4]/C
Min Period        n/a     FDRE/C      n/a            1.000         10.000      9.000                exMem_pc_reg[5]/C
Min Period        n/a     FDRE/C      n/a            1.000         10.000      9.000                exMem_pc_reg[6]/C
Min Period        n/a     FDRE/C      n/a            1.000         10.000      9.000                exMem_pc_reg[7]/C
Min Period        n/a     FDRE/C      n/a            1.000         10.000      9.000                exMem_pc_reg[8]/C
Min Period        n/a     FDRE/C      n/a            1.000         10.000      9.000                exMem_pc_reg[9]/C
Min Period        n/a     FDRE/C      n/a            1.000         10.000      9.000                exMem_rd_reg[0]/C
Low Pulse Width   Slow    RAMS32/CLK  n/a            1.130         5.000       3.870                frontend/queue/ram_ext/Memory_reg_0_1_48_53/RAMD/CLK
Low Pulse Width   Slow    RAMS32/CLK  n/a            1.130         5.000       3.870                frontend/queue/ram_ext/Memory_reg_0_1_48_53/RAMD_D1/CLK
Low Pulse Width   Slow    RAMD32/CLK  n/a            1.130         5.000       3.870                frontend/queue/ram_ext/Memory_reg_0_1_54_59/RAMA/CLK
Low Pulse Width   Slow    RAMD32/CLK  n/a            1.130         5.000       3.870                frontend/queue/ram_ext/Memory_reg_0_1_54_59/RAMA_D1/CLK
Low Pulse Width   Slow    RAMD32/CLK  n/a            1.130         5.000       3.870                frontend/queue/ram_ext/Memory_reg_0_1_54_59/RAMB/CLK
Low Pulse Width   Slow    RAMD32/CLK  n/a            1.130         5.000       3.870                frontend/queue/ram_ext/Memory_reg_0_1_54_59/RAMB_D1/CLK
Low Pulse Width   Slow    RAMD32/CLK  n/a            1.130         5.000       3.870                frontend/queue/ram_ext/Memory_reg_0_1_54_59/RAMC/CLK
Low Pulse Width   Slow    RAMD32/CLK  n/a            1.130         5.000       3.870                frontend/queue/ram_ext/Memory_reg_0_1_54_59/RAMC_D1/CLK
Low Pulse Width   Slow    RAMS32/CLK  n/a            1.130         5.000       3.870                frontend/queue/ram_ext/Memory_reg_0_1_54_59/RAMD/CLK
Low Pulse Width   Slow    RAMS32/CLK  n/a            1.130         5.000       3.870                frontend/queue/ram_ext/Memory_reg_0_1_54_59/RAMD_D1/CLK
High Pulse Width  Slow    RAMS32/CLK  n/a            1.130         5.000       3.870                frontend/queue/ram_ext/Memory_reg_0_1_48_53/RAMD/CLK
High Pulse Width  Fast    RAMS32/CLK  n/a            1.130         5.000       3.870                frontend/queue/ram_ext/Memory_reg_0_1_48_53/RAMD/CLK
High Pulse Width  Slow    RAMS32/CLK  n/a            1.130         5.000       3.870                frontend/queue/ram_ext/Memory_reg_0_1_48_53/RAMD_D1/CLK
High Pulse Width  Fast    RAMS32/CLK  n/a            1.130         5.000       3.870                frontend/queue/ram_ext/Memory_reg_0_1_48_53/RAMD_D1/CLK
High Pulse Width  Slow    RAMD32/CLK  n/a            1.130         5.000       3.870                frontend/queue/ram_ext/Memory_reg_0_1_54_59/RAMA/CLK
High Pulse Width  Fast    RAMD32/CLK  n/a            1.130         5.000       3.870                frontend/queue/ram_ext/Memory_reg_0_1_54_59/RAMA/CLK
High Pulse Width  Slow    RAMD32/CLK  n/a            1.130         5.000       3.870                frontend/queue/ram_ext/Memory_reg_0_1_54_59/RAMA_D1/CLK
High Pulse Width  Fast    RAMD32/CLK  n/a            1.130         5.000       3.870                frontend/queue/ram_ext/Memory_reg_0_1_54_59/RAMA_D1/CLK
High Pulse Width  Slow    RAMD32/CLK  n/a            1.130         5.000       3.870                frontend/queue/ram_ext/Memory_reg_0_1_54_59/RAMB/CLK
High Pulse Width  Fast    RAMD32/CLK  n/a            1.130         5.000       3.870                frontend/queue/ram_ext/Memory_reg_0_1_54_59/RAMB/CLK



--------------------------------------------------------------------------------------
Path Group:  (none)
From Clock:  
  To Clock:  

Max Delay             3 Endpoints
Min Delay             0 Endpoints
--------------------------------------------------------------------------------------


Max Delay Paths
--------------------------------------------------------------------------------------
Slack:                    inf
  Source:                 io_dmem_resp_valid
                            (input port)
  Destination:            io_imem_req_valid
                            (output port)
  Path Group:             (none)
  Path Type:              Max at Slow Process Corner
  Data Path Delay:        3.837ns  (logic 0.420ns (10.946%)  route 3.417ns (89.054%))
  Logic Levels:           4  (LUT2=1 LUT5=1 LUT6=2)

    Location             Delay type                Incr(ns)  Path(ns)    Netlist Resource(s)
  -------------------------------------------------------------------    -------------------
                                                      0.000     0.000 r  io_dmem_resp_valid (IN)
                         net (fo=2, unset)            0.787     0.787    frontend/queue/ram_ext/io_dmem_resp_valid
                         LUT2 (Prop_lut2_I1_O)        0.105     0.892 r  frontend/queue/ram_ext/io_trap_valid_INST_0_i_2/O
                         net (fo=1, unplaced)         0.582     1.474    frontend/queue/ram_ext/p_20_in
                         LUT6 (Prop_lut6_I2_O)        0.105     1.579 r  frontend/queue/ram_ext/io_trap_valid_INST_0_i_1/O
                         net (fo=4, unplaced)         0.831     2.410    frontend/queue/ram_ext/trapEvent
                         LUT5 (Prop_lut5_I0_O)        0.105     2.515 f  frontend/queue/ram_ext/io_imem_req_valid_INST_0_i_1/O
                         net (fo=51, unplaced)        0.430     2.945    frontend/queue/exMem_valid_reg
                         LUT6 (Prop_lut6_I4_O)        0.105     3.050 r  frontend/queue/io_imem_req_valid_INST_0/O
                         net (fo=0)                   0.787     3.837    io_imem_req_valid
                                                                      r  io_imem_req_valid (OUT)
  -------------------------------------------------------------------    -------------------

Slack:                    inf
  Source:                 io_dmem_resp_valid
                            (input port)
  Destination:            io_imem_resp_ready
                            (output port)
  Path Group:             (none)
  Path Type:              Max at Slow Process Corner
  Data Path Delay:        3.837ns  (logic 0.420ns (10.946%)  route 3.417ns (89.054%))
  Logic Levels:           4  (LUT2=1 LUT5=2 LUT6=1)

    Location             Delay type                Incr(ns)  Path(ns)    Netlist Resource(s)
  -------------------------------------------------------------------    -------------------
                                                      0.000     0.000 f  io_dmem_resp_valid (IN)
                         net (fo=2, unset)            0.787     0.787    frontend/queue/ram_ext/io_dmem_resp_valid
                         LUT2 (Prop_lut2_I1_O)        0.105     0.892 f  frontend/queue/ram_ext/io_trap_valid_INST_0_i_2/O
                         net (fo=1, unplaced)         0.582     1.474    frontend/queue/ram_ext/p_20_in
                         LUT6 (Prop_lut6_I2_O)        0.105     1.579 f  frontend/queue/ram_ext/io_trap_valid_INST_0_i_1/O
                         net (fo=4, unplaced)         0.831     2.410    frontend/queue/ram_ext/trapEvent
                         LUT5 (Prop_lut5_I0_O)        0.105     2.515 r  frontend/queue/ram_ext/io_imem_req_valid_INST_0_i_1/O
                         net (fo=51, unplaced)        0.430     2.945    frontend/queue/exMem_valid_reg
                         LUT5 (Prop_lut5_I1_O)        0.105     3.050 r  frontend/queue/io_imem_resp_ready_INST_0/O
                         net (fo=0)                   0.787     3.837    io_imem_resp_ready
                                                                      r  io_imem_resp_ready (OUT)
  -------------------------------------------------------------------    -------------------

Slack:                    inf
  Source:                 io_dmem_resp_valid
                            (input port)
  Destination:            io_trap_valid
                            (output port)
  Path Group:             (none)
  Path Type:              Max at Slow Process Corner
  Data Path Delay:        2.842ns  (logic 0.315ns (11.084%)  route 2.527ns (88.916%))
  Logic Levels:           3  (LUT2=1 LUT3=1 LUT6=1)

    Location             Delay type                Incr(ns)  Path(ns)    Netlist Resource(s)
  -------------------------------------------------------------------    -------------------
                                                      0.000     0.000 r  io_dmem_resp_valid (IN)
                         net (fo=2, unset)            0.787     0.787    frontend/queue/ram_ext/io_dmem_resp_valid
                         LUT2 (Prop_lut2_I1_O)        0.105     0.892 r  frontend/queue/ram_ext/io_trap_valid_INST_0_i_2/O
                         net (fo=1, unplaced)         0.582     1.474    frontend/queue/ram_ext/p_20_in
                         LUT6 (Prop_lut6_I2_O)        0.105     1.579 r  frontend/queue/ram_ext/io_trap_valid_INST_0_i_1/O
                         net (fo=4, unplaced)         0.371     1.950    trapEvent
                         LUT3 (Prop_lut3_I0_O)        0.105     2.055 r  io_trap_valid_INST_0/O
                         net (fo=0)                   0.787     2.842    io_trap_valid
                                                                      r  io_trap_valid (OUT)
  -------------------------------------------------------------------    -------------------





--------------------------------------------------------------------------------------
Path Group:  (none)
From Clock:  core_clock
  To Clock:  

Max Delay           280 Endpoints
Min Delay             0 Endpoints
--------------------------------------------------------------------------------------


Max Delay Paths
--------------------------------------------------------------------------------------
Slack:                    inf
  Source:                 idEx_rs1_reg[2]/C
                            (rising edge-triggered cell FDRE clocked by core_clock  {rise@0.000ns fall@5.000ns period=10.000ns})
  Destination:            io_imem_req_valid
                            (output port)
  Path Group:             (none)
  Path Type:              Max at Slow Process Corner
  Data Path Delay:        8.448ns  (logic 2.476ns (29.309%)  route 5.972ns (70.691%))
  Logic Levels:           13  (CARRY4=3 LUT4=2 LUT5=3 LUT6=5)
  Clock Uncertainty:      0.025ns  ((TSJ^2 + TIJ^2)^1/2 + DJ) / 2 + PE
    Total System Jitter     (TSJ):    0.050ns
    Total Input Jitter      (TIJ):    0.000ns
    Discrete Jitter          (DJ):    0.000ns
    Phase Error              (PE):    0.000ns

    Location             Delay type                Incr(ns)  Path(ns)    Netlist Resource(s)
  -------------------------------------------------------------------    -------------------
                         (clock core_clock rise edge)
                                                      0.000     0.000 r  
                                                      0.000     0.000 r  clock (IN)
                         net (fo=1685, unset)         0.787     0.787    clock
                         FDRE                                         r  idEx_rs1_reg[2]/C
  -------------------------------------------------------------------    -------------------
                         FDRE (Prop_fdre_C_Q)         0.397     1.184 r  idEx_rs1_reg[2]/Q
                         net (fo=3, unplaced)         0.617     1.801    frontend/queue/ram_ext/D[2]
                         LUT4 (Prop_lut4_I1_O)        0.232     2.033 r  frontend/queue/ram_ext/io_imem_req_valid_INST_0_i_64/O
                         net (fo=1, unplaced)         0.807     2.840    frontend/queue/ram_ext/io_imem_req_valid_INST_0_i_64_n_0
                         LUT5 (Prop_lut5_I0_O)        0.105     2.945 f  frontend/queue/ram_ext/io_imem_req_valid_INST_0_i_24/O
                         net (fo=127, unplaced)       0.453     3.398    frontend/queue/ram_ext/exMem_rd_reg[2]
                         LUT6 (Prop_lut6_I5_O)        0.105     3.503 r  frontend/queue/ram_ext/io_imem_req_valid_INST_0_i_25/O
                         net (fo=31, unplaced)        0.652     4.155    frontend/queue/ram_ext/io_imem_req_valid_INST_0_i_25_n_0
                         LUT6 (Prop_lut6_I1_O)        0.105     4.260 r  frontend/queue/ram_ext/io_imem_req_valid_INST_0_i_11/O
                         net (fo=16, unplaced)        0.836     5.096    frontend/queue/ram_ext/memWb_writeData_reg[3]
                         LUT6 (Prop_lut6_I0_O)        0.105     5.201 r  frontend/queue/ram_ext/io_imem_req_valid_INST_0_i_121/O
                         net (fo=1, unplaced)         0.000     5.201    frontend/queue/ram_ext/io_imem_req_valid_INST_0_i_121_n_0
                         CARRY4 (Prop_carry4_S[1]_CO[3])
                                                      0.444     5.645 r  frontend/queue/ram_ext/io_imem_req_valid_INST_0_i_83/CO[3]
                         net (fo=1, unplaced)         0.008     5.653    frontend/queue/ram_ext/io_imem_req_valid_INST_0_i_83_n_0
                         CARRY4 (Prop_carry4_CI_CO[3])
                                                      0.100     5.753 r  frontend/queue/ram_ext/io_imem_req_valid_INST_0_i_42/CO[3]
                         net (fo=1, unplaced)         0.000     5.753    frontend/queue/ram_ext/io_imem_req_valid_INST_0_i_42_n_0
                         CARRY4 (Prop_carry4_CI_CO[2])
                                                      0.211     5.964 f  frontend/queue/ram_ext/io_imem_req_valid_INST_0_i_21/CO[2]
                         net (fo=1, unplaced)         0.349     6.313    frontend/queue/ram_ext/execute/data0
                         LUT5 (Prop_lut5_I4_O)        0.252     6.565 f  frontend/queue/ram_ext/io_imem_req_valid_INST_0_i_9/O
                         net (fo=1, unplaced)         0.328     6.893    frontend/queue/ram_ext/io_imem_req_valid_INST_0_i_9_n_0
                         LUT6 (Prop_lut6_I0_O)        0.105     6.998 r  frontend/queue/ram_ext/io_imem_req_valid_INST_0_i_6/O
                         net (fo=1, unplaced)         0.347     7.345    frontend/queue/ram_ext/io_imem_req_valid_INST_0_i_6_n_0
                         LUT4 (Prop_lut4_I3_O)        0.105     7.450 f  frontend/queue/ram_ext/io_imem_req_valid_INST_0_i_2/O
                         net (fo=2, unplaced)         0.358     7.808    frontend/queue/ram_ext/p_18_in
                         LUT5 (Prop_lut5_I1_O)        0.105     7.913 f  frontend/queue/ram_ext/io_imem_req_valid_INST_0_i_1/O
                         net (fo=51, unplaced)        0.430     8.343    frontend/queue/exMem_valid_reg
                         LUT6 (Prop_lut6_I4_O)        0.105     8.448 r  frontend/queue/io_imem_req_valid_INST_0/O
                         net (fo=0)                   0.787     9.235    io_imem_req_valid
                                                                      r  io_imem_req_valid (OUT)
  -------------------------------------------------------------------    -------------------

Slack:                    inf
  Source:                 idEx_rs1_reg[2]/C
                            (rising edge-triggered cell FDRE clocked by core_clock  {rise@0.000ns fall@5.000ns period=10.000ns})
  Destination:            io_imem_resp_ready
                            (output port)
  Path Group:             (none)
  Path Type:              Max at Slow Process Corner
  Data Path Delay:        8.448ns  (logic 2.476ns (29.309%)  route 5.972ns (70.691%))
  Logic Levels:           13  (CARRY4=3 LUT4=2 LUT5=4 LUT6=4)
  Clock Uncertainty:      0.025ns  ((TSJ^2 + TIJ^2)^1/2 + DJ) / 2 + PE
    Total System Jitter     (TSJ):    0.050ns
    Total Input Jitter      (TIJ):    0.000ns
    Discrete Jitter          (DJ):    0.000ns
    Phase Error              (PE):    0.000ns

    Location             Delay type                Incr(ns)  Path(ns)    Netlist Resource(s)
  -------------------------------------------------------------------    -------------------
                         (clock core_clock rise edge)
                                                      0.000     0.000 r  
                                                      0.000     0.000 r  clock (IN)
                         net (fo=1685, unset)         0.787     0.787    clock
                         FDRE                                         r  idEx_rs1_reg[2]/C
  -------------------------------------------------------------------    -------------------
                         FDRE (Prop_fdre_C_Q)         0.397     1.184 r  idEx_rs1_reg[2]/Q
                         net (fo=3, unplaced)         0.617     1.801    frontend/queue/ram_ext/D[2]
                         LUT4 (Prop_lut4_I1_O)        0.232     2.033 r  frontend/queue/ram_ext/io_imem_req_valid_INST_0_i_64/O
                         net (fo=1, unplaced)         0.807     2.840    frontend/queue/ram_ext/io_imem_req_valid_INST_0_i_64_n_0
                         LUT5 (Prop_lut5_I0_O)        0.105     2.945 f  frontend/queue/ram_ext/io_imem_req_valid_INST_0_i_24/O
                         net (fo=127, unplaced)       0.453     3.398    frontend/queue/ram_ext/exMem_rd_reg[2]
                         LUT6 (Prop_lut6_I5_O)        0.105     3.503 r  frontend/queue/ram_ext/io_imem_req_valid_INST_0_i_25/O
                         net (fo=31, unplaced)        0.652     4.155    frontend/queue/ram_ext/io_imem_req_valid_INST_0_i_25_n_0
                         LUT6 (Prop_lut6_I1_O)        0.105     4.260 r  frontend/queue/ram_ext/io_imem_req_valid_INST_0_i_11/O
                         net (fo=16, unplaced)        0.836     5.096    frontend/queue/ram_ext/memWb_writeData_reg[3]
                         LUT6 (Prop_lut6_I0_O)        0.105     5.201 r  frontend/queue/ram_ext/io_imem_req_valid_INST_0_i_121/O
                         net (fo=1, unplaced)         0.000     5.201    frontend/queue/ram_ext/io_imem_req_valid_INST_0_i_121_n_0
                         CARRY4 (Prop_carry4_S[1]_CO[3])
                                                      0.444     5.645 r  frontend/queue/ram_ext/io_imem_req_valid_INST_0_i_83/CO[3]
                         net (fo=1, unplaced)         0.008     5.653    frontend/queue/ram_ext/io_imem_req_valid_INST_0_i_83_n_0
                         CARRY4 (Prop_carry4_CI_CO[3])
                                                      0.100     5.753 r  frontend/queue/ram_ext/io_imem_req_valid_INST_0_i_42/CO[3]
                         net (fo=1, unplaced)         0.000     5.753    frontend/queue/ram_ext/io_imem_req_valid_INST_0_i_42_n_0
                         CARRY4 (Prop_carry4_CI_CO[2])
                                                      0.211     5.964 r  frontend/queue/ram_ext/io_imem_req_valid_INST_0_i_21/CO[2]
                         net (fo=1, unplaced)         0.349     6.313    frontend/queue/ram_ext/execute/data0
                         LUT5 (Prop_lut5_I4_O)        0.252     6.565 r  frontend/queue/ram_ext/io_imem_req_valid_INST_0_i_9/O
                         net (fo=1, unplaced)         0.328     6.893    frontend/queue/ram_ext/io_imem_req_valid_INST_0_i_9_n_0
                         LUT6 (Prop_lut6_I0_O)        0.105     6.998 f  frontend/queue/ram_ext/io_imem_req_valid_INST_0_i_6/O
                         net (fo=1, unplaced)         0.347     7.345    frontend/queue/ram_ext/io_imem_req_valid_INST_0_i_6_n_0
                         LUT4 (Prop_lut4_I3_O)        0.105     7.450 r  frontend/queue/ram_ext/io_imem_req_valid_INST_0_i_2/O
                         net (fo=2, unplaced)         0.358     7.808    frontend/queue/ram_ext/p_18_in
                         LUT5 (Prop_lut5_I1_O)        0.105     7.913 r  frontend/queue/ram_ext/io_imem_req_valid_INST_0_i_1/O
                         net (fo=51, unplaced)        0.430     8.343    frontend/queue/exMem_valid_reg
                         LUT5 (Prop_lut5_I1_O)        0.105     8.448 r  frontend/queue/io_imem_resp_ready_INST_0/O
                         net (fo=0)                   0.787     9.235    io_imem_resp_ready
                                                                      r  io_imem_resp_ready (OUT)
  -------------------------------------------------------------------    -------------------

Slack:                    inf
  Source:                 exMem_memRead_reg/C
                            (rising edge-triggered cell FDRE clocked by core_clock  {rise@0.000ns fall@5.000ns period=10.000ns})
  Destination:            io_trap_valid
                            (output port)
  Path Group:             (none)
  Path Type:              Max at Slow Process Corner
  Data Path Delay:        3.102ns  (logic 0.839ns (27.047%)  route 2.263ns (72.953%))
  Logic Levels:           3  (LUT3=1 LUT5=1 LUT6=1)
  Clock Uncertainty:      0.025ns  ((TSJ^2 + TIJ^2)^1/2 + DJ) / 2 + PE
    Total System Jitter     (TSJ):    0.050ns
    Total Input Jitter      (TIJ):    0.000ns
    Discrete Jitter          (DJ):    0.000ns
    Phase Error              (PE):    0.000ns

    Location             Delay type                Incr(ns)  Path(ns)    Netlist Resource(s)
  -------------------------------------------------------------------    -------------------
                         (clock core_clock rise edge)
                                                      0.000     0.000 r  
                                                      0.000     0.000 r  clock (IN)
                         net (fo=1685, unset)         0.787     0.787    clock
                         FDRE                                         r  exMem_memRead_reg/C
  -------------------------------------------------------------------    -------------------
                         FDRE (Prop_fdre_C_Q)         0.397     1.184 r  exMem_memRead_reg/Q
                         net (fo=35, unplaced)        0.730     1.914    frontend/queue/ram_ext/exMem_memRead
                         LUT5 (Prop_lut5_I0_O)        0.232     2.146 r  frontend/queue/ram_ext/io_dmem_req_valid_INST_0_i_1/O
                         net (fo=5, unplaced)         0.375     2.521    frontend/queue/ram_ext/p_21_in
                         LUT6 (Prop_lut6_I4_O)        0.105     2.626 r  frontend/queue/ram_ext/io_trap_valid_INST_0_i_1/O
                         net (fo=4, unplaced)         0.371     2.997    trapEvent
                         LUT3 (Prop_lut3_I0_O)        0.105     3.102 r  io_trap_valid_INST_0/O
                         net (fo=0)                   0.787     3.889    io_trap_valid
                                                                      r  io_trap_valid (OUT)
  -------------------------------------------------------------------    -------------------

Slack:                    inf
  Source:                 exMem_memRead_reg/C
                            (rising edge-triggered cell FDRE clocked by core_clock  {rise@0.000ns fall@5.000ns period=10.000ns})
  Destination:            io_trap_cause[0]
                            (output port)
  Path Group:             (none)
  Path Type:              Max at Slow Process Corner
  Data Path Delay:        3.078ns  (logic 0.839ns (27.258%)  route 2.239ns (72.742%))
  Logic Levels:           3  (LUT3=1 LUT5=2)
  Clock Uncertainty:      0.025ns  ((TSJ^2 + TIJ^2)^1/2 + DJ) / 2 + PE
    Total System Jitter     (TSJ):    0.050ns
    Total Input Jitter      (TIJ):    0.000ns
    Discrete Jitter          (DJ):    0.000ns
    Phase Error              (PE):    0.000ns

    Location             Delay type                Incr(ns)  Path(ns)    Netlist Resource(s)
  -------------------------------------------------------------------    -------------------
                         (clock core_clock rise edge)
                                                      0.000     0.000 r  
                                                      0.000     0.000 r  clock (IN)
                         net (fo=1685, unset)         0.787     0.787    clock
                         FDRE                                         r  exMem_memRead_reg/C
  -------------------------------------------------------------------    -------------------
                         FDRE (Prop_fdre_C_Q)         0.397     1.184 f  exMem_memRead_reg/Q
                         net (fo=35, unplaced)        0.730     1.914    frontend/queue/ram_ext/exMem_memRead
                         LUT5 (Prop_lut5_I0_O)        0.232     2.146 f  frontend/queue/ram_ext/io_dmem_req_valid_INST_0_i_1/O
                         net (fo=5, unplaced)         0.375     2.521    p_21_in
                         LUT5 (Prop_lut5_I0_O)        0.105     2.626 f  io_trap_cause[0]_INST_0_i_1/O
                         net (fo=1, unplaced)         0.347     2.973    memoryMisaligned
                         LUT3 (Prop_lut3_I1_O)        0.105     3.078 r  io_trap_cause[0]_INST_0/O
                         net (fo=0)                   0.787     3.865    io_trap_cause[0]
                                                                      r  io_trap_cause[0] (OUT)
  -------------------------------------------------------------------    -------------------

Slack:                    inf
  Source:                 exMem_storeData_reg[8]/C
                            (rising edge-triggered cell FDRE clocked by core_clock  {rise@0.000ns fall@5.000ns period=10.000ns})
  Destination:            io_dmem_req_bits_wdata[24]
                            (output port)
  Path Group:             (none)
  Path Type:              Max at Slow Process Corner
  Data Path Delay:        2.658ns  (logic 0.734ns (27.615%)  route 1.924ns (72.385%))
  Logic Levels:           2  (LUT5=1 LUT6=1)
  Clock Uncertainty:      0.025ns  ((TSJ^2 + TIJ^2)^1/2 + DJ) / 2 + PE
    Total System Jitter     (TSJ):    0.050ns
    Total Input Jitter      (TIJ):    0.000ns
    Discrete Jitter          (DJ):    0.000ns
    Phase Error              (PE):    0.000ns

    Location             Delay type                Incr(ns)  Path(ns)    Netlist Resource(s)
  -------------------------------------------------------------------    -------------------
                         (clock core_clock rise edge)
                                                      0.000     0.000 r  
                                                      0.000     0.000 r  clock (IN)
                         net (fo=1685, unset)         0.787     0.787    clock
                         FDRE                                         r  exMem_storeData_reg[8]/C
  -------------------------------------------------------------------    -------------------
                         FDRE (Prop_fdre_C_Q)         0.397     1.184 r  exMem_storeData_reg[8]/Q
                         net (fo=2, unplaced)         0.790     1.974    exMem_storeData[8]
                         LUT6 (Prop_lut6_I0_O)        0.232     2.206 r  io_dmem_req_bits_wdata[24]_INST_0_i_1/O
                         net (fo=1, unplaced)         0.347     2.553    io_dmem_req_bits_wdata[24]_INST_0_i_1_n_0
                         LUT5 (Prop_lut5_I4_O)        0.105     2.658 r  io_dmem_req_bits_wdata[24]_INST_0/O
                         net (fo=0)                   0.787     3.445    io_dmem_req_bits_wdata[24]
                                                                      r  io_dmem_req_bits_wdata[24] (OUT)
  -------------------------------------------------------------------    -------------------

Slack:                    inf
  Source:                 exMem_storeData_reg[9]/C
                            (rising edge-triggered cell FDRE clocked by core_clock  {rise@0.000ns fall@5.000ns period=10.000ns})
  Destination:            io_dmem_req_bits_wdata[25]
                            (output port)
  Path Group:             (none)
  Path Type:              Max at Slow Process Corner
  Data Path Delay:        2.658ns  (logic 0.734ns (27.615%)  route 1.924ns (72.385%))
  Logic Levels:           2  (LUT5=1 LUT6=1)
  Clock Uncertainty:      0.025ns  ((TSJ^2 + TIJ^2)^1/2 + DJ) / 2 + PE
    Total System Jitter     (TSJ):    0.050ns
    Total Input Jitter      (TIJ):    0.000ns
    Discrete Jitter          (DJ):    0.000ns
    Phase Error              (PE):    0.000ns

    Location             Delay type                Incr(ns)  Path(ns)    Netlist Resource(s)
  -------------------------------------------------------------------    -------------------
                         (clock core_clock rise edge)
                                                      0.000     0.000 r  
                                                      0.000     0.000 r  clock (IN)
                         net (fo=1685, unset)         0.787     0.787    clock
                         FDRE                                         r  exMem_storeData_reg[9]/C
  -------------------------------------------------------------------    -------------------
                         FDRE (Prop_fdre_C_Q)         0.397     1.184 r  exMem_storeData_reg[9]/Q
                         net (fo=2, unplaced)         0.790     1.974    exMem_storeData[9]
                         LUT6 (Prop_lut6_I0_O)        0.232     2.206 r  io_dmem_req_bits_wdata[25]_INST_0_i_1/O
                         net (fo=1, unplaced)         0.347     2.553    io_dmem_req_bits_wdata[25]_INST_0_i_1_n_0
                         LUT5 (Prop_lut5_I4_O)        0.105     2.658 r  io_dmem_req_bits_wdata[25]_INST_0/O
                         net (fo=0)                   0.787     3.445    io_dmem_req_bits_wdata[25]
                                                                      r  io_dmem_req_bits_wdata[25] (OUT)
  -------------------------------------------------------------------    -------------------

Slack:                    inf
  Source:                 exMem_storeData_reg[10]/C
                            (rising edge-triggered cell FDRE clocked by core_clock  {rise@0.000ns fall@5.000ns period=10.000ns})
  Destination:            io_dmem_req_bits_wdata[26]
                            (output port)
  Path Group:             (none)
  Path Type:              Max at Slow Process Corner
  Data Path Delay:        2.658ns  (logic 0.734ns (27.615%)  route 1.924ns (72.385%))
  Logic Levels:           2  (LUT5=1 LUT6=1)
  Clock Uncertainty:      0.025ns  ((TSJ^2 + TIJ^2)^1/2 + DJ) / 2 + PE
    Total System Jitter     (TSJ):    0.050ns
    Total Input Jitter      (TIJ):    0.000ns
    Discrete Jitter          (DJ):    0.000ns
    Phase Error              (PE):    0.000ns

    Location             Delay type                Incr(ns)  Path(ns)    Netlist Resource(s)
  -------------------------------------------------------------------    -------------------
                         (clock core_clock rise edge)
                                                      0.000     0.000 r  
                                                      0.000     0.000 r  clock (IN)
                         net (fo=1685, unset)         0.787     0.787    clock
                         FDRE                                         r  exMem_storeData_reg[10]/C
  -------------------------------------------------------------------    -------------------
                         FDRE (Prop_fdre_C_Q)         0.397     1.184 r  exMem_storeData_reg[10]/Q
                         net (fo=2, unplaced)         0.790     1.974    exMem_storeData[10]
                         LUT6 (Prop_lut6_I0_O)        0.232     2.206 r  io_dmem_req_bits_wdata[26]_INST_0_i_1/O
                         net (fo=1, unplaced)         0.347     2.553    io_dmem_req_bits_wdata[26]_INST_0_i_1_n_0
                         LUT5 (Prop_lut5_I4_O)        0.105     2.658 r  io_dmem_req_bits_wdata[26]_INST_0/O
                         net (fo=0)                   0.787     3.445    io_dmem_req_bits_wdata[26]
                                                                      r  io_dmem_req_bits_wdata[26] (OUT)
  -------------------------------------------------------------------    -------------------

Slack:                    inf
  Source:                 exMem_storeData_reg[11]/C
                            (rising edge-triggered cell FDRE clocked by core_clock  {rise@0.000ns fall@5.000ns period=10.000ns})
  Destination:            io_dmem_req_bits_wdata[27]
                            (output port)
  Path Group:             (none)
  Path Type:              Max at Slow Process Corner
  Data Path Delay:        2.658ns  (logic 0.734ns (27.615%)  route 1.924ns (72.385%))
  Logic Levels:           2  (LUT5=1 LUT6=1)
  Clock Uncertainty:      0.025ns  ((TSJ^2 + TIJ^2)^1/2 + DJ) / 2 + PE
    Total System Jitter     (TSJ):    0.050ns
    Total Input Jitter      (TIJ):    0.000ns
    Discrete Jitter          (DJ):    0.000ns
    Phase Error              (PE):    0.000ns

    Location             Delay type                Incr(ns)  Path(ns)    Netlist Resource(s)
  -------------------------------------------------------------------    -------------------
                         (clock core_clock rise edge)
                                                      0.000     0.000 r  
                                                      0.000     0.000 r  clock (IN)
                         net (fo=1685, unset)         0.787     0.787    clock
                         FDRE                                         r  exMem_storeData_reg[11]/C
  -------------------------------------------------------------------    -------------------
                         FDRE (Prop_fdre_C_Q)         0.397     1.184 r  exMem_storeData_reg[11]/Q
                         net (fo=2, unplaced)         0.790     1.974    exMem_storeData[11]
                         LUT6 (Prop_lut6_I0_O)        0.232     2.206 r  io_dmem_req_bits_wdata[27]_INST_0_i_1/O
                         net (fo=1, unplaced)         0.347     2.553    io_dmem_req_bits_wdata[27]_INST_0_i_1_n_0
                         LUT5 (Prop_lut5_I4_O)        0.105     2.658 r  io_dmem_req_bits_wdata[27]_INST_0/O
                         net (fo=0)                   0.787     3.445    io_dmem_req_bits_wdata[27]
                                                                      r  io_dmem_req_bits_wdata[27] (OUT)
  -------------------------------------------------------------------    -------------------

Slack:                    inf
  Source:                 exMem_storeData_reg[12]/C
                            (rising edge-triggered cell FDRE clocked by core_clock  {rise@0.000ns fall@5.000ns period=10.000ns})
  Destination:            io_dmem_req_bits_wdata[28]
                            (output port)
  Path Group:             (none)
  Path Type:              Max at Slow Process Corner
  Data Path Delay:        2.658ns  (logic 0.734ns (27.615%)  route 1.924ns (72.385%))
  Logic Levels:           2  (LUT5=1 LUT6=1)
  Clock Uncertainty:      0.025ns  ((TSJ^2 + TIJ^2)^1/2 + DJ) / 2 + PE
    Total System Jitter     (TSJ):    0.050ns
    Total Input Jitter      (TIJ):    0.000ns
    Discrete Jitter          (DJ):    0.000ns
    Phase Error              (PE):    0.000ns

    Location             Delay type                Incr(ns)  Path(ns)    Netlist Resource(s)
  -------------------------------------------------------------------    -------------------
                         (clock core_clock rise edge)
                                                      0.000     0.000 r  
                                                      0.000     0.000 r  clock (IN)
                         net (fo=1685, unset)         0.787     0.787    clock
                         FDRE                                         r  exMem_storeData_reg[12]/C
  -------------------------------------------------------------------    -------------------
                         FDRE (Prop_fdre_C_Q)         0.397     1.184 r  exMem_storeData_reg[12]/Q
                         net (fo=2, unplaced)         0.790     1.974    exMem_storeData[12]
                         LUT6 (Prop_lut6_I0_O)        0.232     2.206 r  io_dmem_req_bits_wdata[28]_INST_0_i_1/O
                         net (fo=1, unplaced)         0.347     2.553    io_dmem_req_bits_wdata[28]_INST_0_i_1_n_0
                         LUT5 (Prop_lut5_I4_O)        0.105     2.658 r  io_dmem_req_bits_wdata[28]_INST_0/O
                         net (fo=0)                   0.787     3.445    io_dmem_req_bits_wdata[28]
                                                                      r  io_dmem_req_bits_wdata[28] (OUT)
  -------------------------------------------------------------------    -------------------

Slack:                    inf
  Source:                 exMem_storeData_reg[13]/C
                            (rising edge-triggered cell FDRE clocked by core_clock  {rise@0.000ns fall@5.000ns period=10.000ns})
  Destination:            io_dmem_req_bits_wdata[29]
                            (output port)
  Path Group:             (none)
  Path Type:              Max at Slow Process Corner
  Data Path Delay:        2.658ns  (logic 0.734ns (27.615%)  route 1.924ns (72.385%))
  Logic Levels:           2  (LUT5=1 LUT6=1)
  Clock Uncertainty:      0.025ns  ((TSJ^2 + TIJ^2)^1/2 + DJ) / 2 + PE
    Total System Jitter     (TSJ):    0.050ns
    Total Input Jitter      (TIJ):    0.000ns
    Discrete Jitter          (DJ):    0.000ns
    Phase Error              (PE):    0.000ns

    Location             Delay type                Incr(ns)  Path(ns)    Netlist Resource(s)
  -------------------------------------------------------------------    -------------------
                         (clock core_clock rise edge)
                                                      0.000     0.000 r  
                                                      0.000     0.000 r  clock (IN)
                         net (fo=1685, unset)         0.787     0.787    clock
                         FDRE                                         r  exMem_storeData_reg[13]/C
  -------------------------------------------------------------------    -------------------
                         FDRE (Prop_fdre_C_Q)         0.397     1.184 r  exMem_storeData_reg[13]/Q
                         net (fo=2, unplaced)         0.790     1.974    exMem_storeData[13]
                         LUT6 (Prop_lut6_I0_O)        0.232     2.206 r  io_dmem_req_bits_wdata[29]_INST_0_i_1/O
                         net (fo=1, unplaced)         0.347     2.553    io_dmem_req_bits_wdata[29]_INST_0_i_1_n_0
                         LUT5 (Prop_lut5_I4_O)        0.105     2.658 r  io_dmem_req_bits_wdata[29]_INST_0/O
                         net (fo=0)                   0.787     3.445    io_dmem_req_bits_wdata[29]
                                                                      r  io_dmem_req_bits_wdata[29] (OUT)
  -------------------------------------------------------------------    -------------------





--------------------------------------------------------------------------------------
Path Group:  (none)
From Clock:  
  To Clock:  core_clock

Max Delay          2319 Endpoints
Min Delay             0 Endpoints
--------------------------------------------------------------------------------------


Max Delay Paths
--------------------------------------------------------------------------------------
Slack:                    inf
  Source:                 io_dmem_resp_valid
                            (input port)
  Destination:            ifId_fetchError_reg/CE
                            (rising edge-triggered cell FDRE clocked by core_clock  {rise@0.000ns fall@5.000ns period=10.000ns})
  Path Group:             (none)
  Path Type:              Setup (Max at Slow Process Corner)
  Data Path Delay:        3.992ns  (logic 0.525ns (13.151%)  route 3.467ns (86.849%))
  Logic Levels:           5  (LUT2=1 LUT5=2 LUT6=2)
  Clock Path Skew:        0.748ns (DCD - SCD + CPR)
    Destination Clock Delay (DCD):    0.748ns
    Source Clock Delay      (SCD):    0.000ns
    Clock Pessimism Removal (CPR):    0.000ns

    Location             Delay type                Incr(ns)  Path(ns)    Netlist Resource(s)
  -------------------------------------------------------------------    -------------------
                                                      0.000     0.000 r  io_dmem_resp_valid (IN)
                         net (fo=2, unset)            0.787     0.787    frontend/queue/ram_ext/io_dmem_resp_valid
                         LUT2 (Prop_lut2_I1_O)        0.105     0.892 r  frontend/queue/ram_ext/io_trap_valid_INST_0_i_2/O
                         net (fo=1, unplaced)         0.582     1.474    frontend/queue/ram_ext/p_20_in
                         LUT6 (Prop_lut6_I2_O)        0.105     1.579 r  frontend/queue/ram_ext/io_trap_valid_INST_0_i_1/O
                         net (fo=4, unplaced)         0.831     2.410    frontend/queue/ram_ext/trapEvent
                         LUT5 (Prop_lut5_I0_O)        0.105     2.515 f  frontend/queue/ram_ext/io_imem_req_valid_INST_0_i_1/O
                         net (fo=51, unplaced)        0.430     2.945    redirectValid
                         LUT5 (Prop_lut5_I1_O)        0.105     3.050 f  haltedReg_i_2/O
                         net (fo=6, unplaced)         0.379     3.429    frontend/queue/_control_io_action[0]
                         LUT6 (Prop_lut6_I5_O)        0.105     3.534 r  frontend/queue/ifId_fetchError_i_1/O
                         net (fo=74, unplaced)        0.458     3.992    frontend_n_11
                         FDRE                                         r  ifId_fetchError_reg/CE
  -------------------------------------------------------------------    -------------------

                         (clock core_clock rise edge)
                                                      0.000     0.000 r  
                                                      0.000     0.000 r  clock (IN)
                         net (fo=1685, unset)         0.748     0.748    clock
                         FDRE                                         r  ifId_fetchError_reg/C

Slack:                    inf
  Source:                 io_dmem_resp_valid
                            (input port)
  Destination:            ifId_inst_reg[0]/CE
                            (rising edge-triggered cell FDRE clocked by core_clock  {rise@0.000ns fall@5.000ns period=10.000ns})
  Path Group:             (none)
  Path Type:              Setup (Max at Slow Process Corner)
  Data Path Delay:        3.992ns  (logic 0.525ns (13.151%)  route 3.467ns (86.849%))
  Logic Levels:           5  (LUT2=1 LUT5=2 LUT6=2)
  Clock Path Skew:        0.748ns (DCD - SCD + CPR)
    Destination Clock Delay (DCD):    0.748ns
    Source Clock Delay      (SCD):    0.000ns
    Clock Pessimism Removal (CPR):    0.000ns

    Location             Delay type                Incr(ns)  Path(ns)    Netlist Resource(s)
  -------------------------------------------------------------------    -------------------
                                                      0.000     0.000 r  io_dmem_resp_valid (IN)
                         net (fo=2, unset)            0.787     0.787    frontend/queue/ram_ext/io_dmem_resp_valid
                         LUT2 (Prop_lut2_I1_O)        0.105     0.892 r  frontend/queue/ram_ext/io_trap_valid_INST_0_i_2/O
                         net (fo=1, unplaced)         0.582     1.474    frontend/queue/ram_ext/p_20_in
                         LUT6 (Prop_lut6_I2_O)        0.105     1.579 r  frontend/queue/ram_ext/io_trap_valid_INST_0_i_1/O
                         net (fo=4, unplaced)         0.831     2.410    frontend/queue/ram_ext/trapEvent
                         LUT5 (Prop_lut5_I0_O)        0.105     2.515 f  frontend/queue/ram_ext/io_imem_req_valid_INST_0_i_1/O
                         net (fo=51, unplaced)        0.430     2.945    redirectValid
                         LUT5 (Prop_lut5_I1_O)        0.105     3.050 f  haltedReg_i_2/O
                         net (fo=6, unplaced)         0.379     3.429    frontend/queue/_control_io_action[0]
                         LUT6 (Prop_lut6_I5_O)        0.105     3.534 r  frontend/queue/ifId_fetchError_i_1/O
                         net (fo=74, unplaced)        0.458     3.992    frontend_n_11
                         FDRE                                         r  ifId_inst_reg[0]/CE
  -------------------------------------------------------------------    -------------------

                         (clock core_clock rise edge)
                                                      0.000     0.000 r  
                                                      0.000     0.000 r  clock (IN)
                         net (fo=1685, unset)         0.748     0.748    clock
                         FDRE                                         r  ifId_inst_reg[0]/C

Slack:                    inf
  Source:                 io_dmem_resp_valid
                            (input port)
  Destination:            ifId_inst_reg[10]/CE
                            (rising edge-triggered cell FDRE clocked by core_clock  {rise@0.000ns fall@5.000ns period=10.000ns})
  Path Group:             (none)
  Path Type:              Setup (Max at Slow Process Corner)
  Data Path Delay:        3.992ns  (logic 0.525ns (13.151%)  route 3.467ns (86.849%))
  Logic Levels:           5  (LUT2=1 LUT5=2 LUT6=2)
  Clock Path Skew:        0.748ns (DCD - SCD + CPR)
    Destination Clock Delay (DCD):    0.748ns
    Source Clock Delay      (SCD):    0.000ns
    Clock Pessimism Removal (CPR):    0.000ns

    Location             Delay type                Incr(ns)  Path(ns)    Netlist Resource(s)
  -------------------------------------------------------------------    -------------------
                                                      0.000     0.000 r  io_dmem_resp_valid (IN)
                         net (fo=2, unset)            0.787     0.787    frontend/queue/ram_ext/io_dmem_resp_valid
                         LUT2 (Prop_lut2_I1_O)        0.105     0.892 r  frontend/queue/ram_ext/io_trap_valid_INST_0_i_2/O
                         net (fo=1, unplaced)         0.582     1.474    frontend/queue/ram_ext/p_20_in
                         LUT6 (Prop_lut6_I2_O)        0.105     1.579 r  frontend/queue/ram_ext/io_trap_valid_INST_0_i_1/O
                         net (fo=4, unplaced)         0.831     2.410    frontend/queue/ram_ext/trapEvent
                         LUT5 (Prop_lut5_I0_O)        0.105     2.515 f  frontend/queue/ram_ext/io_imem_req_valid_INST_0_i_1/O
                         net (fo=51, unplaced)        0.430     2.945    redirectValid
                         LUT5 (Prop_lut5_I1_O)        0.105     3.050 f  haltedReg_i_2/O
                         net (fo=6, unplaced)         0.379     3.429    frontend/queue/_control_io_action[0]
                         LUT6 (Prop_lut6_I5_O)        0.105     3.534 r  frontend/queue/ifId_fetchError_i_1/O
                         net (fo=74, unplaced)        0.458     3.992    frontend_n_11
                         FDRE                                         r  ifId_inst_reg[10]/CE
  -------------------------------------------------------------------    -------------------

                         (clock core_clock rise edge)
                                                      0.000     0.000 r  
                                                      0.000     0.000 r  clock (IN)
                         net (fo=1685, unset)         0.748     0.748    clock
                         FDRE                                         r  ifId_inst_reg[10]/C

Slack:                    inf
  Source:                 io_dmem_resp_valid
                            (input port)
  Destination:            ifId_inst_reg[11]/CE
                            (rising edge-triggered cell FDRE clocked by core_clock  {rise@0.000ns fall@5.000ns period=10.000ns})
  Path Group:             (none)
  Path Type:              Setup (Max at Slow Process Corner)
  Data Path Delay:        3.992ns  (logic 0.525ns (13.151%)  route 3.467ns (86.849%))
  Logic Levels:           5  (LUT2=1 LUT5=2 LUT6=2)
  Clock Path Skew:        0.748ns (DCD - SCD + CPR)
    Destination Clock Delay (DCD):    0.748ns
    Source Clock Delay      (SCD):    0.000ns
    Clock Pessimism Removal (CPR):    0.000ns

    Location             Delay type                Incr(ns)  Path(ns)    Netlist Resource(s)
  -------------------------------------------------------------------    -------------------
                                                      0.000     0.000 r  io_dmem_resp_valid (IN)
                         net (fo=2, unset)            0.787     0.787    frontend/queue/ram_ext/io_dmem_resp_valid
                         LUT2 (Prop_lut2_I1_O)        0.105     0.892 r  frontend/queue/ram_ext/io_trap_valid_INST_0_i_2/O
                         net (fo=1, unplaced)         0.582     1.474    frontend/queue/ram_ext/p_20_in
                         LUT6 (Prop_lut6_I2_O)        0.105     1.579 r  frontend/queue/ram_ext/io_trap_valid_INST_0_i_1/O
                         net (fo=4, unplaced)         0.831     2.410    frontend/queue/ram_ext/trapEvent
                         LUT5 (Prop_lut5_I0_O)        0.105     2.515 f  frontend/queue/ram_ext/io_imem_req_valid_INST_0_i_1/O
                         net (fo=51, unplaced)        0.430     2.945    redirectValid
                         LUT5 (Prop_lut5_I1_O)        0.105     3.050 f  haltedReg_i_2/O
                         net (fo=6, unplaced)         0.379     3.429    frontend/queue/_control_io_action[0]
                         LUT6 (Prop_lut6_I5_O)        0.105     3.534 r  frontend/queue/ifId_fetchError_i_1/O
                         net (fo=74, unplaced)        0.458     3.992    frontend_n_11
                         FDRE                                         r  ifId_inst_reg[11]/CE
  -------------------------------------------------------------------    -------------------

                         (clock core_clock rise edge)
                                                      0.000     0.000 r  
                                                      0.000     0.000 r  clock (IN)
                         net (fo=1685, unset)         0.748     0.748    clock
                         FDRE                                         r  ifId_inst_reg[11]/C

Slack:                    inf
  Source:                 io_dmem_resp_valid
                            (input port)
  Destination:            ifId_inst_reg[12]/CE
                            (rising edge-triggered cell FDRE clocked by core_clock  {rise@0.000ns fall@5.000ns period=10.000ns})
  Path Group:             (none)
  Path Type:              Setup (Max at Slow Process Corner)
  Data Path Delay:        3.992ns  (logic 0.525ns (13.151%)  route 3.467ns (86.849%))
  Logic Levels:           5  (LUT2=1 LUT5=2 LUT6=2)
  Clock Path Skew:        0.748ns (DCD - SCD + CPR)
    Destination Clock Delay (DCD):    0.748ns
    Source Clock Delay      (SCD):    0.000ns
    Clock Pessimism Removal (CPR):    0.000ns

    Location             Delay type                Incr(ns)  Path(ns)    Netlist Resource(s)
  -------------------------------------------------------------------    -------------------
                                                      0.000     0.000 r  io_dmem_resp_valid (IN)
                         net (fo=2, unset)            0.787     0.787    frontend/queue/ram_ext/io_dmem_resp_valid
                         LUT2 (Prop_lut2_I1_O)        0.105     0.892 r  frontend/queue/ram_ext/io_trap_valid_INST_0_i_2/O
                         net (fo=1, unplaced)         0.582     1.474    frontend/queue/ram_ext/p_20_in
                         LUT6 (Prop_lut6_I2_O)        0.105     1.579 r  frontend/queue/ram_ext/io_trap_valid_INST_0_i_1/O
                         net (fo=4, unplaced)         0.831     2.410    frontend/queue/ram_ext/trapEvent
                         LUT5 (Prop_lut5_I0_O)        0.105     2.515 f  frontend/queue/ram_ext/io_imem_req_valid_INST_0_i_1/O
                         net (fo=51, unplaced)        0.430     2.945    redirectValid
                         LUT5 (Prop_lut5_I1_O)        0.105     3.050 f  haltedReg_i_2/O
                         net (fo=6, unplaced)         0.379     3.429    frontend/queue/_control_io_action[0]
                         LUT6 (Prop_lut6_I5_O)        0.105     3.534 r  frontend/queue/ifId_fetchError_i_1/O
                         net (fo=74, unplaced)        0.458     3.992    frontend_n_11
                         FDRE                                         r  ifId_inst_reg[12]/CE
  -------------------------------------------------------------------    -------------------

                         (clock core_clock rise edge)
                                                      0.000     0.000 r  
                                                      0.000     0.000 r  clock (IN)
                         net (fo=1685, unset)         0.748     0.748    clock
                         FDRE                                         r  ifId_inst_reg[12]/C

Slack:                    inf
  Source:                 io_dmem_resp_valid
                            (input port)
  Destination:            ifId_inst_reg[13]/CE
                            (rising edge-triggered cell FDRE clocked by core_clock  {rise@0.000ns fall@5.000ns period=10.000ns})
  Path Group:             (none)
  Path Type:              Setup (Max at Slow Process Corner)
  Data Path Delay:        3.992ns  (logic 0.525ns (13.151%)  route 3.467ns (86.849%))
  Logic Levels:           5  (LUT2=1 LUT5=2 LUT6=2)
  Clock Path Skew:        0.748ns (DCD - SCD + CPR)
    Destination Clock Delay (DCD):    0.748ns
    Source Clock Delay      (SCD):    0.000ns
    Clock Pessimism Removal (CPR):    0.000ns

    Location             Delay type                Incr(ns)  Path(ns)    Netlist Resource(s)
  -------------------------------------------------------------------    -------------------
                                                      0.000     0.000 r  io_dmem_resp_valid (IN)
                         net (fo=2, unset)            0.787     0.787    frontend/queue/ram_ext/io_dmem_resp_valid
                         LUT2 (Prop_lut2_I1_O)        0.105     0.892 r  frontend/queue/ram_ext/io_trap_valid_INST_0_i_2/O
                         net (fo=1, unplaced)         0.582     1.474    frontend/queue/ram_ext/p_20_in
                         LUT6 (Prop_lut6_I2_O)        0.105     1.579 r  frontend/queue/ram_ext/io_trap_valid_INST_0_i_1/O
                         net (fo=4, unplaced)         0.831     2.410    frontend/queue/ram_ext/trapEvent
                         LUT5 (Prop_lut5_I0_O)        0.105     2.515 f  frontend/queue/ram_ext/io_imem_req_valid_INST_0_i_1/O
                         net (fo=51, unplaced)        0.430     2.945    redirectValid
                         LUT5 (Prop_lut5_I1_O)        0.105     3.050 f  haltedReg_i_2/O
                         net (fo=6, unplaced)         0.379     3.429    frontend/queue/_control_io_action[0]
                         LUT6 (Prop_lut6_I5_O)        0.105     3.534 r  frontend/queue/ifId_fetchError_i_1/O
                         net (fo=74, unplaced)        0.458     3.992    frontend_n_11
                         FDRE                                         r  ifId_inst_reg[13]/CE
  -------------------------------------------------------------------    -------------------

                         (clock core_clock rise edge)
                                                      0.000     0.000 r  
                                                      0.000     0.000 r  clock (IN)
                         net (fo=1685, unset)         0.748     0.748    clock
                         FDRE                                         r  ifId_inst_reg[13]/C

Slack:                    inf
  Source:                 io_dmem_resp_valid
                            (input port)
  Destination:            ifId_inst_reg[14]/CE
                            (rising edge-triggered cell FDRE clocked by core_clock  {rise@0.000ns fall@5.000ns period=10.000ns})
  Path Group:             (none)
  Path Type:              Setup (Max at Slow Process Corner)
  Data Path Delay:        3.992ns  (logic 0.525ns (13.151%)  route 3.467ns (86.849%))
  Logic Levels:           5  (LUT2=1 LUT5=2 LUT6=2)
  Clock Path Skew:        0.748ns (DCD - SCD + CPR)
    Destination Clock Delay (DCD):    0.748ns
    Source Clock Delay      (SCD):    0.000ns
    Clock Pessimism Removal (CPR):    0.000ns

    Location             Delay type                Incr(ns)  Path(ns)    Netlist Resource(s)
  -------------------------------------------------------------------    -------------------
                                                      0.000     0.000 r  io_dmem_resp_valid (IN)
                         net (fo=2, unset)            0.787     0.787    frontend/queue/ram_ext/io_dmem_resp_valid
                         LUT2 (Prop_lut2_I1_O)        0.105     0.892 r  frontend/queue/ram_ext/io_trap_valid_INST_0_i_2/O
                         net (fo=1, unplaced)         0.582     1.474    frontend/queue/ram_ext/p_20_in
                         LUT6 (Prop_lut6_I2_O)        0.105     1.579 r  frontend/queue/ram_ext/io_trap_valid_INST_0_i_1/O
                         net (fo=4, unplaced)         0.831     2.410    frontend/queue/ram_ext/trapEvent
                         LUT5 (Prop_lut5_I0_O)        0.105     2.515 f  frontend/queue/ram_ext/io_imem_req_valid_INST_0_i_1/O
                         net (fo=51, unplaced)        0.430     2.945    redirectValid
                         LUT5 (Prop_lut5_I1_O)        0.105     3.050 f  haltedReg_i_2/O
                         net (fo=6, unplaced)         0.379     3.429    frontend/queue/_control_io_action[0]
                         LUT6 (Prop_lut6_I5_O)        0.105     3.534 r  frontend/queue/ifId_fetchError_i_1/O
                         net (fo=74, unplaced)        0.458     3.992    frontend_n_11
                         FDRE                                         r  ifId_inst_reg[14]/CE
  -------------------------------------------------------------------    -------------------

                         (clock core_clock rise edge)
                                                      0.000     0.000 r  
                                                      0.000     0.000 r  clock (IN)
                         net (fo=1685, unset)         0.748     0.748    clock
                         FDRE                                         r  ifId_inst_reg[14]/C

Slack:                    inf
  Source:                 io_dmem_resp_valid
                            (input port)
  Destination:            ifId_inst_reg[15]/CE
                            (rising edge-triggered cell FDRE clocked by core_clock  {rise@0.000ns fall@5.000ns period=10.000ns})
  Path Group:             (none)
  Path Type:              Setup (Max at Slow Process Corner)
  Data Path Delay:        3.992ns  (logic 0.525ns (13.151%)  route 3.467ns (86.849%))
  Logic Levels:           5  (LUT2=1 LUT5=2 LUT6=2)
  Clock Path Skew:        0.748ns (DCD - SCD + CPR)
    Destination Clock Delay (DCD):    0.748ns
    Source Clock Delay      (SCD):    0.000ns
    Clock Pessimism Removal (CPR):    0.000ns

    Location             Delay type                Incr(ns)  Path(ns)    Netlist Resource(s)
  -------------------------------------------------------------------    -------------------
                                                      0.000     0.000 r  io_dmem_resp_valid (IN)
                         net (fo=2, unset)            0.787     0.787    frontend/queue/ram_ext/io_dmem_resp_valid
                         LUT2 (Prop_lut2_I1_O)        0.105     0.892 r  frontend/queue/ram_ext/io_trap_valid_INST_0_i_2/O
                         net (fo=1, unplaced)         0.582     1.474    frontend/queue/ram_ext/p_20_in
                         LUT6 (Prop_lut6_I2_O)        0.105     1.579 r  frontend/queue/ram_ext/io_trap_valid_INST_0_i_1/O
                         net (fo=4, unplaced)         0.831     2.410    frontend/queue/ram_ext/trapEvent
                         LUT5 (Prop_lut5_I0_O)        0.105     2.515 f  frontend/queue/ram_ext/io_imem_req_valid_INST_0_i_1/O
                         net (fo=51, unplaced)        0.430     2.945    redirectValid
                         LUT5 (Prop_lut5_I1_O)        0.105     3.050 f  haltedReg_i_2/O
                         net (fo=6, unplaced)         0.379     3.429    frontend/queue/_control_io_action[0]
                         LUT6 (Prop_lut6_I5_O)        0.105     3.534 r  frontend/queue/ifId_fetchError_i_1/O
                         net (fo=74, unplaced)        0.458     3.992    frontend_n_11
                         FDRE                                         r  ifId_inst_reg[15]/CE
  -------------------------------------------------------------------    -------------------

                         (clock core_clock rise edge)
                                                      0.000     0.000 r  
                                                      0.000     0.000 r  clock (IN)
                         net (fo=1685, unset)         0.748     0.748    clock
                         FDRE                                         r  ifId_inst_reg[15]/C

Slack:                    inf
  Source:                 io_dmem_resp_valid
                            (input port)
  Destination:            ifId_inst_reg[15]_rep/CE
                            (rising edge-triggered cell FDRE clocked by core_clock  {rise@0.000ns fall@5.000ns period=10.000ns})
  Path Group:             (none)
  Path Type:              Setup (Max at Slow Process Corner)
  Data Path Delay:        3.992ns  (logic 0.525ns (13.151%)  route 3.467ns (86.849%))
  Logic Levels:           5  (LUT2=1 LUT5=2 LUT6=2)
  Clock Path Skew:        0.748ns (DCD - SCD + CPR)
    Destination Clock Delay (DCD):    0.748ns
    Source Clock Delay      (SCD):    0.000ns
    Clock Pessimism Removal (CPR):    0.000ns

    Location             Delay type                Incr(ns)  Path(ns)    Netlist Resource(s)
  -------------------------------------------------------------------    -------------------
                                                      0.000     0.000 r  io_dmem_resp_valid (IN)
                         net (fo=2, unset)            0.787     0.787    frontend/queue/ram_ext/io_dmem_resp_valid
                         LUT2 (Prop_lut2_I1_O)        0.105     0.892 r  frontend/queue/ram_ext/io_trap_valid_INST_0_i_2/O
                         net (fo=1, unplaced)         0.582     1.474    frontend/queue/ram_ext/p_20_in
                         LUT6 (Prop_lut6_I2_O)        0.105     1.579 r  frontend/queue/ram_ext/io_trap_valid_INST_0_i_1/O
                         net (fo=4, unplaced)         0.831     2.410    frontend/queue/ram_ext/trapEvent
                         LUT5 (Prop_lut5_I0_O)        0.105     2.515 f  frontend/queue/ram_ext/io_imem_req_valid_INST_0_i_1/O
                         net (fo=51, unplaced)        0.430     2.945    redirectValid
                         LUT5 (Prop_lut5_I1_O)        0.105     3.050 f  haltedReg_i_2/O
                         net (fo=6, unplaced)         0.379     3.429    frontend/queue/_control_io_action[0]
                         LUT6 (Prop_lut6_I5_O)        0.105     3.534 r  frontend/queue/ifId_fetchError_i_1/O
                         net (fo=74, unplaced)        0.458     3.992    frontend_n_11
                         FDRE                                         r  ifId_inst_reg[15]_rep/CE
  -------------------------------------------------------------------    -------------------

                         (clock core_clock rise edge)
                                                      0.000     0.000 r  
                                                      0.000     0.000 r  clock (IN)
                         net (fo=1685, unset)         0.748     0.748    clock
                         FDRE                                         r  ifId_inst_reg[15]_rep/C

Slack:                    inf
  Source:                 io_dmem_resp_valid
                            (input port)
  Destination:            ifId_inst_reg[15]_rep__0/CE
                            (rising edge-triggered cell FDRE clocked by core_clock  {rise@0.000ns fall@5.000ns period=10.000ns})
  Path Group:             (none)
  Path Type:              Setup (Max at Slow Process Corner)
  Data Path Delay:        3.992ns  (logic 0.525ns (13.151%)  route 3.467ns (86.849%))
  Logic Levels:           5  (LUT2=1 LUT5=2 LUT6=2)
  Clock Path Skew:        0.748ns (DCD - SCD + CPR)
    Destination Clock Delay (DCD):    0.748ns
    Source Clock Delay      (SCD):    0.000ns
    Clock Pessimism Removal (CPR):    0.000ns

    Location             Delay type                Incr(ns)  Path(ns)    Netlist Resource(s)
  -------------------------------------------------------------------    -------------------
                                                      0.000     0.000 r  io_dmem_resp_valid (IN)
                         net (fo=2, unset)            0.787     0.787    frontend/queue/ram_ext/io_dmem_resp_valid
                         LUT2 (Prop_lut2_I1_O)        0.105     0.892 r  frontend/queue/ram_ext/io_trap_valid_INST_0_i_2/O
                         net (fo=1, unplaced)         0.582     1.474    frontend/queue/ram_ext/p_20_in
                         LUT6 (Prop_lut6_I2_O)        0.105     1.579 r  frontend/queue/ram_ext/io_trap_valid_INST_0_i_1/O
                         net (fo=4, unplaced)         0.831     2.410    frontend/queue/ram_ext/trapEvent
                         LUT5 (Prop_lut5_I0_O)        0.105     2.515 f  frontend/queue/ram_ext/io_imem_req_valid_INST_0_i_1/O
                         net (fo=51, unplaced)        0.430     2.945    redirectValid
                         LUT5 (Prop_lut5_I1_O)        0.105     3.050 f  haltedReg_i_2/O
                         net (fo=6, unplaced)         0.379     3.429    frontend/queue/_control_io_action[0]
                         LUT6 (Prop_lut6_I5_O)        0.105     3.534 r  frontend/queue/ifId_fetchError_i_1/O
                         net (fo=74, unplaced)        0.458     3.992    frontend_n_11
                         FDRE                                         r  ifId_inst_reg[15]_rep__0/CE
  -------------------------------------------------------------------    -------------------

                         (clock core_clock rise edge)
                                                      0.000     0.000 r  
                                                      0.000     0.000 r  clock (IN)
                         net (fo=1685, unset)         0.748     0.748    clock
                         FDRE                                         r  ifId_inst_reg[15]_rep__0/C





